#,,,,,,,,,,,,,,,,,,,,,,,,,,,,,,,
"# U.S. Geological Survey, National Water Information System",,,,,,,,,,,,,,,,,,,,,,,,,,,,,,,
# Surface water measurements,,,,,,,,,,,,,,,,,,,,,,,,,,,,,,,
#,,,,,,,,,,,,,,,,,,,,,,,,,,,,,,,
# Retrieved: 2018-12-11 20:47:55 EST     (sdww01),,,,,,,,,,,,,,,,,,,,,,,,,,,,,,,
#,,,,,,,,,,,,,,,,,,,,,,,,,,,,,,,
# Further descriptions of the columns and codes used can be found at:,,,,,,,,,,,,,,,,,,,,,,,,,,,,,,,
# https://help.waterdata.usgs.gov/output-formats#streamflow_measurement_data,,,,,,,,,,,,,,,,,,,,,,,,,,,,,,,
#,,,,,,,,,,,,,,,,,,,,,,,,,,,,,,,
# Data for the following 1 site(s) are contained in this file,,,,,,,,,,,,,,,,,,,,,,,,,,,,,,,
"#  USGS 02322500 SANTA FE RIVER NEAR FORT WHITE, FLA.",,,,,,,,,,,,,,,,,,,,,,,,,,,,,,,
# -----------------------------------------------------------------------------------,,,,,,,,,,,,,,,,,,,,,,,,,,,,,,,
#,,,,,,,,,,,,,,,,,,,,,,,,,,,,,,,
#,,,,,,,,,,,,,,,,,,,,,,,,,,,,,,,
agency_cd,site_no,measurement_nu,measurement_dt,tz_cd,q_meas_used_fg,party_nm,site_visit_coll_agency_cd,gage_height_va,discharge_va,measured_rating_diff,gage_va_change,gage_va_time,control_type_cd,discharge_cd,chan_nu,chan_name,meas_type,streamflow_method,velocity_method,chan_discharge,chan_width,chan_area,chan_velocity,chan_stability,chan_material,chan_evenness,long_vel_desc,horz_vel_desc,vert_vel_desc,chan_loc_cd,chan_loc_dist
5s,15s,6s,19d,12s,1s,12s,5s,12s,12s,12s,7s,6s,21s,15s,11n,64s,4s,5s,5s,14s,14s,14s,14s,4s,4s,4s,12s,9s,12s,7s,14s
USGS,2322500,5,2/4/1927,,Yes,PEH,USGS,1.12,1210,Unspecified,,,,MEAS,1,Imported Channel 1,UNSP,QSCMM,unkno,1210,,,,UNSP,UNSP,UNSP,unkn,UNSP,UNSP,UNSP,
USGS,2322500,6,7/26/1927,,Yes,PEH,USGS,1.95,1760,Unspecified,,,,MEAS,1,Imported Channel 1,UNSP,QSCMM,unkno,1760,,,,UNSP,UNSP,UNSP,unkn,UNSP,UNSP,UNSP,
USGS,2322500,7,10/6/1927,,Yes,PEH,USGS,1.1,1180,Unspecified,,,,MEAS,1,Imported Channel 1,UNSP,QSCMM,unkno,1180,,,,UNSP,UNSP,UNSP,unkn,UNSP,UNSP,UNSP,
USGS,2322500,8,12/21/1927,,Yes,PEH,USGS,0.82,1020,Unspecified,,,,MEAS,1,Imported Channel 1,UNSP,QSCMM,unkno,1020,,,,UNSP,UNSP,UNSP,unkn,UNSP,UNSP,UNSP,
USGS,2322500,9,2/11/1928,,Yes,WAH,USGS,0.07,900,Unspecified,,,,MEAS,1,Imported Channel 1,UNSP,QSCMM,unkno,900,,,,UNSP,UNSP,UNSP,unkn,UNSP,UNSP,UNSP,
USGS,2322500,10,2/15/1928,,Yes,PEH,USGS,0.71,940,Unspecified,,,,MEAS,1,Imported Channel 1,UNSP,QSCMM,unkno,940,,,,UNSP,UNSP,UNSP,unkn,UNSP,UNSP,UNSP,
USGS,2322500,11,3/22/1928,,Yes,PEH,USGS,0.84,1000,Unspecified,,,,MEAS,1,Imported Channel 1,UNSP,QSCMM,unkno,1000,,,,UNSP,UNSP,UNSP,unkn,UNSP,UNSP,UNSP,
USGS,2322500,12,3/28/1928,,Yes,PEH,USGS,0.88,1000,Unspecified,,,,MEAS,1,Imported Channel 1,UNSP,QSCMM,unkno,1000,,,,UNSP,UNSP,UNSP,unkn,UNSP,UNSP,UNSP,
USGS,2322500,13,4/2/1928,,Yes,PEH,USGS,0.99,1040,Unspecified,,,,MEAS,1,Imported Channel 1,UNSP,QSCMM,unkno,1040,,,,UNSP,UNSP,UNSP,unkn,UNSP,UNSP,UNSP,
USGS,2322500,14,5/3/1928,,Yes,PRS,USGS,5.86,3850,Unspecified,,,,MEAS,1,Imported Channel 1,UNSP,QSCMM,unkno,3850,,,,UNSP,UNSP,UNSP,unkn,UNSP,UNSP,UNSP,
USGS,2322500,15,5/27/1928,,Yes,PEH,USGS,,1940,Unspecified,,,,MEAS,1,Imported Channel 1,UNSP,QSCMM,unkno,1940,,,,UNSP,UNSP,UNSP,unkn,UNSP,UNSP,UNSP,
USGS,2322500,16,8/2/1928,,Yes,PEH,USGS,2.02,2000,Unspecified,,,,MEAS,1,Imported Channel 1,UNSP,QSCMM,unkno,2000,,,,UNSP,UNSP,UNSP,unkn,UNSP,UNSP,UNSP,
USGS,2322500,17,8/8/1928,,Yes,PEH,USGS,2.38,2380,Unspecified,,,,MEAS,1,Imported Channel 1,UNSP,QSCMM,unkno,2380,,,,UNSP,UNSP,UNSP,unkn,UNSP,UNSP,UNSP,
USGS,2322500,18,8/13/1928,,Yes,PEH,USGS,4.46,3460,Unspecified,,,,MEAS,1,Imported Channel 1,UNSP,QSCMM,unkno,3460,,,,UNSP,UNSP,UNSP,unkn,UNSP,UNSP,UNSP,
USGS,2322500,19,8/15/1928,,Yes,PEH,USGS,5.45,3790,Unspecified,,,,MEAS,1,Imported Channel 1,UNSP,QSCMM,unkno,3790,,,,UNSP,UNSP,UNSP,unkn,UNSP,UNSP,UNSP,
USGS,2322500,20,11/15/1928,,Yes,WRK,USGS,2.31,2070,Unspecified,,,,MEAS,1,Imported Channel 1,UNSP,QSCMM,unkno,2070,,,,UNSP,UNSP,UNSP,unkn,UNSP,UNSP,UNSP,
USGS,2322500,21,1/31/1929,,Yes,PRS,USGS,2.12,2030,Unspecified,,,,MEAS,1,Imported Channel 1,UNSP,QSCMM,unkno,2030,,,,UNSP,UNSP,UNSP,unkn,UNSP,UNSP,UNSP,
USGS,2322500,22,5/30/1929,,Yes,MCG,USGS,1.4,1420,Unspecified,,,,MEAS,1,Imported Channel 1,UNSP,QSCMM,unkno,1420,,,,UNSP,UNSP,UNSP,unkn,UNSP,UNSP,UNSP,
USGS,2322500,23,9/21/1929,,Yes,EAT,USGS,2.9,2590,Unspecified,,,,MEAS,1,Imported Channel 1,UNSP,QSCMM,unkno,2590,,,,UNSP,UNSP,UNSP,unkn,UNSP,UNSP,UNSP,
USGS,2322500,24,9/29/1929,,Yes,EAT,USGS,4.33,3450,Unspecified,,,,MEAS,1,Imported Channel 1,UNSP,QSCMM,unkno,3450,,,,UNSP,UNSP,UNSP,unkn,UNSP,UNSP,UNSP,
USGS,2322500,26,3/15/1932,,Yes,MAN,USGS,0.76,784,Unspecified,,,,MEAS,1,Imported Channel 1,UNSP,QSCMM,unkno,784,,,,UNSP,UNSP,UNSP,unkn,UNSP,UNSP,UNSP,
USGS,2322500,27,6/3/1932,,Yes,DSW,USGS,0.66,698,Unspecified,,,,MEAS,1,Imported Channel 1,UNSP,QSCMM,unkno,698,,,,UNSP,UNSP,UNSP,unkn,UNSP,UNSP,UNSP,
USGS,2322500,33,10/14/1932,,Yes,ALX,USGS,1.02,1050,Unspecified,,,,MEAS,1,Imported Channel 1,UNSP,QSCMM,unkno,1050,,,,UNSP,UNSP,UNSP,unkn,UNSP,UNSP,UNSP,
USGS,2322500,34,12/17/1932,,Yes,MAN,USGS,0.8,910,Unspecified,,,,MEAS,1,Imported Channel 1,UNSP,QSCMM,unkno,910,,,,UNSP,UNSP,UNSP,unkn,UNSP,UNSP,UNSP,
USGS,2322500,35,1/3/1933,,Yes,MAN,USGS,0.73,849,Unspecified,,,,MEAS,1,Imported Channel 1,UNSP,QSCMM,unkno,849,,,,UNSP,UNSP,UNSP,unkn,UNSP,UNSP,UNSP,
USGS,2322500,36,2/17/1933,,Yes,ALX,USGS,1.21,1080,Unspecified,,,,MEAS,1,Imported Channel 1,UNSP,QSCMM,unkno,1080,,,,UNSP,UNSP,UNSP,unkn,UNSP,UNSP,UNSP,
USGS,2322500,37,3/8/1933,,Yes,ALX,USGS,1.35,917,Unspecified,,,,MEAS,1,Imported Channel 1,UNSP,QSCMM,unkno,917,,,,UNSP,UNSP,UNSP,unkn,UNSP,UNSP,UNSP,
USGS,2322500,38,3/31/1933,,Yes,MAN,USGS,1.67,1400,Unspecified,,,,MEAS,1,Imported Channel 1,UNSP,QSCMM,unkno,1400,,,,UNSP,UNSP,UNSP,unkn,UNSP,UNSP,UNSP,
USGS,2322500,39,4/11/1933,,Yes,MAN,USGS,3.01,2210,Unspecified,,,,MEAS,1,Imported Channel 1,UNSP,QSCMM,unkno,2210,,,,UNSP,UNSP,UNSP,unkn,UNSP,UNSP,UNSP,
USGS,2322500,40,4/13/1933,,Yes,ALX,USGS,3.63,2660,Unspecified,,,,MEAS,1,Imported Channel 1,UNSP,QSCMM,unkno,2660,,,,UNSP,UNSP,UNSP,unkn,UNSP,UNSP,UNSP,
USGS,2322500,41,4/18/1933,,Yes,MAN,USGS,4.12,2700,Unspecified,,,,MEAS,1,Imported Channel 1,UNSP,QSCMM,unkno,2700,,,,UNSP,UNSP,UNSP,unkn,UNSP,UNSP,UNSP,
USGS,2322500,42,5/1/1933,,Yes,MAN,USGS,2.26,1760,Unspecified,,,,MEAS,1,Imported Channel 1,UNSP,QSCMM,unkno,1760,,,,UNSP,UNSP,UNSP,unkn,UNSP,UNSP,UNSP,
USGS,2322500,43,6/9/1933,,Yes,MAN,USGS,1.08,1110,Unspecified,,,,MEAS,1,Imported Channel 1,UNSP,QSCMM,unkno,1110,,,,UNSP,UNSP,UNSP,unkn,UNSP,UNSP,UNSP,
USGS,2322500,44,7/19/1933,,Yes,ALX,USGS,0.99,951,Unspecified,,,,MEAS,1,Imported Channel 1,UNSP,QSCMM,unkno,951,,,,UNSP,UNSP,UNSP,unkn,UNSP,UNSP,UNSP,
USGS,2322500,45,8/4/1933,,Yes,MAN,USGS,1.19,1090,Unspecified,,,,MEAS,1,Imported Channel 1,UNSP,QSCMM,unkno,1090,,,,UNSP,UNSP,UNSP,unkn,UNSP,UNSP,UNSP,
USGS,2322500,46,9/26/1933,,Yes,ALX,USGS,1.74,1660,Unspecified,,,,MEAS,1,Imported Channel 1,UNSP,QSCMM,unkno,1660,,,,UNSP,UNSP,UNSP,unkn,UNSP,UNSP,UNSP,
USGS,2322500,47,10/12/1933,,Yes,AAB,USGS,1.25,1270,Unspecified,,,,MEAS,1,Imported Channel 1,UNSP,QSCMM,unkno,1270,,,,UNSP,UNSP,UNSP,unkn,UNSP,UNSP,UNSP,
USGS,2322500,48,11/18/1933,,Yes,ALX,USGS,0.96,1060,Unspecified,,,,MEAS,1,Imported Channel 1,UNSP,QSCMM,unkno,1060,,,,UNSP,UNSP,UNSP,unkn,UNSP,UNSP,UNSP,
USGS,2322500,49,12/11/1933,,Yes,ALX,USGS,0.88,991,Unspecified,,,,MEAS,1,Imported Channel 1,UNSP,QSCMM,unkno,991,,,,UNSP,UNSP,UNSP,unkn,UNSP,UNSP,UNSP,
USGS,2322500,50,1/19/1934,,Yes,ALX,USGS,0.8,905,Unspecified,,,,MEAS,1,Imported Channel 1,UNSP,QSCMM,unkno,905,,,,UNSP,UNSP,UNSP,unkn,UNSP,UNSP,UNSP,
USGS,2322500,51,2/17/1934,,Yes,ALX,USGS,0.77,878,Unspecified,,,,MEAS,1,Imported Channel 1,UNSP,QSCMM,unkno,878,,,,UNSP,UNSP,UNSP,unkn,UNSP,UNSP,UNSP,
USGS,2322500,52,3/21/1934,,Yes,ALX,USGS,0.77,880,Unspecified,,,,MEAS,1,Imported Channel 1,UNSP,QSCMM,unkno,880,,,,UNSP,UNSP,UNSP,unkn,UNSP,UNSP,UNSP,
USGS,2322500,53,4/18/1934,,Yes,MAN,USGS,0.79,809,Unspecified,,,,MEAS,1,Imported Channel 1,UNSP,QSCMM,unkno,809,,,,UNSP,UNSP,UNSP,unkn,UNSP,UNSP,UNSP,
USGS,2322500,54,5/17/1934,,Yes,MAN,USGS,0.78,823,Unspecified,,,,MEAS,1,Imported Channel 1,UNSP,QSCMM,unkno,823,,,,UNSP,UNSP,UNSP,unkn,UNSP,UNSP,UNSP,
USGS,2322500,55,6/11/1934,,Yes,MAN,USGS,1.35,1240,Unspecified,,,,MEAS,1,Imported Channel 1,UNSP,QSCMM,unkno,1240,,,,UNSP,UNSP,UNSP,unkn,UNSP,UNSP,UNSP,
USGS,2322500,56,6/19/1934,,Yes,MAN,USGS,10.86,11200,Unspecified,,,,MEAS,1,Imported Channel 1,UNSP,QSCMM,unkno,11200,,,,UNSP,UNSP,UNSP,unkn,UNSP,UNSP,UNSP,
USGS,2322500,142,6/7/1941,,Yes,JWP,USGS,0.88,908,Good,,,,MEAS,1,Imported Channel 1,UNSP,QSCMM,unkno,908,,,,UNSP,UNSP,UNSP,unkn,UNSP,UNSP,UNSP,
USGS,2322500,143,7/8/1941,,Yes,JAM,USGS,2.31,2030,Good,,,,MEAS,1,Imported Channel 1,UNSP,QSCMM,unkno,2030,,,,UNSP,UNSP,UNSP,unkn,UNSP,UNSP,UNSP,
USGS,2322500,144,8/13/1941,,Yes,JAM,USGS,1.76,1770,Good,,,,MEAS,1,Imported Channel 1,UNSP,QSCMM,unkno,1770,,,,UNSP,UNSP,UNSP,unkn,UNSP,UNSP,UNSP,
USGS,2322500,145,9/4/1941,,Yes,JAM,USGS,1.42,1540,Good,,,,MEAS,1,Imported Channel 1,UNSP,QSCMM,unkno,1540,,,,UNSP,UNSP,UNSP,unkn,UNSP,UNSP,UNSP,
USGS,2322500,146,10/7/1941,,Yes,JAM,USGS,1.2,1300,Good,,,,MEAS,1,Imported Channel 1,UNSP,QSCMM,unkno,1300,,,,UNSP,UNSP,UNSP,unkn,UNSP,UNSP,UNSP,
USGS,2322500,147,10/23/1941,,Yes,JAM,USGS,4.09,3420,Good,,,,MEAS,1,Imported Channel 1,UNSP,QSCMM,unkno,3420,,,,UNSP,UNSP,UNSP,unkn,UNSP,UNSP,UNSP,
USGS,2322500,148,10/24/1941,,Yes,JAM,USGS,7.11,6080,Good,,,,MEAS,1,Imported Channel 1,UNSP,QSCMM,unkno,6080,,,,UNSP,UNSP,UNSP,unkn,UNSP,UNSP,UNSP,
USGS,2322500,151,10/26/1941,,Yes,JAM,USGS,8.08,7310,Good,,,,MEAS,1,Imported Channel 1,UNSP,QSCMM,unkno,7310,,,,UNSP,UNSP,UNSP,unkn,UNSP,UNSP,UNSP,
USGS,2322500,152,10/29/1941,,Yes,ELH,USGS,6.16,5340,Unspecified,,,,MEAS,1,Imported Channel 1,UNSP,QSCMM,unkno,5340,,,,UNSP,UNSP,UNSP,unkn,UNSP,UNSP,UNSP,
USGS,2322500,153,11/3/1941,,Yes,ELH,USGS,4.7,4080,Unspecified,,,,MEAS,1,Imported Channel 1,UNSP,QSCMM,unkno,4080,,,,UNSP,UNSP,UNSP,unkn,UNSP,UNSP,UNSP,
USGS,2322500,154,11/18/1941,,Yes,JAM,USGS,3.68,3250,Unspecified,,,,MEAS,1,Imported Channel 1,UNSP,QSCMM,unkno,3250,,,,UNSP,UNSP,UNSP,unkn,UNSP,UNSP,UNSP,
USGS,2322500,155,12/13/1941,,Yes,JAM,USGS,2.82,2520,Unspecified,,,,MEAS,1,Imported Channel 1,UNSP,QSCMM,unkno,2520,,,,UNSP,UNSP,UNSP,unkn,UNSP,UNSP,UNSP,
USGS,2322500,156,1/17/1942,,Yes,JAM,USGS,4.39,3320,Unspecified,,,,MEAS,1,Imported Channel 1,UNSP,QSCMM,unkno,3320,,,,UNSP,UNSP,UNSP,unkn,UNSP,UNSP,UNSP,
USGS,2322500,157,2/17/1942,,Yes,JAM,USGS,2.26,2120,Unspecified,,,,MEAS,1,Imported Channel 1,UNSP,QSCMM,unkno,2120,,,,UNSP,UNSP,UNSP,unkn,UNSP,UNSP,UNSP,
USGS,2322500,158,3/24/1942,,Yes,JAM,USGS,6.54,4510,Unspecified,,,,MEAS,1,Imported Channel 1,UNSP,QSCMM,unkno,4510,,,,UNSP,UNSP,UNSP,unkn,UNSP,UNSP,UNSP,
USGS,2322500,159,3/25/1942,,Yes,JAM,USGS,6.45,4330,Unspecified,,,,MEAS,1,Imported Channel 1,UNSP,QSCMM,unkno,4330,,,,UNSP,UNSP,UNSP,unkn,UNSP,UNSP,UNSP,
USGS,2322500,160,3/28/1942,,Yes,JAM,USGS,6.16,3940,Unspecified,,,,MEAS,1,Imported Channel 1,UNSP,QSCMM,unkno,3940,,,,UNSP,UNSP,UNSP,unkn,UNSP,UNSP,UNSP,
USGS,2322500,161,4/8/1942,,Yes,JAM,USGS,4.75,3240,Unspecified,,,,MEAS,1,Imported Channel 1,UNSP,QSCMM,unkno,3240,,,,UNSP,UNSP,UNSP,unkn,UNSP,UNSP,UNSP,
USGS,2322500,162,4/28/1942,,Yes,JAM,USGS,2.37,2200,Unspecified,,,,MEAS,1,Imported Channel 1,UNSP,QSCMM,unkno,2200,,,,UNSP,UNSP,UNSP,unkn,UNSP,UNSP,UNSP,
USGS,2322500,163,6/2/1942,,Yes,JAM,USGS,1.67,1730,Unspecified,,,,MEAS,1,Imported Channel 1,UNSP,QSCMM,unkno,1730,,,,UNSP,UNSP,UNSP,unkn,UNSP,UNSP,UNSP,
USGS,2322500,164,7/13/1942,,Yes,JAM,USGS,1.74,1820,Unspecified,,,,MEAS,1,Imported Channel 1,UNSP,QSCMM,unkno,1820,,,,UNSP,UNSP,UNSP,unkn,UNSP,UNSP,UNSP,
USGS,2322500,165,8/17/1942,,Yes,JAM,USGS,1.71,1720,Unspecified,,,,MEAS,1,Imported Channel 1,UNSP,QSCMM,unkno,1720,,,,UNSP,UNSP,UNSP,unkn,UNSP,UNSP,UNSP,
USGS,2322500,166,9/28/1942,,Yes,JAM,USGS,1.62,1630,Unspecified,,,,MEAS,1,Imported Channel 1,UNSP,QSCMM,unkno,1630,,,,UNSP,UNSP,UNSP,unkn,UNSP,UNSP,UNSP,
USGS,2322500,167,11/2/1942,,Yes,JAM,USGS,1.29,1400,Unspecified,,,,MEAS,1,Imported Channel 1,UNSP,QSCMM,unkno,1400,,,,UNSP,UNSP,UNSP,unkn,UNSP,UNSP,UNSP,
USGS,2322500,168,12/2/1942,,Yes,JAM,USGS,1.16,1270,Unspecified,,,,MEAS,1,Imported Channel 1,UNSP,QSCMM,unkno,1270,,,,UNSP,UNSP,UNSP,unkn,UNSP,UNSP,UNSP,
USGS,2322500,169,1/11/1943,,Yes,JAM,USGS,1.03,1140,Unspecified,,,,MEAS,1,Imported Channel 1,UNSP,QSCMM,unkno,1140,,,,UNSP,UNSP,UNSP,unkn,UNSP,UNSP,UNSP,
USGS,2322500,170,2/18/1943,,Yes,MSG,USGS,0.95,1070,Unspecified,,,,MEAS,1,Imported Channel 1,UNSP,QSCMM,unkno,1070,,,,UNSP,UNSP,UNSP,unkn,UNSP,UNSP,UNSP,
USGS,2322500,171,3/22/1943,,Yes,MSG,USGS,0.94,1040,Unspecified,,,,MEAS,1,Imported Channel 1,UNSP,QSCMM,unkno,1040,,,,UNSP,UNSP,UNSP,unkn,UNSP,UNSP,UNSP,
USGS,2322500,172,5/5/1943,,Yes,MSG,USGS,0.83,922,Unspecified,,,,MEAS,1,Imported Channel 1,UNSP,QSCMM,unkno,922,,,,UNSP,UNSP,UNSP,unkn,UNSP,UNSP,UNSP,
USGS,2322500,173,6/14/1943,,Yes,MSG,USGS,0.84,940,Unspecified,,,,MEAS,1,Imported Channel 1,UNSP,QSCMM,unkno,940,,,,UNSP,UNSP,UNSP,unkn,UNSP,UNSP,UNSP,
USGS,2322500,174,7/20/1943,,Yes,RLT,USGS,0.9,934,Unspecified,,,,MEAS,1,Imported Channel 1,UNSP,QSCMM,unkno,934,,,,UNSP,UNSP,UNSP,unkn,UNSP,UNSP,UNSP,
USGS,2322500,175,8/23/1943,,Yes,JAM,USGS,1.94,1800,Unspecified,,,,MEAS,1,Imported Channel 1,UNSP,QSCMM,unkno,1800,,,,UNSP,UNSP,UNSP,unkn,UNSP,UNSP,UNSP,
USGS,2322500,176,10/4/1943,,Yes,JAM,USGS,0.95,1000,Unspecified,,,,MEAS,1,Imported Channel 1,UNSP,QSCMM,unkno,1000,,,,UNSP,UNSP,UNSP,unkn,UNSP,UNSP,UNSP,
USGS,2322500,177,11/16/1943,,Yes,JAM,USGS,0.76,890,Unspecified,,,,MEAS,1,Imported Channel 1,UNSP,QSCMM,unkno,890,,,,UNSP,UNSP,UNSP,unkn,UNSP,UNSP,UNSP,
USGS,2322500,178,12/16/1943,,Yes,JAM,USGS,0.69,841,Unspecified,,,,MEAS,1,Imported Channel 1,UNSP,QSCMM,unkno,841,,,,UNSP,UNSP,UNSP,unkn,UNSP,UNSP,UNSP,
USGS,2322500,179,2/10/1944,,Yes,JAM,USGS,0.68,808,Unspecified,,,,MEAS,1,Imported Channel 1,UNSP,QSCMM,unkno,808,,,,UNSP,UNSP,UNSP,unkn,UNSP,UNSP,UNSP,
USGS,2322500,180,3/28/1944 11:00,EDT,Yes,JAM,USGS,1.3,1190,Good,,,,MEAS,1,Imported Channel 1,UNSP,QSCMM,unkno,1190,,,,UNSP,UNSP,UNSP,unkn,UNSP,UNSP,UNSP,
USGS,2322500,181,3/28/1944 12:00,EDT,Yes,JAM,USGS,1.31,1210,Good,,,,MEAS,1,Imported Channel 1,UNSP,QSCMM,unkno,1210,,,,UNSP,UNSP,UNSP,unkn,UNSP,UNSP,UNSP,
USGS,2322500,183,7/5/1944,,Yes,JAM,USGS,0.84,938,Unspecified,,,,MEAS,1,Imported Channel 1,UNSP,QSCMM,unkno,938,,,,UNSP,UNSP,UNSP,unkn,UNSP,UNSP,UNSP,
USGS,2322500,184,8/16/1944,,Yes,JAM,USGS,3.94,3050,Unspecified,,,,MEAS,1,Imported Channel 1,UNSP,QSCMM,unkno,3050,,,,UNSP,UNSP,UNSP,unkn,UNSP,UNSP,UNSP,
USGS,2322500,185,10/4/1944,,Yes,JCB,USGS,1.48,1490,Good,,,,MEAS,1,Imported Channel 1,UNSP,QSCMM,unkno,1490,,,,UNSP,UNSP,UNSP,unkn,UNSP,UNSP,UNSP,
USGS,2322500,186,11/16/1944,,Yes,JCB,USGS,2.35,2010,Good,,,,MEAS,1,Imported Channel 1,UNSP,QSCMM,unkno,2010,,,,UNSP,UNSP,UNSP,unkn,UNSP,UNSP,UNSP,
USGS,2322500,187,12/20/1944,,Yes,JCB,USGS,1.32,1420,Good,,,,MEAS,1,Imported Channel 1,UNSP,QSCMM,unkno,1420,,,,UNSP,UNSP,UNSP,unkn,UNSP,UNSP,UNSP,
USGS,2322500,188,2/7/1945,,Yes,JCB,USGS,1.63,1620,Good,,,,MEAS,1,Imported Channel 1,UNSP,QSCMM,unkno,1620,,,,UNSP,UNSP,UNSP,unkn,UNSP,UNSP,UNSP,
USGS,2322500,189,3/21/1945,,Yes,JCB,USGS,1.14,1230,Good,,,,MEAS,1,Imported Channel 1,UNSP,QSCMM,unkno,1230,,,,UNSP,UNSP,UNSP,unkn,UNSP,UNSP,UNSP,
USGS,2322500,190,5/2/1945,,Yes,JCB,USGS,0.97,1060,Good,,,,MEAS,1,Imported Channel 1,UNSP,QSCMM,unkno,1060,,,,UNSP,UNSP,UNSP,unkn,UNSP,UNSP,UNSP,
USGS,2322500,191,6/13/1945,,Yes,JCB,USGS,0.85,917,Good,,,,MEAS,1,Imported Channel 1,UNSP,QSCMM,unkno,917,,,,UNSP,UNSP,UNSP,unkn,UNSP,UNSP,UNSP,
USGS,2322500,192,7/28/1945,,Yes,KCB,USGS,1.38,1300,Good,,,,MEAS,1,Imported Channel 1,UNSP,QSCMM,unkno,1300,,,,UNSP,UNSP,UNSP,unkn,UNSP,UNSP,UNSP,
USGS,2322500,193,9/12/1945,,Yes,KCB,USGS,2.74,1940,Good,,,,MEAS,1,Imported Channel 1,UNSP,QSCMM,unkno,1940,,,,UNSP,UNSP,UNSP,unkn,UNSP,UNSP,UNSP,
USGS,2322500,194,10/18/1945,,Yes,KCB,USGS,1.21,1260,Good,,,,MEAS,1,Imported Channel 1,UNSP,QSCMM,unkno,1260,,,,UNSP,UNSP,UNSP,unkn,UNSP,UNSP,UNSP,
USGS,2322500,195,11/29/1945,,Yes,KCB,USGS,0.89,1010,Good,,,,MEAS,1,Imported Channel 1,UNSP,QSCMM,unkno,1010,,,,UNSP,UNSP,UNSP,unkn,UNSP,UNSP,UNSP,
USGS,2322500,196,1/14/1946,,Yes,KCB,USGS,1.9,1870,Good,,,,MEAS,1,Imported Channel 1,UNSP,QSCMM,unkno,1870,,,,UNSP,UNSP,UNSP,unkn,UNSP,UNSP,UNSP,
USGS,2322500,197,2/25/1946,,Yes,KCB,USGS,1.27,1320,Good,,,,MEAS,1,Imported Channel 1,UNSP,QSCMM,unkno,1320,,,,UNSP,UNSP,UNSP,unkn,UNSP,UNSP,UNSP,
USGS,2322500,198,4/16/1946,,Yes,KCB,USGS,1.05,1130,Good,,,,MEAS,1,Imported Channel 1,UNSP,QSCMM,unkno,1130,,,,UNSP,UNSP,UNSP,unkn,UNSP,UNSP,UNSP,
USGS,2322500,199,5/27/1946,,Yes,KCB,USGS,2.02,1920,Good,,,,MEAS,1,Imported Channel 1,UNSP,QSCMM,unkno,1920,,,,UNSP,UNSP,UNSP,unkn,UNSP,UNSP,UNSP,
USGS,2322500,200,7/1/1946,,Yes,KCB,USGS,2.54,2370,Good,,,,MEAS,1,Imported Channel 1,UNSP,QSCMM,unkno,2370,,,,UNSP,UNSP,UNSP,unkn,UNSP,UNSP,UNSP,
USGS,2322500,201,8/7/1946,,Yes,KCB,USGS,4.72,3600,Good,,,,MEAS,1,Imported Channel 1,UNSP,QSCMM,unkno,3600,,,,UNSP,UNSP,UNSP,unkn,UNSP,UNSP,UNSP,
USGS,2322500,202,9/9/1946,,Yes,TGS,USGS,2.95,2470,Good,,,,MEAS,1,Imported Channel 1,UNSP,QSCMM,unkno,2470,,,,UNSP,UNSP,UNSP,unkn,UNSP,UNSP,UNSP,
USGS,2322500,203,10/21/1946,,Yes,TGS,USGS,2.84,2520,Good,,,,MEAS,1,Imported Channel 1,UNSP,QSCMM,unkno,2520,,,,UNSP,UNSP,UNSP,unkn,UNSP,UNSP,UNSP,
USGS,2322500,204,12/11/1946,,Yes,TGS,USGS,1.39,1470,Good,,,,MEAS,1,Imported Channel 1,UNSP,QSCMM,unkno,1470,,,,UNSP,UNSP,UNSP,unkn,UNSP,UNSP,UNSP,
USGS,2322500,205,1/14/1947,,Yes,TGS,USGS,1.09,1220,Good,,,,MEAS,1,Imported Channel 1,UNSP,QSCMM,unkno,1220,,,,UNSP,UNSP,UNSP,unkn,UNSP,UNSP,UNSP,
USGS,2322500,206,3/3/1947,,Yes,TGS,USGS,1.61,1630,Good,,,,MEAS,1,Imported Channel 1,UNSP,QSCMM,unkno,1630,,,,UNSP,UNSP,UNSP,unkn,UNSP,UNSP,UNSP,
USGS,2322500,207,4/7/1947,,Yes,cwz,USGS,2.75,2430,Good,,,,MEAS,1,Imported Channel 1,UNSP,QSCMM,unkno,2430,,,,UNSP,UNSP,UNSP,unkn,UNSP,UNSP,UNSP,
USGS,2322500,208,5/19/1947,,Yes,cwz,USGS,1.23,1350,Good,,,,MEAS,1,Imported Channel 1,UNSP,QSCMM,unkno,1350,,,,UNSP,UNSP,UNSP,unkn,UNSP,UNSP,UNSP,
USGS,2322500,209,7/1/1947,,Yes,TGS,USGS,1.09,1220,Good,,,,MEAS,1,Imported Channel 1,UNSP,QSCMM,unkno,1220,,,,UNSP,UNSP,UNSP,unkn,UNSP,UNSP,UNSP,
USGS,2322500,210,8/18/1947,,Yes,CWZ,USGS,1.06,1230,Good,,,,MEAS,1,Imported Channel 1,UNSP,QSCMM,unkno,1230,,,,UNSP,UNSP,UNSP,unkn,UNSP,UNSP,UNSP,
USGS,2322500,211,10/2/1947,,Yes,CWZ,USGS,6.3,5420,Good,,,,MEAS,1,Imported Channel 1,UNSP,QSCMM,unkno,5420,,,,UNSP,UNSP,UNSP,unkn,UNSP,UNSP,UNSP,
USGS,2322500,212,11/12/1947,,Yes,CWZ,USGS,6.39,3540,Good,,,,MEAS,1,Imported Channel 1,UNSP,QSCMM,unkno,3540,,,,UNSP,UNSP,UNSP,unkn,UNSP,UNSP,UNSP,
USGS,2322500,213,12/12/1947,,Yes,CWZ,USGS,5.26,2470,Good,,,,MEAS,1,Imported Channel 1,UNSP,QSCMM,unkno,2470,,,,UNSP,UNSP,UNSP,unkn,UNSP,UNSP,UNSP,
USGS,2322500,214,1/12/1948,,Yes,CWZ,USGS,4.28,2340,Good,,,,MEAS,1,Imported Channel 1,UNSP,QSCMM,unkno,2340,,,,UNSP,UNSP,UNSP,unkn,UNSP,UNSP,UNSP,
USGS,2322500,215,2/19/1948,,Yes,CWZ,USGS,3.83,2610,Good,,,,MEAS,1,Imported Channel 1,UNSP,QSCMM,unkno,2610,,,,UNSP,UNSP,UNSP,unkn,UNSP,UNSP,UNSP,
USGS,2322500,216,3/18/1948,,Yes,CWZ,USGS,10.47,7750,Good,,,,MEAS,1,Imported Channel 1,UNSP,QSCMM,unkno,7750,,,,UNSP,UNSP,UNSP,unkn,UNSP,UNSP,UNSP,
USGS,2322500,217,4/13/1948,,Yes,CWZ,USGS,3.65,3840,Good,,,,MEAS,1,Imported Channel 1,UNSP,QSCMM,unkno,3840,,,,UNSP,UNSP,UNSP,unkn,UNSP,UNSP,UNSP,
USGS,2322500,218,6/10/1948,,Yes,MSG,USGS,1.95,2040,Good,,,,MEAS,1,Imported Channel 1,UNSP,QSCMM,unkno,2040,,,,UNSP,UNSP,UNSP,unkn,UNSP,UNSP,UNSP,
USGS,2322500,219,7/19/1948,,Yes,MSG,USGS,1.66,1760,Good,,,,MEAS,1,Imported Channel 1,UNSP,QSCMM,unkno,1760,,,,UNSP,UNSP,UNSP,unkn,UNSP,UNSP,UNSP,
USGS,2322500,220,9/7/1948,,Yes,MSG,USGS,2.6,2390,Good,,,,MEAS,1,Imported Channel 1,UNSP,QSCMM,unkno,2390,,,,UNSP,UNSP,UNSP,unkn,UNSP,UNSP,UNSP,
USGS,2322500,221,10/18/1948,,Yes,MSG,USGS,3.87,3120,Good,,,,MEAS,1,Imported Channel 1,UNSP,QSCMM,unkno,3120,,,,UNSP,UNSP,UNSP,unkn,UNSP,UNSP,UNSP,
USGS,2322500,222,11/22/1948,,Yes,REC,USGS,1.88,1960,Good,,,,MEAS,1,Imported Channel 1,UNSP,QSCMM,unkno,1960,,,,UNSP,UNSP,UNSP,unkn,UNSP,UNSP,UNSP,
USGS,2322500,223,1/3/1949,,Yes,REC,USGS,2.16,2050,Good,,,,MEAS,1,Imported Channel 1,UNSP,QSCMM,unkno,2050,,,,UNSP,UNSP,UNSP,unkn,UNSP,UNSP,UNSP,
USGS,2322500,224,2/14/1949,,Yes,REC,USGS,4.59,4060,Good,,,,MEAS,1,Imported Channel 1,UNSP,QSCMM,unkno,4060,,,,UNSP,UNSP,UNSP,unkn,UNSP,UNSP,UNSP,
USGS,2322500,225,3/28/1949,,Yes,REC,USGS,1.66,1590,Good,,,,MEAS,1,Imported Channel 1,UNSP,QSCMM,unkno,1590,,,,UNSP,UNSP,UNSP,unkn,UNSP,UNSP,UNSP,
USGS,2322500,226,5/6/1949,,Yes,REC,USGS,1.59,1650,Good,,,,MEAS,1,Imported Channel 1,UNSP,QSCMM,unkno,1650,,,,UNSP,UNSP,UNSP,unkn,UNSP,UNSP,UNSP,
USGS,2322500,227,6/27/1949,,Yes,REC,USGS,1.43,1380,Good,,,,MEAS,1,Imported Channel 1,UNSP,QSCMM,unkno,1380,,,,UNSP,UNSP,UNSP,unkn,UNSP,UNSP,UNSP,
USGS,2322500,228,8/8/1949,,Yes,REC,USGS,1.68,1690,Good,,,,MEAS,1,Imported Channel 1,UNSP,QSCMM,unkno,1690,,,,UNSP,UNSP,UNSP,unkn,UNSP,UNSP,UNSP,
USGS,2322500,229,9/19/1949,,Yes,REC,USGS,3.48,2840,Good,,,,MEAS,1,Imported Channel 1,UNSP,QSCMM,unkno,2840,,,,UNSP,UNSP,UNSP,unkn,UNSP,UNSP,UNSP,
USGS,2322500,230,10/31/1949,,Yes,REC,USGS,1.85,1880,Good,,,,MEAS,1,Imported Channel 1,UNSP,QSCMM,unkno,1880,,,,UNSP,UNSP,UNSP,unkn,UNSP,UNSP,UNSP,
USGS,2322500,231,12/12/1949,,Yes,JAM,USGS,1.65,1740,Good,,,,MEAS,1,Imported Channel 1,UNSP,QSCMM,unkno,1740,,,,UNSP,UNSP,UNSP,unkn,UNSP,UNSP,UNSP,
USGS,2322500,232,1/23/1950,,Yes,JAM,USGS,1.3,1410,Good,,,,MEAS,1,Imported Channel 1,UNSP,QSCMM,unkno,1410,,,,UNSP,UNSP,UNSP,unkn,UNSP,UNSP,UNSP,
USGS,2322500,233,3/6/1950,,Yes,CWC,USGS,1.14,1280,Good,,,,MEAS,1,Imported Channel 1,UNSP,QSCMM,unkno,1280,,,,UNSP,UNSP,UNSP,unkn,UNSP,UNSP,UNSP,
USGS,2322500,234,4/28/1950,,Yes,CWC,USGS,1,1160,Good,,,,MEAS,1,Imported Channel 1,UNSP,QSCMM,unkno,1160,,,,UNSP,UNSP,UNSP,unkn,UNSP,UNSP,UNSP,
USGS,2322500,235,6/5/1950,,Yes,WEK,USGS,0.96,1080,Good,,,,MEAS,1,Imported Channel 1,UNSP,QSCMM,unkno,1080,,,,UNSP,UNSP,UNSP,unkn,UNSP,UNSP,UNSP,
USGS,2322500,236,7/17/1950,,Yes,RCH,USGS,1.62,1580,Fair,,,,MEAS,1,Imported Channel 1,UNSP,QSCMM,unkno,1580,,,,UNSP,UNSP,UNSP,unkn,UNSP,UNSP,UNSP,
USGS,2322500,237,8/29/1950,,Yes,RHM,USGS,1.06,1160,Fair,,,,MEAS,1,Imported Channel 1,UNSP,QSCMM,unkno,1160,,,,UNSP,UNSP,UNSP,unkn,UNSP,UNSP,UNSP,
USGS,2322500,238,9/8/1950,,Yes,WEK,USGS,3.5,2890,Good,,,,MEAS,1,Imported Channel 1,UNSP,QSCMM,unkno,2890,,,,UNSP,UNSP,UNSP,unkn,UNSP,UNSP,UNSP,
USGS,2322500,239,10/18/1950,,Yes,RNM,USGS,1.9,1920,Good,,,,MEAS,1,Imported Channel 1,UNSP,QSCMM,unkno,1920,,,,UNSP,UNSP,UNSP,unkn,UNSP,UNSP,UNSP,
USGS,2322500,240,11/18/1950,,Yes,WEK,USGS,2.42,2230,Good,,,,MEAS,1,Imported Channel 1,UNSP,QSCMM,unkno,2230,,,,UNSP,UNSP,UNSP,unkn,UNSP,UNSP,UNSP,
USGS,2322500,241,1/9/1951,,Yes,WEK,USGS,1.48,1600,Good,,,,MEAS,1,Imported Channel 1,UNSP,QSCMM,unkno,1600,,,,UNSP,UNSP,UNSP,unkn,UNSP,UNSP,UNSP,
USGS,2322500,242,2/14/1951,,Yes,WEK,USGS,1.29,1350,Good,,,,MEAS,1,Imported Channel 1,UNSP,QSCMM,unkno,1350,,,,UNSP,UNSP,UNSP,unkn,UNSP,UNSP,UNSP,
USGS,2322500,243,3/27/1951,,Yes,WEK,USGS,1.3,1370,Fair,,,,MEAS,1,Imported Channel 1,UNSP,QSCMM,unkno,1370,,,,UNSP,UNSP,UNSP,unkn,UNSP,UNSP,UNSP,
USGS,2322500,244,5/8/1951,,Yes,WEK,USGS,1.07,1140,Good,,,,MEAS,1,Imported Channel 1,UNSP,QSCMM,unkno,1140,,,,UNSP,UNSP,UNSP,unkn,UNSP,UNSP,UNSP,
USGS,2322500,245,6/20/1951,,Yes,WEK,USGS,95,1060,Good,,,,MEAS,1,Imported Channel 1,UNSP,QSCMM,unkno,1060,,,,UNSP,UNSP,UNSP,unkn,UNSP,UNSP,UNSP,
USGS,2322500,246,7/31/1951,,Yes,WEK,USGS,0.97,1050,Good,,,,MEAS,1,Imported Channel 1,UNSP,QSCMM,unkno,1050,,,,UNSP,UNSP,UNSP,unkn,UNSP,UNSP,UNSP,
USGS,2322500,247,9/11/1951,,Yes,REC,USGS,0.97,1060,Unspecified,,,,MEAS,1,Imported Channel 1,UNSP,QSCMM,unkno,1060,,,,UNSP,UNSP,UNSP,unkn,UNSP,UNSP,UNSP,
USGS,2322500,248,10/23/1951,,Yes,REC,USGS,0.91,1120,Unspecified,,,,MEAS,1,Imported Channel 1,UNSP,QSCMM,unkno,1120,,,,UNSP,UNSP,UNSP,unkn,UNSP,UNSP,UNSP,
USGS,2322500,249,12/5/1951,,Yes,REC,USGS,1.2,1240,Unspecified,,,,MEAS,1,Imported Channel 1,UNSP,QSCMM,unkno,1240,,,,UNSP,UNSP,UNSP,unkn,UNSP,UNSP,UNSP,
USGS,2322500,250,1/15/1952,,Yes,REC,USGS,1,1060,Unspecified,,,,MEAS,1,Imported Channel 1,UNSP,QSCMM,unkno,1060,,,,UNSP,UNSP,UNSP,unkn,UNSP,UNSP,UNSP,
USGS,2322500,251,2/25/1952,,Yes,REC,USGS,2.08,1790,Unspecified,,,,MEAS,1,Imported Channel 1,UNSP,QSCMM,unkno,1790,,,,UNSP,UNSP,UNSP,unkn,UNSP,UNSP,UNSP,
USGS,2322500,252,4/8/1952,,Yes,REC,USGS,1.33,1280,Unspecified,,,,MEAS,1,Imported Channel 1,UNSP,QSCMM,unkno,1280,,,,UNSP,UNSP,UNSP,unkn,UNSP,UNSP,UNSP,
USGS,2322500,253,5/19/1952,,Yes,REC,USGS,1.16,1010,Unspecified,,,,MEAS,1,Imported Channel 1,UNSP,QSCMM,unkno,1010,,,,UNSP,UNSP,UNSP,unkn,UNSP,UNSP,UNSP,
USGS,2322500,254,7/1/1952,,Yes,REC,USGS,1.18,912,Unspecified,,,,MEAS,1,Imported Channel 1,UNSP,QSCMM,unkno,912,,,,UNSP,UNSP,UNSP,unkn,UNSP,UNSP,UNSP,
USGS,2322500,255,8/11/1952,,Yes,REC,USGS,1.09,962,Unspecified,,,,MEAS,1,Imported Channel 1,UNSP,QSCMM,unkno,962,,,,UNSP,UNSP,UNSP,unkn,UNSP,UNSP,UNSP,
USGS,2322500,256,9/22/1952,,Yes,REC,USGS,1.06,1000,Unspecified,,,,MEAS,1,Imported Channel 1,UNSP,QSCMM,unkno,1000,,,,UNSP,UNSP,UNSP,unkn,UNSP,UNSP,UNSP,
USGS,2322500,257,10/4/1952,,Yes,REC,USGS,1.02,1010,Unspecified,,,,MEAS,1,Imported Channel 1,UNSP,QSCMM,unkno,1010,,,,UNSP,UNSP,UNSP,unkn,UNSP,UNSP,UNSP,
USGS,2322500,258,12/15/1952,,Yes,REC,USGS,0.85,902,Unspecified,,,,MEAS,1,Imported Channel 1,UNSP,QSCMM,unkno,902,,,,UNSP,UNSP,UNSP,unkn,UNSP,UNSP,UNSP,
USGS,2322500,259,1/26/1953,,Yes,REC,USGS,1.05,1070,Unspecified,,,,MEAS,1,Imported Channel 1,UNSP,QSCMM,unkno,1070,,,,UNSP,UNSP,UNSP,unkn,UNSP,UNSP,UNSP,
USGS,2322500,260,3/9/1953,,Yes,REC,USGS,0.87,940,Unspecified,,,,MEAS,1,Imported Channel 1,UNSP,QSCMM,unkno,940,,,,UNSP,UNSP,UNSP,unkn,UNSP,UNSP,UNSP,
USGS,2322500,261,4/21/1953,,Yes,REC,USGS,2.99,2290,Unspecified,,,,MEAS,1,Imported Channel 1,UNSP,QSCMM,unkno,2290,,,,UNSP,UNSP,UNSP,unkn,UNSP,UNSP,UNSP,
USGS,2322500,262,6/2/1953,,Yes,REC,USGS,1.06,1100,Unspecified,,,,MEAS,1,Imported Channel 1,UNSP,QSCMM,unkno,1100,,,,UNSP,UNSP,UNSP,unkn,UNSP,UNSP,UNSP,
USGS,2322500,263,7/14/1953,,Yes,REC,USGS,1.04,1050,Unspecified,,,,MEAS,1,Imported Channel 1,UNSP,QSCMM,unkno,1050,,,,UNSP,UNSP,UNSP,unkn,UNSP,UNSP,UNSP,
USGS,2322500,264,8/25/1953,,Yes,REC,USGS,2.26,1790,Unspecified,,,,MEAS,1,Imported Channel 1,UNSP,QSCMM,unkno,1790,,,,UNSP,UNSP,UNSP,unkn,UNSP,UNSP,UNSP,
USGS,2322500,265,10/5/1953,,Yes,REC,USGS,4.57,3810,Unspecified,,,,MEAS,1,Imported Channel 1,UNSP,QSCMM,unkno,3810,,,,UNSP,UNSP,UNSP,unkn,UNSP,UNSP,UNSP,
USGS,2322500,266,11/24/1953,,Yes,REC,USGS,1.67,1660,Unspecified,,,,MEAS,1,Imported Channel 1,UNSP,QSCMM,unkno,1660,,,,UNSP,UNSP,UNSP,unkn,UNSP,UNSP,UNSP,
USGS,2322500,267,1/11/1954,,Yes,JEC,USGS,3.88,2930,Unspecified,,,,MEAS,1,Imported Channel 1,UNSP,QSCMM,unkno,2930,,,,UNSP,UNSP,UNSP,unkn,UNSP,UNSP,UNSP,
USGS,2322500,268,2/9/1954,,Yes,JEC,USGS,1.87,2000,Unspecified,,,,MEAS,1,Imported Channel 1,UNSP,QSCMM,unkno,2000,,,,UNSP,UNSP,UNSP,unkn,UNSP,UNSP,UNSP,
USGS,2322500,269,3/23/1954,,Yes,REC,USGS,1.51,1540,Unspecified,,,,MEAS,1,Imported Channel 1,UNSP,QSCMM,unkno,1540,,,,UNSP,UNSP,UNSP,unkn,UNSP,UNSP,UNSP,
USGS,2322500,270,5/6/1954,,Yes,REC,USGS,1.23,1270,Unspecified,,,,MEAS,1,Imported Channel 1,UNSP,QSCMM,unkno,1270,,,,UNSP,UNSP,UNSP,unkn,UNSP,UNSP,UNSP,
USGS,2322500,271,6/17/1954,,Yes,REC,USGS,1.06,1110,Unspecified,,,,MEAS,1,Imported Channel 1,UNSP,QSCMM,unkno,1110,,,,UNSP,UNSP,UNSP,unkn,UNSP,UNSP,UNSP,
USGS,2322500,272,7/29/1954,,Yes,REC,USGS,1.02,1060,Unspecified,,,,MEAS,1,Imported Channel 1,UNSP,QSCMM,unkno,1060,,,,UNSP,UNSP,UNSP,unkn,UNSP,UNSP,UNSP,
USGS,2322500,273,9/16/1954,,Yes,REC,USGS,0.98,961,Unspecified,,,,MEAS,1,Imported Channel 1,UNSP,QSCMM,unkno,961,,,,UNSP,UNSP,UNSP,unkn,UNSP,UNSP,UNSP,
USGS,2322500,274,10/28/1954,,Yes,REC,USGS,0.89,971,Unspecified,,,,MEAS,1,Imported Channel 1,UNSP,QSCMM,unkno,971,,,,UNSP,UNSP,UNSP,unkn,UNSP,UNSP,UNSP,
USGS,2322500,275,12/2/1954,,Yes,DLR,USGS,0.8,880,Unspecified,,,,MEAS,1,Imported Channel 1,UNSP,QSCMM,unkno,880,,,,UNSP,UNSP,UNSP,unkn,UNSP,UNSP,UNSP,
USGS,2322500,276,1/13/1955,,Yes,RHM,USGS,0.74,861,Unspecified,,,,MEAS,1,Imported Channel 1,UNSP,QSCMM,unkno,861,,,,UNSP,UNSP,UNSP,unkn,UNSP,UNSP,UNSP,
USGS,2322500,277,2/23/1955,,Yes,RHM,USGS,1.13,1100,Unspecified,,,,MEAS,1,Imported Channel 1,UNSP,QSCMM,unkno,1100,,,,UNSP,UNSP,UNSP,unkn,UNSP,UNSP,UNSP,
USGS,2322500,278,4/7/1955,,Yes,RHM,USGS,0.8,900,Unspecified,,,,MEAS,1,Imported Channel 1,UNSP,QSCMM,unkno,900,,,,UNSP,UNSP,UNSP,unkn,UNSP,UNSP,UNSP,
USGS,2322500,279,5/16/1955,,Yes,RHM,USGS,0.76,870,Unspecified,,,,MEAS,1,Imported Channel 1,UNSP,QSCMM,unkno,870,,,,UNSP,UNSP,UNSP,unkn,UNSP,UNSP,UNSP,
USGS,2322500,280,6/29/1955,,Yes,RHM,USGS,0.75,805,Unspecified,,,,MEAS,1,Imported Channel 1,UNSP,QSCMM,unkno,805,,,,UNSP,UNSP,UNSP,unkn,UNSP,UNSP,UNSP,
USGS,2322500,281,8/11/1955,,Yes,RHM,USGS,0.76,835,Unspecified,,,,MEAS,1,Imported Channel 1,UNSP,QSCMM,unkno,835,,,,UNSP,UNSP,UNSP,unkn,UNSP,UNSP,UNSP,
USGS,2322500,282,9/23/1955,,Yes,RHM,USGS,0.72,769,Unspecified,,,,MEAS,1,Imported Channel 1,UNSP,QSCMM,unkno,769,,,,UNSP,UNSP,UNSP,unkn,UNSP,UNSP,UNSP,
USGS,2322500,283,11/3/1955,,Yes,DLR,USGS,0.58,713,Unspecified,,,,MEAS,1,Imported Channel 1,UNSP,QSCMM,unkno,713,,,,UNSP,UNSP,UNSP,unkn,UNSP,UNSP,UNSP,
USGS,2322500,284,12/16/1955,,Yes,DLR,USGS,0.52,674,Unspecified,,,,MEAS,1,Imported Channel 1,UNSP,QSCMM,unkno,674,,,,UNSP,UNSP,UNSP,unkn,UNSP,UNSP,UNSP,
USGS,2322500,285,1/28/1956,,Yes,DLR,USGS,0.49,680,Unspecified,,,,MEAS,1,Imported Channel 1,UNSP,QSCMM,unkno,680,,,,UNSP,UNSP,UNSP,unkn,UNSP,UNSP,UNSP,
USGS,2322500,286,3/7/1956,,Yes,DLR,USGS,0.56,681,Unspecified,,,,MEAS,1,Imported Channel 1,UNSP,QSCMM,unkno,681,,,,UNSP,UNSP,UNSP,unkn,UNSP,UNSP,UNSP,
USGS,2322500,287,4/20/1956,,Yes,DLR,USGS,0.48,662,Unspecified,,,,MEAS,1,Imported Channel 1,UNSP,QSCMM,unkno,662,,,,UNSP,UNSP,UNSP,unkn,UNSP,UNSP,UNSP,
USGS,2322500,288,6/1/1956,,Yes,DLR,USGS,0.6,740,Unspecified,,,,MEAS,1,Imported Channel 1,UNSP,QSCMM,unkno,740,,,,UNSP,UNSP,UNSP,unkn,UNSP,UNSP,UNSP,
USGS,2322500,289,7/12/1956,,Yes,DLR,USGS,1.04,924,Fair,,,,MEAS,1,Imported Channel 1,UNSP,QSCMM,unkno,924,,,,UNSP,UNSP,UNSP,unkn,UNSP,UNSP,UNSP,
USGS,2322500,290,8/23/1956,,Yes,DLR,USGS,0.76,871,Fair,,,,MEAS,1,Imported Channel 1,UNSP,QSCMM,unkno,871,,,,UNSP,UNSP,UNSP,unkn,UNSP,UNSP,UNSP,
USGS,2322500,291,10/4/1956,,Yes,DLR,USGS,0.79,774,Fair,,,,MEAS,1,Imported Channel 1,UNSP,QSCMM,unkno,774,,,,UNSP,UNSP,UNSP,unkn,UNSP,UNSP,UNSP,
USGS,2322500,292,11/15/1956,,Yes,DLR,USGS,0.96,1020,Fair,,,,MEAS,1,Imported Channel 1,UNSP,QSCMM,unkno,1020,,,,UNSP,UNSP,UNSP,unkn,UNSP,UNSP,UNSP,
USGS,2322500,293,12/20/1956,,Yes,DLR,USGS,0.61,803,Fair,,,,MEAS,1,Imported Channel 1,UNSP,QSCMM,unkno,803,,,,UNSP,UNSP,UNSP,unkn,UNSP,UNSP,UNSP,
USGS,2322500,294,2/14/1957,,Yes,DLR,USGS,0.48,697,Good,,,,MEAS,1,Imported Channel 1,UNSP,QSCMM,unkno,697,,,,UNSP,UNSP,UNSP,unkn,UNSP,UNSP,UNSP,
USGS,2322500,295,4/10/1957,,Yes,DLR,USGS,0.56,700,Fair,,,,MEAS,1,Imported Channel 1,UNSP,QSCMM,unkno,700,,,,UNSP,UNSP,UNSP,unkn,UNSP,UNSP,UNSP,
USGS,2322500,296,6/5/1957,,Yes,GAR,USGS,0.63,696,Fair,,,,MEAS,1,Imported Channel 1,UNSP,QSCMM,unkno,696,,,,UNSP,UNSP,UNSP,unkn,UNSP,UNSP,UNSP,
USGS,2322500,297,6/18/1957,,Yes,GAR,USGS,3.76,2550,Fair,,,,MEAS,1,Imported Channel 1,UNSP,QSCMM,unkno,2550,,,,UNSP,UNSP,UNSP,unkn,UNSP,UNSP,UNSP,
USGS,2322500,298,8/7/1957,,Yes,GAR,USGS,1.74,1710,Good,,,,MEAS,1,Imported Channel 1,UNSP,QSCMM,unkno,1710,,,,UNSP,UNSP,UNSP,unkn,UNSP,UNSP,UNSP,
USGS,2322500,299,9/19/1957,,Yes,GAR,USGS,1.13,1200,Fair,,,,MEAS,1,Imported Channel 1,UNSP,QSCMM,unkno,1200,,,,UNSP,UNSP,UNSP,unkn,UNSP,UNSP,UNSP,
USGS,2322500,300,10/24/1957,,Yes,GAR,USGS,1.35,1960,Fair,,,,MEAS,1,Imported Channel 1,UNSP,QSCMM,unkno,1960,,,,UNSP,UNSP,UNSP,unkn,UNSP,UNSP,UNSP,
USGS,2322500,301,1/29/1958,,Yes,GAR,USGS,1.08,1150,Good,,,,MEAS,1,Imported Channel 1,UNSP,QSCMM,unkno,1150,,,,UNSP,UNSP,UNSP,unkn,UNSP,UNSP,UNSP,
USGS,2322500,302,3/26/1958,,Yes,GAR,USGS,2.84,2180,Fair,,,,MEAS,1,Imported Channel 1,UNSP,QSCMM,unkno,2180,,,,UNSP,UNSP,UNSP,unkn,UNSP,UNSP,UNSP,
USGS,2322500,303,4/3/1958,,Yes,GAR,USGS,2.36,2080,Good,,,,MEAS,1,Imported Channel 1,UNSP,QSCMM,unkno,2080,,,,UNSP,UNSP,UNSP,unkn,UNSP,UNSP,UNSP,
USGS,2322500,304,5/19/1958,,Yes,GAR,USGS,1.6,1430,Good,,,,MEAS,1,Imported Channel 1,UNSP,QSCMM,unkno,1430,,,,UNSP,UNSP,UNSP,unkn,UNSP,UNSP,UNSP,
USGS,2322500,305,7/16/1958,,Yes,GAR,USGS,2.14,1880,Fair,,,,MEAS,1,Imported Channel 1,UNSP,QSCMM,unkno,1880,,,,UNSP,UNSP,UNSP,unkn,UNSP,UNSP,UNSP,
USGS,2322500,306,9/8/1958,,Yes,GAR,USGS,1.36,1360,Good,,,,MEAS,1,Imported Channel 1,UNSP,QSCMM,unkno,1360,,,,UNSP,UNSP,UNSP,unkn,UNSP,UNSP,UNSP,
USGS,2322500,307,11/5/1958,,Yes,GAR,USGS,1.04,1110,Good,,,,MEAS,1,Imported Channel 1,UNSP,QSCMM,unkno,1110,,,,UNSP,UNSP,UNSP,unkn,UNSP,UNSP,UNSP,
USGS,2322500,308,1/7/1959,,Yes,GAR,USGS,2.18,2090,Good,,,,MEAS,1,Imported Channel 1,UNSP,QSCMM,unkno,2090,,,,UNSP,UNSP,UNSP,unkn,UNSP,UNSP,UNSP,
USGS,2322500,309,2/26/1959,,Yes,GAR,USGS,1.61,1610,Good,,,,MEAS,1,Imported Channel 1,UNSP,QSCMM,unkno,1610,,,,UNSP,UNSP,UNSP,unkn,UNSP,UNSP,UNSP,
USGS,2322500,310,3/29/1959,,Yes,WAJ,USGS,10.34,7480,Unspecified,,,,MEAS,1,Imported Channel 1,UNSP,QSCMM,unkno,7480,,,,UNSP,UNSP,UNSP,unkn,UNSP,UNSP,UNSP,
USGS,2322500,311,4/22/1959,,Yes,WAJ,USGS,4.5,2520,Unspecified,,,,MEAS,1,Imported Channel 1,UNSP,QSCMM,unkno,2520,,,,UNSP,UNSP,UNSP,unkn,UNSP,UNSP,UNSP,
USGS,2322500,312,4/29/1959,,Yes,WAJ,USGS,3.98,2970,Unspecified,,,,MEAS,1,Imported Channel 1,UNSP,QSCMM,unkno,2970,,,,UNSP,UNSP,UNSP,unkn,UNSP,UNSP,UNSP,
USGS,2322500,313,6/19/1959,,Yes,WAJ,USGS,4.96,3930,Unspecified,,,,MEAS,1,Imported Channel 1,UNSP,QSCMM,unkno,3930,,,,UNSP,UNSP,UNSP,unkn,UNSP,UNSP,UNSP,
USGS,2322500,314,8/10/1959,,Yes,WAJ,USGS,2.13,2030,Unspecified,,,,MEAS,1,Imported Channel 1,UNSP,QSCMM,unkno,2030,,,,UNSP,UNSP,UNSP,unkn,UNSP,UNSP,UNSP,
USGS,2322500,315,10/7/1959,,Yes,WAJ,USGS,2.3,2170,Unspecified,,,,MEAS,1,Imported Channel 1,UNSP,QSCMM,unkno,2170,,,,UNSP,UNSP,UNSP,unkn,UNSP,UNSP,UNSP,
USGS,2322500,316,12/3/1959,,Yes,PRP,USGS,1.74,1760,Unspecified,,,,MEAS,1,Imported Channel 1,UNSP,QSCMM,unkno,1760,,,,UNSP,UNSP,UNSP,unkn,UNSP,UNSP,UNSP,
USGS,2322500,317,1/27/1960,,Yes,PRP,USGS,1.37,1330,Unspecified,,,,MEAS,1,Imported Channel 1,UNSP,QSCMM,unkno,1330,,,,UNSP,UNSP,UNSP,unkn,UNSP,UNSP,UNSP,
USGS,2322500,318,3/25/1960,,Yes,PRP,USGS,7,5640,Unspecified,,,,MEAS,1,Imported Channel 1,UNSP,QSCMM,unkno,5640,,,,UNSP,UNSP,UNSP,unkn,UNSP,UNSP,UNSP,
USGS,2322500,319,4/26/1960,,Yes,PRP,USGS,3.88,2230,Unspecified,,,,MEAS,1,Imported Channel 1,UNSP,QSCMM,unkno,2230,,,,UNSP,UNSP,UNSP,unkn,UNSP,UNSP,UNSP,
USGS,2322500,320,5/25/1960,,Yes,PRP,USGS,1.74,1710,Unspecified,,,,MEAS,1,Imported Channel 1,UNSP,QSCMM,unkno,1710,,,,UNSP,UNSP,UNSP,unkn,UNSP,UNSP,UNSP,
USGS,2322500,321,7/22/1960,,Yes,ALM,USGS,3.17,2760,Unspecified,,,,MEAS,1,Imported Channel 1,UNSP,QSCMM,unkno,2760,,,,UNSP,UNSP,UNSP,unkn,UNSP,UNSP,UNSP,
USGS,2322500,322,9/15/1960,,Yes,ALM,USGS,3.51,3170,Unspecified,,,,MEAS,1,Imported Channel 1,UNSP,QSCMM,unkno,3170,,,,UNSP,UNSP,UNSP,unkn,UNSP,UNSP,UNSP,
USGS,2322500,323,11/8/1960,,Yes,ALM,USGS,2.2,2110,Unspecified,,,,MEAS,1,Imported Channel 1,UNSP,QSCMM,unkno,2110,,,,UNSP,UNSP,UNSP,unkn,UNSP,UNSP,UNSP,
USGS,2322500,324,1/6/1961,,Yes,ALM,USGS,1.99,1460,Unspecified,,,,MEAS,1,Imported Channel 1,UNSP,QSCMM,unkno,1460,,,,UNSP,UNSP,UNSP,unkn,UNSP,UNSP,UNSP,
USGS,2322500,325,2/21/1961,,Yes,ALM,USGS,1.7,1750,Unspecified,,,,MEAS,1,Imported Channel 1,UNSP,QSCMM,unkno,1750,,,,UNSP,UNSP,UNSP,unkn,UNSP,UNSP,UNSP,
USGS,2322500,326,4/24/1961,,Yes,ALM,USGS,1.87,1770,Unspecified,,,,MEAS,1,Imported Channel 1,UNSP,QSCMM,unkno,1770,,,,UNSP,UNSP,UNSP,unkn,UNSP,UNSP,UNSP,
USGS,2322500,327,6/13/1961,,Yes,ALM,USGS,1.16,1250,Unspecified,,,,MEAS,1,Imported Channel 1,UNSP,QSCMM,unkno,1250,,,,UNSP,UNSP,UNSP,unkn,UNSP,UNSP,UNSP,
USGS,2322500,328,8/11/1961,,Yes,ALM,USGS,1.87,1970,Unspecified,,,,MEAS,1,Imported Channel 1,UNSP,QSCMM,unkno,1970,,,,UNSP,UNSP,UNSP,unkn,UNSP,UNSP,UNSP,
USGS,2322500,329,9/6/1961,,Yes,ALM,USGS,4.35,3590,Unspecified,,,,MEAS,1,Imported Channel 1,UNSP,QSCMM,unkno,3590,,,,UNSP,UNSP,UNSP,unkn,UNSP,UNSP,UNSP,
USGS,2322500,330,11/2/1961,,Yes,CJC,USGS,1.19,1340,Good,,,,MEAS,1,Imported Channel 1,UNSP,QSCMM,unkno,1340,,,,UNSP,UNSP,UNSP,unkn,UNSP,UNSP,UNSP,
USGS,2322500,331,12/26/1961,,Yes,CJC,USGS,0.95,1190,Good,,,,MEAS,1,Imported Channel 1,UNSP,QSCMM,unkno,1190,,,,UNSP,UNSP,UNSP,unkn,UNSP,UNSP,UNSP,
USGS,2322500,332,2/12/1962,,Yes,CJC,USGS,0.77,979,Good,,,,MEAS,1,Imported Channel 1,UNSP,QSCMM,unkno,979,,,,UNSP,UNSP,UNSP,unkn,UNSP,UNSP,UNSP,
USGS,2322500,333,4/11/1962,,Yes,CJC,USGS,0.85,995,Good,,,,MEAS,1,Imported Channel 1,UNSP,QSCMM,unkno,995,,,,UNSP,UNSP,UNSP,unkn,UNSP,UNSP,UNSP,
USGS,2322500,334,6/5/1962,,Yes,CJC,USGS,0.69,875,Good,,,,MEAS,1,Imported Channel 1,UNSP,QSCMM,unkno,875,,,,UNSP,UNSP,UNSP,unkn,UNSP,UNSP,UNSP,
USGS,2322500,335,7/30/1962,,Yes,CJC,USGS,0.83,860,Good,,,,MEAS,1,Imported Channel 1,UNSP,QSCMM,unkno,860,,,,UNSP,UNSP,UNSP,unkn,UNSP,UNSP,UNSP,
USGS,2322500,336,7/31/1962,,Yes,CJC,USGS,0.89,959,Good,,,,MEAS,1,Imported Channel 1,UNSP,QSCMM,unkno,959,,,,UNSP,UNSP,UNSP,unkn,UNSP,UNSP,UNSP,
USGS,2322500,337,9/25/1962,,Yes,CJC,USGS,1.04,1130,Good,,,,MEAS,1,Imported Channel 1,UNSP,QSCMM,unkno,1130,,,,UNSP,UNSP,UNSP,unkn,UNSP,UNSP,UNSP,
USGS,2322500,338,11/19/1962,,Yes,CJC,USGS,0.75,917,Good,,,,MEAS,1,Imported Channel 1,UNSP,QSCMM,unkno,917,,,,UNSP,UNSP,UNSP,unkn,UNSP,UNSP,UNSP,
USGS,2322500,339,1/10/1963,,Yes,CJC,USGS,0.69,865,Fair,,,,MEAS,1,Imported Channel 1,UNSP,QSCMM,unkno,865,,,,UNSP,UNSP,UNSP,unkn,UNSP,UNSP,UNSP,
USGS,2322500,340,3/8/1963,,Yes,CJC,USGS,2.06,1960,Good,,,,MEAS,1,Imported Channel 1,UNSP,QSCMM,unkno,1960,,,,UNSP,UNSP,UNSP,unkn,UNSP,UNSP,UNSP,
USGS,2322500,341,4/25/1963,,Yes,CJC,USGS,0.91,1040,Unspecified,,,,MEAS,1,Imported Channel 1,UNSP,QSCMM,unkno,1040,,,,UNSP,UNSP,UNSP,unkn,UNSP,UNSP,UNSP,
USGS,2322500,342,6/14/1963,,Yes,JLB,USGS,0.76,900,Poor,,,,MEAS,1,Imported Channel 1,UNSP,QSCMM,unkno,900,,,,UNSP,UNSP,UNSP,unkn,UNSP,UNSP,UNSP,
USGS,2322500,343,7/26/1963,,Yes,JLB,USGS,1.3,1340,Unspecified,,,,MEAS,1,Imported Channel 1,UNSP,QSCMM,unkno,1340,,,,UNSP,UNSP,UNSP,unkn,UNSP,UNSP,UNSP,
USGS,2322500,344,9/13/1963,,Yes,JLB,USGS,1.47,1520,Unspecified,,,,MEAS,1,Imported Channel 1,UNSP,QSCMM,unkno,1520,,,,UNSP,UNSP,UNSP,unkn,UNSP,UNSP,UNSP,
USGS,2322500,345,10/24/1963,,Yes,JLB,USGS,0.95,1080,Unspecified,,,,MEAS,1,Imported Channel 1,UNSP,QSCMM,unkno,1080,,,,UNSP,UNSP,UNSP,unkn,UNSP,UNSP,UNSP,
USGS,2322500,346,12/6/1963,,Yes,JLB,USGS,0.68,888,Unspecified,,,,MEAS,1,Imported Channel 1,UNSP,QSCMM,unkno,888,,,,UNSP,UNSP,UNSP,unkn,UNSP,UNSP,UNSP,
USGS,2322500,347,1/30/1964,,Yes,CJC,USGS,2.46,2050,Unspecified,,,,MEAS,1,Imported Channel 1,UNSP,QSCMM,unkno,2050,,,,UNSP,UNSP,UNSP,unkn,UNSP,UNSP,UNSP,
USGS,2322500,348,1/31/1964,,Yes,CJC,USGS,2.5,2090,Unspecified,,,,MEAS,1,Imported Channel 1,UNSP,QSCMM,unkno,2090,,,,UNSP,UNSP,UNSP,unkn,UNSP,UNSP,UNSP,
USGS,2322500,349,3/17/1964,,Yes,CJC,USGS,4.82,2150,Unspecified,,,,MEAS,1,Imported Channel 1,UNSP,QSCMM,unkno,2150,,,,UNSP,UNSP,UNSP,unkn,UNSP,UNSP,UNSP,
USGS,2322500,350,3/26/1964,,Yes,CJC,USGS,3.69,2000,Unspecified,,,,MEAS,1,Imported Channel 1,UNSP,QSCMM,unkno,2000,,,,UNSP,UNSP,UNSP,unkn,UNSP,UNSP,UNSP,
USGS,2322500,351,4/9/1964,,Yes,CJC,USGS,1.78,1590,Unspecified,,,,MEAS,1,Imported Channel 1,UNSP,QSCMM,unkno,1590,,,,UNSP,UNSP,UNSP,unkn,UNSP,UNSP,UNSP,
USGS,2322500,352,4/16/1964,,Yes,CJC,USGS,1.43,1470,Unspecified,,,,MEAS,1,Imported Channel 1,UNSP,QSCMM,unkno,1470,,,,UNSP,UNSP,UNSP,unkn,UNSP,UNSP,UNSP,
USGS,2322500,353,5/13/1964,,Yes,CJC,USGS,4.83,2590,Unspecified,,,,MEAS,1,Imported Channel 1,UNSP,QSCMM,unkno,2590,,,,UNSP,UNSP,UNSP,unkn,UNSP,UNSP,UNSP,
USGS,2322500,354,5/19/1964,,Yes,CJC,USGS,4.38,2030,Unspecified,,,,MEAS,1,Imported Channel 1,UNSP,QSCMM,unkno,2030,,,,UNSP,UNSP,UNSP,unkn,UNSP,UNSP,UNSP,
USGS,2322500,355,5/27/1964,,Yes,CJC,USGS,2.11,1680,Unspecified,,,,MEAS,1,Imported Channel 1,UNSP,QSCMM,unkno,1680,,,,UNSP,UNSP,UNSP,unkn,UNSP,UNSP,UNSP,
USGS,2322500,356,6/11/1964,,Yes,CJC,USGS,1.23,1220,Unspecified,,,,MEAS,1,Imported Channel 1,UNSP,QSCMM,unkno,1220,,,,UNSP,UNSP,UNSP,unkn,UNSP,UNSP,UNSP,
USGS,2322500,357,8/6/1964,,Yes,FES,USGS,1.86,1700,Unspecified,,,,MEAS,1,Imported Channel 1,UNSP,QSCMM,unkno,1700,,,,UNSP,UNSP,UNSP,unkn,UNSP,UNSP,UNSP,
USGS,2322500,358,9/15/1964,,Yes,FES,USGS,13.98,16400,Unspecified,,,,MEAS,1,Imported Channel 1,UNSP,QSCMM,unkno,16400,,,,UNSP,UNSP,UNSP,unkn,UNSP,UNSP,UNSP,
USGS,2322500,359,9/16/1964,,Yes,FES,USGS,15.33,17600,Unspecified,,,,MEAS,1,Imported Channel 1,UNSP,QSCMM,unkno,17600,,,,UNSP,UNSP,UNSP,unkn,UNSP,UNSP,UNSP,
USGS,2322500,360,9/18/1964,,Yes,FES,USGS,14.52,13700,Unspecified,,,,MEAS,1,Imported Channel 1,UNSP,QSCMM,unkno,13700,,,,UNSP,UNSP,UNSP,unkn,UNSP,UNSP,UNSP,
USGS,2322500,361,9/23/1964,,Yes,FES,USGS,9.85,9700,Unspecified,,,,MEAS,1,Imported Channel 1,UNSP,QSCMM,unkno,9700,,,,UNSP,UNSP,UNSP,unkn,UNSP,UNSP,UNSP,
USGS,2322500,362,10/9/1964,,Yes,FES,USGS,5.16,4660,Unspecified,,,,MEAS,1,Imported Channel 1,UNSP,QSCMM,unkno,4660,,,,UNSP,UNSP,UNSP,unkn,UNSP,UNSP,UNSP,
USGS,2322500,363,11/19/1964,,Yes,FES,USGS,2.1,2120,Unspecified,,,,MEAS,1,Imported Channel 1,UNSP,QSCMM,unkno,2120,,,,UNSP,UNSP,UNSP,unkn,UNSP,UNSP,UNSP,
USGS,2322500,364,1/8/1965,,Yes,HIF,USGS,5.12,3630,Unspecified,,,,MEAS,1,Imported Channel 1,UNSP,QSCMM,unkno,3630,,,,UNSP,UNSP,UNSP,unkn,UNSP,UNSP,UNSP,
USGS,2322500,365,3/12/1965,,Yes,HIF,USGS,6.29,6130,Unspecified,,,,MEAS,1,Imported Channel 1,UNSP,QSCMM,unkno,6130,,,,UNSP,UNSP,UNSP,unkn,UNSP,UNSP,UNSP,
USGS,2322500,366,3/19/1965,,Yes,HIF,USGS,5.83,5630,Unspecified,,,,MEAS,1,Imported Channel 1,UNSP,QSCMM,unkno,5630,,,,UNSP,UNSP,UNSP,unkn,UNSP,UNSP,UNSP,
USGS,2322500,368,4/18/1965,,Yes,HIF,USGS,2.07,2050,Unspecified,,,,MEAS,1,Imported Channel 1,UNSP,QSCMM,unkno,2050,,,,UNSP,UNSP,UNSP,unkn,UNSP,UNSP,UNSP,
USGS,2322500,367,4/30/1965,,Yes,HIF,USGS,2.52,2320,Unspecified,,,,MEAS,1,Imported Channel 1,UNSP,QSCMM,unkno,2320,,,,UNSP,UNSP,UNSP,unkn,UNSP,UNSP,UNSP,
USGS,2322500,369,7/30/1965,,Yes,HIF,USGS,2.48,2310,Unspecified,,,,MEAS,1,Imported Channel 1,UNSP,QSCMM,unkno,2310,,,,UNSP,UNSP,UNSP,unkn,UNSP,UNSP,UNSP,
USGS,2322500,370,9/24/1965,,Yes,HIF,USGS,2.44,2260,Unspecified,,,,MEAS,1,Imported Channel 1,UNSP,QSCMM,unkno,2260,,,,UNSP,UNSP,UNSP,unkn,UNSP,UNSP,UNSP,
USGS,2322500,371,10/29/1965,,Yes,HIF,USGS,2.24,2210,Unspecified,,,,MEAS,1,Imported Channel 1,UNSP,QSCMM,unkno,2210,,,,UNSP,UNSP,UNSP,unkn,UNSP,UNSP,UNSP,
USGS,2322500,372,12/10/1965,,Yes,HIF,USGS,1.61,1790,Unspecified,,,,MEAS,1,Imported Channel 1,UNSP,QSCMM,unkno,1790,,,,UNSP,UNSP,UNSP,unkn,UNSP,UNSP,UNSP,
USGS,2322500,373,2/4/1966,,Yes,ETW,USGS,3.78,3310,Unspecified,,,,MEAS,1,Imported Channel 1,UNSP,QSCMM,unkno,3310,,,,UNSP,UNSP,UNSP,unkn,UNSP,UNSP,UNSP,
USGS,2322500,374,3/17/1966,,Yes,ETW,USGS,6.56,5960,Unspecified,,,,MEAS,1,Imported Channel 1,UNSP,QSCMM,unkno,5960,,,,UNSP,UNSP,UNSP,unkn,UNSP,UNSP,UNSP,
USGS,2322500,375,5/13/1966,,Yes,ETW,USGS,4.02,3600,Unspecified,,,,MEAS,1,Imported Channel 1,UNSP,QSCMM,unkno,3600,,,,UNSP,UNSP,UNSP,unkn,UNSP,UNSP,UNSP,
USGS,2322500,376,6/23/1966,,Yes,ETW,USGS,3.55,2960,Unspecified,,,,MEAS,1,Imported Channel 1,UNSP,QSCMM,unkno,2960,,,,UNSP,UNSP,UNSP,unkn,UNSP,UNSP,UNSP,
USGS,2322500,377,8/12/1966,,Yes,ETW,USGS,3.78,3180,Unspecified,,,,MEAS,1,Imported Channel 1,UNSP,QSCMM,unkno,3180,,,,UNSP,UNSP,UNSP,unkn,UNSP,UNSP,UNSP,
USGS,2322500,378,9/22/1966,,Yes,ETW,USGS,2.1,2080,Unspecified,,,,MEAS,1,Imported Channel 1,UNSP,QSCMM,unkno,2080,,,,UNSP,UNSP,UNSP,unkn,UNSP,UNSP,UNSP,
USGS,2322500,379,11/4/1966,,Yes,LLB,USGS,2.14,2210,Unspecified,,,,MEAS,1,Imported Channel 1,UNSP,QSCMM,unkno,2210,,,,UNSP,UNSP,UNSP,unkn,UNSP,UNSP,UNSP,
USGS,2322500,380,12/24/1966,,Yes,LLB,USGS,1.5,1740,Unspecified,,,,MEAS,1,Imported Channel 1,UNSP,QSCMM,unkno,1740,,,,UNSP,UNSP,UNSP,unkn,UNSP,UNSP,UNSP,
USGS,2322500,381,2/9/1967,,Yes,LLB,USGS,1.5,1500,Unspecified,,,,MEAS,1,Imported Channel 1,UNSP,QSCMM,unkno,1500,,,,UNSP,UNSP,UNSP,unkn,UNSP,UNSP,UNSP,
USGS,2322500,382,3/23/1967,,Yes,LLB,USGS,1.8,1790,Unspecified,,,,MEAS,1,Imported Channel 1,UNSP,QSCMM,unkno,1790,,,,UNSP,UNSP,UNSP,unkn,UNSP,UNSP,UNSP,
USGS,2322500,383,5/15/1967,,Yes,LLB,USGS,1.26,1360,Unspecified,,,,MEAS,1,Imported Channel 1,UNSP,QSCMM,unkno,1360,,,,UNSP,UNSP,UNSP,unkn,UNSP,UNSP,UNSP,
USGS,2322500,384,6/23/1967,,Yes,LLB,USGS,1.12,1090,Unspecified,,,,MEAS,1,Imported Channel 1,UNSP,QSCMM,unkno,1090,,,,UNSP,UNSP,UNSP,unkn,UNSP,UNSP,UNSP,
USGS,2322500,385,8/15/1967,,Yes,DLC,USGS,2.04,2050,Unspecified,,,,MEAS,1,Imported Channel 1,UNSP,QSCMM,unkno,2050,,,,UNSP,UNSP,UNSP,unkn,UNSP,UNSP,UNSP,
USGS,2322500,386,9/21/1967,,Yes,DLC,USGS,1.6,1680,Unspecified,,,,MEAS,1,Imported Channel 1,UNSP,QSCMM,unkno,1680,,,,UNSP,UNSP,UNSP,unkn,UNSP,UNSP,UNSP,
USGS,2322500,387,11/2/1967,,Yes,DLC,USGS,1.15,1050,Unspecified,,,,MEAS,1,Imported Channel 1,UNSP,QSCMM,unkno,1050,,,,UNSP,UNSP,UNSP,unkn,UNSP,UNSP,UNSP,
USGS,2322500,388,1/5/1968,,Yes,DLC,USGS,1.12,1310,Unspecified,,,,MEAS,1,Imported Channel 1,UNSP,QSCMM,unkno,1310,,,,UNSP,UNSP,UNSP,unkn,UNSP,UNSP,UNSP,
USGS,2322500,389,2/1/1968,,Yes,DLC,USGS,1,1140,Unspecified,,,,MEAS,1,Imported Channel 1,UNSP,QSCMM,unkno,1140,,,,UNSP,UNSP,UNSP,unkn,UNSP,UNSP,UNSP,
USGS,2322500,390,3/28/1968,,Yes,DLC,USGS,0.96,1110,Unspecified,,,,MEAS,1,Imported Channel 1,UNSP,QSCMM,unkno,1110,,,,UNSP,UNSP,UNSP,unkn,UNSP,UNSP,UNSP,
USGS,2322500,391,5/3/1968,,Yes,DLC,USGS,0.85,1010,Unspecified,,,,MEAS,1,Imported Channel 1,UNSP,QSCMM,unkno,1010,,,,UNSP,UNSP,UNSP,unkn,UNSP,UNSP,UNSP,
USGS,2322500,392,6/14/1968,,Yes,DLC,USGS,0.82,985,Unspecified,,,,MEAS,1,Imported Channel 1,UNSP,QSCMM,unkno,985,,,,UNSP,UNSP,UNSP,unkn,UNSP,UNSP,UNSP,
USGS,2322500,393,7/26/1968,,Yes,DLC,USGS,1,1150,Unspecified,,,,MEAS,1,Imported Channel 1,UNSP,QSCMM,unkno,1150,,,,UNSP,UNSP,UNSP,unkn,UNSP,UNSP,UNSP,
USGS,2322500,394,9/5/1968,,Yes,DLC,USGS,7.22,6550,Unspecified,,,,MEAS,1,Imported Channel 1,UNSP,QSCMM,unkno,6550,,,,UNSP,UNSP,UNSP,unkn,UNSP,UNSP,UNSP,
USGS,2322500,395,10/29/1968,,Yes,DLC,USGS,1.49,1620,Unspecified,,,,MEAS,1,Imported Channel 1,UNSP,QSCMM,unkno,1620,,,,UNSP,UNSP,UNSP,unkn,UNSP,UNSP,UNSP,
USGS,2322500,396,12/9/1968,,Yes,DLC,USGS,1.08,1370,Unspecified,,,,MEAS,1,Imported Channel 1,UNSP,QSCMM,unkno,1370,,,,UNSP,UNSP,UNSP,unkn,UNSP,UNSP,UNSP,
USGS,2322500,397,1/27/1969,,Yes,DLC,USGS,0.92,1170,Unspecified,,,,MEAS,1,Imported Channel 1,UNSP,QSCMM,unkno,1170,,,,UNSP,UNSP,UNSP,unkn,UNSP,UNSP,UNSP,
USGS,2322500,398,3/10/1969,,Yes,SCO,USGS,1.42,1650,Unspecified,,,,MEAS,1,Imported Channel 1,UNSP,QSCMM,unkno,1650,,,,UNSP,UNSP,UNSP,unkn,UNSP,UNSP,UNSP,
USGS,2322500,399,4/24/1969,,Yes,SCO,USGS,1.33,1510,Unspecified,,,,MEAS,1,Imported Channel 1,UNSP,QSCMM,unkno,1510,,,,UNSP,UNSP,UNSP,unkn,UNSP,UNSP,UNSP,
USGS,2322500,400,6/16/1969,,Yes,SCO,USGS,0.98,1150,Unspecified,,,,MEAS,1,Imported Channel 1,UNSP,QSCMM,unkno,1150,,,,UNSP,UNSP,UNSP,unkn,UNSP,UNSP,UNSP,
USGS,2322500,401,8/12/1969,,Yes,SCO,USGS,1.52,1560,Unspecified,,,,MEAS,1,Imported Channel 1,UNSP,QSCMM,unkno,1560,,,,UNSP,UNSP,UNSP,unkn,UNSP,UNSP,UNSP,
USGS,2322500,402,9/29/1969,,Yes,SCO,USGS,1.75,1810,Unspecified,,,,MEAS,1,Imported Channel 1,UNSP,QSCMM,unkno,1810,,,,UNSP,UNSP,UNSP,unkn,UNSP,UNSP,UNSP,
USGS,2322500,403,1/5/1970,,Yes,LLB,USGS,2.56,2380,Unspecified,,,,MEAS,1,Imported Channel 1,UNSP,QSCMM,unkno,2380,,,,UNSP,UNSP,UNSP,unkn,UNSP,UNSP,UNSP,
USGS,2322500,404,3/2/1970,,Yes,LLB,USGS,319,2860,Unspecified,,,,MEAS,1,Imported Channel 1,UNSP,QSCMM,unkno,2860,,,,UNSP,UNSP,UNSP,unkn,UNSP,UNSP,UNSP,
USGS,2322500,405,5/22/1970,,Yes,LLB,USGS,1.86,1920,Unspecified,,,,MEAS,1,Imported Channel 1,UNSP,QSCMM,unkno,1920,,,,UNSP,UNSP,UNSP,unkn,UNSP,UNSP,UNSP,
USGS,2322500,406,6/26/1970,,Yes,LLB,USGS,1.51,1610,Unspecified,,,,MEAS,1,Imported Channel 1,UNSP,QSCMM,unkno,1610,,,,UNSP,UNSP,UNSP,unkn,UNSP,UNSP,UNSP,
USGS,2322500,407,8/21/1970,,Yes,LLB,USGS,4.55,3480,Unspecified,,,,MEAS,1,Imported Channel 1,UNSP,QSCMM,unkno,3480,,,,UNSP,UNSP,UNSP,unkn,UNSP,UNSP,UNSP,
USGS,2322500,408,9/28/1970,,Yes,LLB,USGS,2.26,2180,Unspecified,,,,MEAS,1,Imported Channel 1,UNSP,QSCMM,unkno,2180,,,,UNSP,UNSP,UNSP,unkn,UNSP,UNSP,UNSP,
USGS,2322500,409,11/11/1970,,Yes,LLB,USGS,1.31,1450,Unspecified,,,,MEAS,1,Imported Channel 1,UNSP,QSCMM,unkno,1450,,,,UNSP,UNSP,UNSP,unkn,UNSP,UNSP,UNSP,
USGS,2322500,410,12/30/1970,,Yes,LLB,USGS,1.05,1230,Unspecified,,,,MEAS,1,Imported Channel 1,UNSP,QSCMM,unkno,1230,,,,UNSP,UNSP,UNSP,unkn,UNSP,UNSP,UNSP,
USGS,2322500,411,2/18/1971,,Yes,LLB,USGS,1.22,1300,Unspecified,,,,MEAS,1,Imported Channel 1,UNSP,QSCMM,unkno,1300,,,,UNSP,UNSP,UNSP,unkn,UNSP,UNSP,UNSP,
USGS,2322500,412,4/5/1971,,Yes,LLB,USGS,1.03,1200,Unspecified,,,,MEAS,1,Imported Channel 1,UNSP,QSCMM,unkno,1200,,,,UNSP,UNSP,UNSP,unkn,UNSP,UNSP,UNSP,
USGS,2322500,413,5/24/1971,,Yes,LLB,USGS,0.85,986,Unspecified,,,,MEAS,1,Imported Channel 1,UNSP,QSCMM,unkno,986,,,,UNSP,UNSP,UNSP,unkn,UNSP,UNSP,UNSP,
USGS,2322500,414,7/13/1971,,Yes,LLB,USGS,0.87,1010,Unspecified,,,,MEAS,1,Imported Channel 1,UNSP,QSCMM,unkno,1010,,,,UNSP,UNSP,UNSP,unkn,UNSP,UNSP,UNSP,
USGS,2322500,415,9/3/1971,,Yes,LLB,USGS,3.62,3020,Unspecified,,,,MEAS,1,Imported Channel 1,UNSP,QSCMM,unkno,3020,,,,UNSP,UNSP,UNSP,unkn,UNSP,UNSP,UNSP,
USGS,2322500,416,10/22/1971,,Yes,LLB,USGS,1.55,1600,Unspecified,,,,MEAS,1,Imported Channel 1,UNSP,QSCMM,unkno,1600,,,,UNSP,UNSP,UNSP,unkn,UNSP,UNSP,UNSP,
USGS,2322500,417,12/9/1971,,Yes,LLB,USGS,1.6,1660,Unspecified,,,,MEAS,1,Imported Channel 1,UNSP,QSCMM,unkno,1660,,,,UNSP,UNSP,UNSP,unkn,UNSP,UNSP,UNSP,
USGS,2322500,418,2/7/1972,,Yes,LLB,USGS,3.33,2510,Unspecified,,,,MEAS,1,Imported Channel 1,UNSP,QSCMM,unkno,2510,,,,UNSP,UNSP,UNSP,unkn,UNSP,UNSP,UNSP,
USGS,2322500,419,3/15/1972,,Yes,LLB,USGS,2.13,1810,Unspecified,,,,MEAS,1,Imported Channel 1,UNSP,QSCMM,unkno,1810,,,,UNSP,UNSP,UNSP,unkn,UNSP,UNSP,UNSP,
USGS,2322500,420,4/28/1972,,Yes,LLB,USGS,1.68,1110,Unspecified,,,,MEAS,1,Imported Channel 1,UNSP,QSCMM,unkno,1110,,,,UNSP,UNSP,UNSP,unkn,UNSP,UNSP,UNSP,
USGS,2322500,421,4/29/1972,,Yes,LLB,USGS,1.72,1730,Unspecified,,,,MEAS,1,Imported Channel 1,UNSP,QSCMM,unkno,1730,,,,UNSP,UNSP,UNSP,unkn,UNSP,UNSP,UNSP,
USGS,2322500,422,8/3/1972,,Yes,LLB,USGS,1.7,1740,Unspecified,,,,MEAS,1,Imported Channel 1,UNSP,QSCMM,unkno,1740,,,,UNSP,UNSP,UNSP,unkn,UNSP,UNSP,UNSP,
USGS,2322500,423,10/6/1972,,Yes,LLB,USGS,1.57,1630,Unspecified,,,,MEAS,1,Imported Channel 1,UNSP,QSCMM,unkno,1630,,,,UNSP,UNSP,UNSP,unkn,UNSP,UNSP,UNSP,
USGS,2322500,424,11/14/1972,,Yes,LLB,USGS,1.19,1120,Unspecified,,,,MEAS,1,Imported Channel 1,UNSP,QADCP,VADCP,1120,,,,UNSP,UNSP,UNSP,unkn,UNSP,UNSP,UNSP,
USGS,2322500,425,1/15/1973,,Yes,LLB,USGS,1.39,1430,Unspecified,,,,MEAS,1,Imported Channel 1,UNSP,QSCMM,unkno,1430,,,,UNSP,UNSP,UNSP,unkn,UNSP,UNSP,UNSP,
USGS,2322500,426,2/23/1973,,Yes,LLB,USGS,3.64,2560,Unspecified,,,,MEAS,1,Imported Channel 1,UNSP,QSCMM,unkno,2560,,,,UNSP,UNSP,UNSP,unkn,UNSP,UNSP,UNSP,
USGS,2322500,427,4/9/1973,,Yes,LLB,USGS,8.43,6560,Unspecified,,,,MEAS,1,Imported Channel 1,UNSP,QSCMM,unkno,6560,,,,UNSP,UNSP,UNSP,unkn,UNSP,UNSP,UNSP,
USGS,2322500,428,4/19/1973,,Yes,LLB,USGS,10.25,12700,Unspecified,,,,MEAS,1,Imported Channel 1,UNSP,QSCMM,unkno,12700,,,,UNSP,UNSP,UNSP,unkn,UNSP,UNSP,UNSP,
USGS,2322500,429,4/25/1973,,Yes,LLB,USGS,9,10200,Unspecified,,,,MEAS,1,Imported Channel 1,UNSP,QSCMM,unkno,10200,,,,UNSP,UNSP,UNSP,unkn,UNSP,UNSP,UNSP,
USGS,2322500,430,6/19/1973,,Yes,LLB,USGS,2.1,1510,Unspecified,,,,MEAS,1,Imported Channel 1,UNSP,QSCMM,unkno,1510,,,,UNSP,UNSP,UNSP,unkn,UNSP,UNSP,UNSP,
USGS,2322500,431,7/21/1973,,Yes,LLB,USGS,2.21,1720,Unspecified,,,,MEAS,1,Imported Channel 1,UNSP,QSCMM,unkno,1720,,,,UNSP,UNSP,UNSP,unkn,UNSP,UNSP,UNSP,
USGS,2322500,432,9/7/1973,,Yes,LLB,USGS,1.63,1650,Unspecified,,,,MEAS,1,Imported Channel 1,UNSP,QSCMM,unkno,1650,,,,UNSP,UNSP,UNSP,unkn,UNSP,UNSP,UNSP,
USGS,2322500,433,10/26/1973,,Yes,LLB,USGS,1.08,1240,Unspecified,,,,MEAS,1,Imported Channel 1,UNSP,QSCMM,unkno,1240,,,,UNSP,UNSP,UNSP,unkn,UNSP,UNSP,UNSP,
USGS,2322500,434,12/14/1973,,Yes,LLB,USGS,0.9,1140,Unspecified,,,,MEAS,1,Imported Channel 1,UNSP,QSCMM,unkno,1140,,,,UNSP,UNSP,UNSP,unkn,UNSP,UNSP,UNSP,
USGS,2322500,435,2/1/1974,,Yes,LLB,USGS,0.81,984,Unspecified,,,,MEAS,1,Imported Channel 1,UNSP,QSCMM,unkno,984,,,,UNSP,UNSP,UNSP,unkn,UNSP,UNSP,UNSP,
USGS,2322500,436,3/29/1974,,Yes,LLB,USGS,1,1040,Unspecified,,,,MEAS,1,Imported Channel 1,UNSP,QSCMM,unkno,1040,,,,UNSP,UNSP,UNSP,unkn,UNSP,UNSP,UNSP,
USGS,2322500,437,5/23/1974,,Yes,LLB,USGS,1.08,1170,Unspecified,,,,MEAS,1,Imported Channel 1,UNSP,QSCMM,unkno,1170,,,,UNSP,UNSP,UNSP,unkn,UNSP,UNSP,UNSP,
USGS,2322500,438,7/19/1974,,Yes,LLB,USGS,1,1110,Unspecified,,,,MEAS,1,Imported Channel 1,UNSP,QSCMM,unkno,1110,,,,UNSP,UNSP,UNSP,unkn,UNSP,UNSP,UNSP,
USGS,2322500,440,9/8/1974,,Yes,LLB,USGS,0.81,1060,Unspecified,,,,MEAS,1,Imported Channel 1,UNSP,QSCMM,unkno,1060,,,,UNSP,UNSP,UNSP,unkn,UNSP,UNSP,UNSP,
USGS,2322500,439,9/13/1974,,Yes,LLB,USGS,3.12,2040,Unspecified,,,,MEAS,1,Imported Channel 1,UNSP,QSCMM,unkno,2040,,,,UNSP,UNSP,UNSP,unkn,UNSP,UNSP,UNSP,
USGS,2322500,441,1/8/1975,,Yes,LLB,USGS,0.65,959,Unspecified,,,,MEAS,1,Imported Channel 1,UNSP,QSCMM,unkno,959,,,,UNSP,UNSP,UNSP,unkn,UNSP,UNSP,UNSP,
USGS,2322500,442,3/4/1975,,Yes,JEC,USGS,1.1,1260,Unspecified,,,,MEAS,1,Imported Channel 1,UNSP,QSCMM,unkno,1260,,,,UNSP,UNSP,UNSP,unkn,UNSP,UNSP,UNSP,
USGS,2322500,443,5/6/1975,,Yes,JEC,USGS,1.95,1730,Unspecified,,,,MEAS,1,Imported Channel 1,UNSP,QSCMM,unkno,1730,,,,UNSP,UNSP,UNSP,unkn,UNSP,UNSP,UNSP,
USGS,2322500,444,5/7/1975,,Yes,JEC,USGS,1.82,1830,Unspecified,,,,MEAS,1,Imported Channel 1,UNSP,QADCP,VADCP,1830,,,,UNSP,UNSP,UNSP,unkn,UNSP,UNSP,UNSP,
USGS,2322500,445,6/26/1975,,Yes,JEC,USGS,0.74,964,Unspecified,,,,MEAS,1,Imported Channel 1,UNSP,QSCMM,unkno,964,,,,UNSP,UNSP,UNSP,unkn,UNSP,UNSP,UNSP,
USGS,2322500,446,9/16/1975,,Yes,JEC,USGS,1.42,1490,Unspecified,,,,MEAS,1,Imported Channel 1,UNSP,QSCMM,unkno,1490,,,,UNSP,UNSP,UNSP,unkn,UNSP,UNSP,UNSP,
USGS,2322500,447,11/11/1975,,Yes,JEC,USGS,1,1170,Unspecified,,,,MEAS,1,Imported Channel 1,UNSP,QSCMM,unkno,1170,,,,UNSP,UNSP,UNSP,unkn,UNSP,UNSP,UNSP,
USGS,2322500,448,1/13/1976,,Yes,JEC,USGS,0.96,1110,Unspecified,,,,MEAS,1,Imported Channel 1,UNSP,QSCMM,unkno,1110,,,,UNSP,UNSP,UNSP,unkn,UNSP,UNSP,UNSP,
USGS,2322500,449,3/4/1976,,Yes,JEC,USGS,0.8,958,Unspecified,,,,MEAS,1,Imported Channel 1,UNSP,QSCMM,unkno,958,,,,UNSP,UNSP,UNSP,unkn,UNSP,UNSP,UNSP,
USGS,2322500,450,5/10/1976,,Yes,JDG,USGS,0.64,826,Unspecified,,,,MEAS,1,Imported Channel 1,UNSP,QSCMM,unkno,826,,,,UNSP,UNSP,UNSP,unkn,UNSP,UNSP,UNSP,
USGS,2322500,451,7/13/1976,,Yes,JDG,USGS,1.1,1260,Unspecified,,,,MEAS,1,Imported Channel 1,UNSP,QSCMM,unkno,1260,,,,UNSP,UNSP,UNSP,unkn,UNSP,UNSP,UNSP,
USGS,2322500,452,9/2/1976,,Yes,JDG,USGS,0.71,905,Unspecified,,,,MEAS,1,Imported Channel 1,UNSP,QSCMM,unkno,905,,,,UNSP,UNSP,UNSP,unkn,UNSP,UNSP,UNSP,
USGS,2322500,453,11/5/1976,,Yes,JDG,USGS,0.67,882,Unspecified,,,,MEAS,1,Imported Channel 1,UNSP,QSCMM,unkno,882,,,,UNSP,UNSP,UNSP,unkn,UNSP,UNSP,UNSP,
USGS,2322500,454,1/13/1977,,Yes,JDG,USGS,2.59,1640,Unspecified,,,,MEAS,1,Imported Channel 1,UNSP,QSCMM,unkno,1640,,,,UNSP,UNSP,UNSP,unkn,UNSP,UNSP,UNSP,
USGS,2322500,455,3/3/1977,,Yes,JDG,USGS,1.13,1450,Unspecified,,,,MEAS,1,Imported Channel 1,UNSP,QSCMM,unkno,1450,,,,UNSP,UNSP,UNSP,unkn,UNSP,UNSP,UNSP,
USGS,2322500,456,6/24/1977,,Yes,JDG,USGS,0.65,838,Unspecified,,,,MEAS,1,Imported Channel 1,UNSP,QSCMM,unkno,838,,,,UNSP,UNSP,UNSP,unkn,UNSP,UNSP,UNSP,
USGS,2322500,457,10/11/1977,,Yes,JDG,USGS,0.75,984,Unspecified,,,,MEAS,1,Imported Channel 1,UNSP,QSCMM,unkno,984,,,,UNSP,UNSP,UNSP,unkn,UNSP,UNSP,UNSP,
USGS,2322500,458,12/6/1977,,Yes,JDG,USGS,0.57,819,Unspecified,,,,MEAS,1,Imported Channel 1,UNSP,QSCMM,unkno,819,,,,UNSP,UNSP,UNSP,unkn,UNSP,UNSP,UNSP,
USGS,2322500,459,5/4/1978,,Yes,JDG,USGS,1.63,1640,Unspecified,,,,MEAS,1,Imported Channel 1,UNSP,QSCMM,unkno,1640,,,,UNSP,UNSP,UNSP,unkn,UNSP,UNSP,UNSP,
USGS,2322500,460,2/12/1979,,Yes,JED,USGS,1.48,1510,Unspecified,,,,MEAS,1,Imported Channel 1,UNSP,QSCMM,unkno,1510,,,,UNSP,UNSP,UNSP,unkn,UNSP,UNSP,UNSP,
USGS,2322500,461,6/20/1979,,Yes,JED,USGS,0.98,1040,Unspecified,,,,MEAS,1,Imported Channel 1,UNSP,QSCMM,unkno,1040,,,,UNSP,UNSP,UNSP,unkn,UNSP,UNSP,UNSP,
USGS,2322500,462,10/23/1979,,Yes,JED,USGS,1.46,1560,Unspecified,,,,MEAS,1,Imported Channel 1,UNSP,QADCP,VADCP,1560,,,,UNSP,UNSP,UNSP,unkn,UNSP,UNSP,UNSP,
USGS,2322500,463,2/7/1980,,Yes,JED,USGS,1.71,1640,Unspecified,,,,MEAS,1,Imported Channel 1,UNSP,QSCMM,unkno,1640,,,,UNSP,UNSP,UNSP,unkn,UNSP,UNSP,UNSP,
USGS,2322500,464,4/16/1980,,Yes,JED,USGS,4.02,2630,Unspecified,,,,MEAS,1,Imported Channel 1,UNSP,QSCMM,unkno,2630,,,,UNSP,UNSP,UNSP,unkn,UNSP,UNSP,UNSP,
USGS,2322500,465,7/17/1980,,Yes,JED,USGS,1.06,1200,Unspecified,,,,MEAS,1,Imported Channel 1,UNSP,QSCMM,unkno,1200,,,,UNSP,UNSP,UNSP,unkn,UNSP,UNSP,UNSP,
USGS,2322500,466,10/16/1980,,Yes,JED,USGS,0.94,1030,Unspecified,,,,MEAS,1,Imported Channel 1,UNSP,QSCMM,unkno,1030,,,,UNSP,UNSP,UNSP,unkn,UNSP,UNSP,UNSP,
USGS,2322500,467,4/6/1981,,Yes,JED,USGS,1.13,1190,Unspecified,,,,MEAS,1,Imported Channel 1,UNSP,QSCMM,unkno,1190,,,,UNSP,UNSP,UNSP,unkn,UNSP,UNSP,UNSP,
USGS,2322500,468,6/9/1981,,Yes,JED,USGS,0.71,795,Unspecified,,,,MEAS,1,Imported Channel 1,UNSP,QSCMM,unkno,795,,,,UNSP,UNSP,UNSP,unkn,UNSP,UNSP,UNSP,
USGS,2322500,469,6/10/1981,,Yes,JED,USGS,0.71,818,Unspecified,,,,MEAS,1,Imported Channel 1,UNSP,QSCMM,unkno,818,,,,UNSP,UNSP,UNSP,unkn,UNSP,UNSP,UNSP,
USGS,2322500,470,8/6/1981,,Yes,JED,USGS,0.7,820,Unspecified,,,,MEAS,1,Imported Channel 1,UNSP,QSCMM,unkno,820,,,,UNSP,UNSP,UNSP,unkn,UNSP,UNSP,UNSP,
USGS,2322500,471,10/6/1981,,Yes,JED,USGS,0.58,818,Unspecified,,,,MEAS,1,Imported Channel 1,UNSP,QSCMM,unkno,818,,,,UNSP,UNSP,UNSP,unkn,UNSP,UNSP,UNSP,
USGS,2322500,472,12/10/1981,,Yes,JED,USGS,0.52,709,Unspecified,,,,MEAS,1,Imported Channel 1,UNSP,QSCMM,unkno,709,,,,UNSP,UNSP,UNSP,unkn,UNSP,UNSP,UNSP,
USGS,2322500,473,3/25/1982,,Yes,JED,USGS,0.84,921,Unspecified,,,,MEAS,1,Imported Channel 1,UNSP,QSCMM,unkno,921,,,,UNSP,UNSP,UNSP,unkn,UNSP,UNSP,UNSP,
USGS,2322500,474,5/12/1982,,Yes,JED,USGS,1.18,1260,Unspecified,,,,MEAS,1,Imported Channel 1,UNSP,QSCMM,unkno,1260,,,,UNSP,UNSP,UNSP,unkn,UNSP,UNSP,UNSP,
USGS,2322500,475,7/15/1982,,Yes,JED,USGS,1.73,1800,Unspecified,,,,MEAS,1,Imported Channel 1,UNSP,QSCMM,unkno,1800,,,,UNSP,UNSP,UNSP,unkn,UNSP,UNSP,UNSP,
USGS,2322500,476,9/16/1982,,Yes,JED,USGS,1.96,1950,Unspecified,,,,MEAS,1,Imported Channel 1,UNSP,QSCMM,unkno,1950,,,,UNSP,UNSP,UNSP,unkn,UNSP,UNSP,UNSP,
USGS,2322500,477,10/19/1982,,Yes,JED,USGS,1.39,1510,Unspecified,,,,MEAS,1,Imported Channel 1,UNSP,QSCMM,unkno,1510,,,,UNSP,UNSP,UNSP,unkn,UNSP,UNSP,UNSP,
USGS,2322500,478,12/8/1982,,Yes,JED,USGS,0.97,1110,Unspecified,,,,MEAS,1,Imported Channel 1,UNSP,QSCMM,unkno,1110,,,,UNSP,UNSP,UNSP,unkn,UNSP,UNSP,UNSP,
USGS,2322500,479,2/16/1983,,Yes,JED,USGS,1.69,1630,Unspecified,,,,MEAS,1,Imported Channel 1,UNSP,QSCMM,unkno,1630,,,,UNSP,UNSP,UNSP,unkn,UNSP,UNSP,UNSP,
USGS,2322500,480,4/20/1983,,Yes,JED,USGS,5.16,2850,Unspecified,,,,MEAS,1,Imported Channel 1,UNSP,QSCMM,unkno,2850,,,,UNSP,UNSP,UNSP,unkn,UNSP,UNSP,UNSP,
USGS,2322500,481,10/3/1983,,Yes,JED,USGS,1.81,1750,Unspecified,,,,MEAS,1,Imported Channel 1,UNSP,QSCMM,unkno,1750,,,,UNSP,UNSP,UNSP,unkn,UNSP,UNSP,UNSP,
USGS,2322500,482,12/28/1983,,Yes,JED,USGS,1.97,1920,Unspecified,,,,MEAS,1,Imported Channel 1,UNSP,QSCMM,unkno,1920,,,,UNSP,UNSP,UNSP,unkn,UNSP,UNSP,UNSP,
USGS,2322500,483,2/29/1984,,Yes,JED,USGS,3.25,2510,Unspecified,,,,MEAS,1,Imported Channel 1,UNSP,QSCMM,unkno,2510,,,,UNSP,UNSP,UNSP,unkn,UNSP,UNSP,UNSP,
USGS,2322500,484,4/13/1984,,Yes,JED,USGS,9.35,4380,Unspecified,,,,MEAS,1,Imported Channel 1,UNSP,QSCMM,unkno,4380,,,,UNSP,UNSP,UNSP,unkn,UNSP,UNSP,UNSP,
USGS,2322500,485,6/26/1984,,Yes,AEA,USGS,1.57,1530,Good,-0.01,1,Clear,MEAS,1,Imported Channel 1,BOAT,unspe,unkno,1530,162,778,1.97,UNSP,UNSP,UNSP,unkn,UNSP,UNSP,UNSP,
USGS,2322500,486,11/8/1984,,Yes,RAO,USGS,1.4,1380,Fair,0,0.9,DebrisLight,MEAS,1,Imported Channel 1,BOAT,unspe,unkno,1380,144,737,1.87,UNSP,UNSP,UNSP,unkn,UNSP,UNSP,UNSP,
USGS,2322500,487,12/18/1984,,Yes,PRM,USGS,1.26,1260,Fair,0,1,Clear,MEAS,1,Imported Channel 1,BOAT,unspe,unkno,1260,140,745,1.69,UNSP,UNSP,UNSP,unkn,UNSP,UNSP,UNSP,
USGS,2322500,488,2/7/1985,,Yes,AEA,USGS,1.13,1210,Good,0,1,Clear,MEAS,1,Imported Channel 1,BOAT,unspe,unkno,1210,140,728,1.66,UNSP,UNSP,UNSP,unkn,UNSP,UNSP,UNSP,
USGS,2322500,489,4/5/1985,,Yes,AEA,USGS,1.03,1210,Fair,0,1,DebrisLight,MEAS,1,Imported Channel 1,BOAT,unspe,unkno,1210,140,722,1.66,UNSP,UNSP,UNSP,unkn,UNSP,UNSP,UNSP,
USGS,2322500,490,6/5/1985,,Yes,AEA,USGS,0.96,1120,Good,0,1,Clear,MEAS,1,Imported Channel 1,BOAT,unspe,unkno,1120,138,709,1.58,UNSP,UNSP,UNSP,unkn,UNSP,UNSP,UNSP,
USGS,2322500,491,7/26/1985,,Yes,AEA,USGS,1.29,1460,Good,0,1,DebrisLight,MEAS,1,Imported Channel 1,BOAT,unspe,unkno,1460,140,750,1.95,UNSP,UNSP,UNSP,unkn,UNSP,UNSP,UNSP,
USGS,2322500,492,9/6/1985,,Yes,RAO,USGS,6.56,5680,Fair,0,1.1,Clear,MEAS,1,Imported Channel 1,CRAN,unspe,unkno,5680,266,2420,2.35,UNSP,UNSP,UNSP,unkn,UNSP,UNSP,UNSP,
USGS,2322500,493,12/4/1985,,Yes,AEA,USGS,1.38,1450,Good,0,1,Clear,MEAS,1,Imported Channel 1,BOAT,unspe,unkno,1450,140,768,1.89,UNSP,UNSP,UNSP,unkn,UNSP,UNSP,UNSP,
USGS,2322500,494,1/31/1986,,Yes,AEA,USGS,1.63,1600,Fair,0,1,Clear,MEAS,1,Imported Channel 1,BOAT,unspe,unkno,1600,140,794,2.02,UNSP,UNSP,UNSP,unkn,UNSP,UNSP,UNSP,
USGS,2322500,495,3/25/1986,,Yes,AEA,USGS,3.37,2360,Fair,0,1,Clear,MEAS,1,Imported Channel 1,CRAN,unspe,unkno,2360,240,1950,1.21,UNSP,UNSP,UNSP,unkn,UNSP,UNSP,UNSP,
USGS,2322500,496,7/15/1986 9:05,EDT,Yes,AEA,USGS,0.92,1120,Good,0,1,DebrisLight,MEAS,1,Imported Channel 1,BOAT,unspe,unkno,1120,193,1350,0.8,UNSP,UNSP,UNSP,unkn,UNSP,UNSP,UNSP,
USGS,2322500,497,1/8/1987 12:50,EST,Yes,AEA,USGS,2.12,1910,Fair,0.01,1,Clear,MEAS,1,Imported Channel 1,CRAN,unspe,unkno,1910,222,1640,0.86,UNSP,UNSP,UNSP,unkn,UNSP,UNSP,UNSP,
USGS,2322500,498,2/23/1987 13:15,EST,Yes,AEA,USGS,4.96,3150,Fair,0.02,1,Clear,MEAS,1,Imported Channel 1,CRAN,unspe,unkno,3150,255,2340,1.35,UNSP,UNSP,UNSP,unkn,UNSP,UNSP,UNSP,
USGS,2322500,499,4/24/1987 12:15,EDT,Yes,AEA,USGS,3.38,2720,Good,-0.01,1.6,Clear,MEAS,1,Imported Channel 1,BOAT,unspe,unkno,2720,240,1930,1.41,UNSP,UNSP,UNSP,unkn,UNSP,UNSP,UNSP,
USGS,2322500,500,6/16/1987 15:20,EDT,Yes,AEA,USGS,1.5,1480,Good,0,1,DebrisLight,MEAS,1,Imported Channel 1,BOAT,unspe,unkno,1480,212,1510,0.98,UNSP,UNSP,UNSP,unkn,UNSP,UNSP,UNSP,
USGS,2322500,501,8/14/1987 8:05,EDT,Yes,AEA,USGS,1.43,1540,Good,0,1,DebrisLight,MEAS,1,Imported Channel 1,BOAT,unspe,unkno,1540,210,1500,1.03,UNSP,UNSP,UNSP,unkn,UNSP,UNSP,UNSP,
USGS,2322500,502,10/9/1987 10:45,EDT,Yes,AEA,USGS,1.32,1360,Good,0,1,DebrisLight,MEAS,1,Imported Channel 1,BOAT,unspe,unkno,1360,210,26,0.93,UNSP,UNSP,UNSP,unkn,UNSP,UNSP,UNSP,
USGS,2322500,503,12/1/1987 13:50,EST,Yes,AEA,USGS,1.17,1210,Good,0,1,DebrisLight,MEAS,1,Imported Channel 1,BOAT,unspe,unkno,1210,210,1460,0.83,UNSP,UNSP,UNSP,unkn,UNSP,UNSP,UNSP,
USGS,2322500,504,1/28/1988 11:00,EST,Yes,AEA,USGS,2.02,1800,Good,0,1,DebrisModerate,MEAS,1,Imported Channel 1,BOAT,unspe,unkno,1800,225,1620,1.11,UNSP,UNSP,UNSP,unkn,UNSP,UNSP,UNSP,
USGS,2322500,505,4/1/1988 8:00,EST,Yes,AEA,USGS,3.16,2580,Good,-0.01,1.8,Clear,MEAS,1,Imported Channel 1,BOAT,unspe,unkno,2580,235,1870,1.38,UNSP,UNSP,UNSP,unkn,UNSP,UNSP,UNSP,
USGS,2322500,506,5/26/1988 7:50,EDT,Yes,AEA,USGS,1.3,1450,Good,-0.01,1,Clear,MEAS,1,Imported Channel 1,BOAT,unspe,unkno,1450,205,1470,0.99,UNSP,UNSP,UNSP,unkn,UNSP,UNSP,UNSP,
USGS,2322500,507,9/13/1988 16:45,EDT,Yes,AEA,USGS,7.66,7050,Good,-0.01,1.2,Clear,MEAS,1,Imported Channel 1,CRAN,unspe,unkno,7050,275,2700,2.61,UNSP,UNSP,UNSP,unkn,UNSP,UNSP,UNSP,
USGS,2322500,508,11/8/1988 12:20,EST,Yes,PRM,USGS,1.37,1520,Fair,-0.01,1.1,Clear,MEAS,1,Imported Channel 1,BOAT,unspe,unkno,1520,141,718,2.12,UNSP,UNSP,UNSP,unkn,UNSP,UNSP,UNSP,
USGS,2322500,509,1/11/1989 11:35,EST,Yes,PRM,USGS,1.01,1150,Fair,0,1,DebrisLight,MEAS,1,Imported Channel 1,BOAT,unspe,unkno,1150,140,665,1.73,UNSP,UNSP,UNSP,unkn,UNSP,UNSP,UNSP,
USGS,2322500,510,3/2/1989 11:25,EST,Yes,prm/dms,USGS,0.9,1070,Fair,0,0.9,Clear,MEAS,1,Imported Channel 1,BOAT,unspe,unkno,1070,139,715,1.5,UNSP,UNSP,UNSP,unkn,UNSP,UNSP,UNSP,
USGS,2322500,511,5/25/1989 13:00,EDT,Yes,DMS/JES,USGS,0.88,820,Fair,0,1.5,DebrisLight,MEAS,1,Imported Channel 1,BOAT,unspe,unkno,820,135,640,1.28,UNSP,UNSP,UNSP,unkn,UNSP,UNSP,UNSP,
USGS,2322500,512,7/18/1989 11:45,EDT,Yes,DMS/RAO,USGS,0.97,874,Fair,0,0.6,DebrisHeavy,MEAS,1,Imported Channel 1,BOAT,unspe,unkno,874,138,660,1.27,UNSP,UNSP,UNSP,unkn,UNSP,UNSP,UNSP,
USGS,2322500,513,7/18/1989 12:30,EDT,Yes,RAO/DMS,USGS,0.97,871,Fair,0,0.5,DebrisHeavy,MEAS,1,Imported Channel 1,BOAT,unspe,unkno,871,138,688,1.27,UNSP,UNSP,UNSP,unkn,UNSP,UNSP,UNSP,
USGS,2322500,514,10/13/1989 11:45,EDT,Yes,DMS,USGS,1.27,1290,Good,0,1.2,DebrisLight,MEAS,1,Imported Channel 1,BOAT,unspe,unkno,1290,138,749,1.72,UNSP,UNSP,UNSP,unkn,UNSP,UNSP,UNSP,
USGS,2322500,515,12/5/1989 14:06,EST,Yes,JDG,USGS,0.69,863,Good,0,1.4,Clear,MEAS,1,Imported Channel 1,BOAT,unspe,unkno,863,135,641,1.35,UNSP,UNSP,UNSP,unkn,UNSP,UNSP,UNSP,
USGS,2322500,516,2/6/1990 11:15,EST,Yes,GTL,USGS,0.68,848,Good,0,1.3,Clear,MEAS,1,Imported Channel 1,BOAT,unspe,unkno,848,144,739,1.15,UNSP,UNSP,UNSP,unkn,UNSP,UNSP,UNSP,
USGS,2322500,517,4/3/1990 12:10,EDT,Yes,GTL,USGS,0.78,897,Good,0,1.4,,MEAS,1,Imported Channel 1,BOAT,unspe,unkno,897,150,780,1.15,UNSP,UNSP,UNSP,unkn,UNSP,UNSP,UNSP,
USGS,2322500,518,5/24/1990 11:30,EDT,Yes,GTL,USGS,0.77,760,Fair,-0.01,2.2,DebrisLight,MEAS,1,Imported Channel 1,BOAT,unspe,unkno,760,148,824,0.92,UNSP,UNSP,UNSP,unkn,UNSP,UNSP,UNSP,
USGS,2322500,519,7/3/1990 13:10,EDT,Yes,PEM/GTL,USGS,0.82,720,Poor,0,1.5,DebrisHeavy,MEAS,1,Imported Channel 1,BOAT,unspe,unkno,720,150,846,0.85,UNSP,UNSP,UNSP,unkn,UNSP,UNSP,UNSP,
USGS,2322500,520,8/23/1990 10:25,EDT,Yes,DMS/RAO,USGS,0.78,838,Unspecified,,,,MEAS,1,Imported Channel 1,BOAT,unspe,unkno,838,145,680,1.23,UNSP,UNSP,UNSP,unkn,UNSP,UNSP,UNSP,
USGS,2322500,521,11/20/1990 13:40,EST,Yes,GTL/IJK,USGS,0.52,687,Fair,0,1.2,DebrisHeavy,MEAS,1,Imported Channel 1,BOAT,unspe,unkno,687,142,688,0.99,UNSP,UNSP,UNSP,unkn,UNSP,UNSP,UNSP,
USGS,2322500,522,1/10/1991 11:10,EST,Yes,GTL/BAK,USGS,0.5,607,Fair,0,2.5,DebrisHeavy,MEAS,1,Imported Channel 1,BOAT,unspe,unkno,607,131,621,0.98,UNSP,UNSP,UNSP,unkn,UNSP,UNSP,UNSP,
USGS,2322500,523,2/8/1991 14:45,EST,Yes,GTL/BAK,USGS,3.42,952,Poor,0.02,1,,MEAS,1,Imported Channel 1,CRAN,unspe,unkno,952,238,2030,0.47,UNSP,UNSP,UNSP,unkn,UNSP,UNSP,UNSP,
USGS,2322500,524,4/2/1991 11:15,EST,Yes,GTL,USGS,4.63,2100,Poor,,,,MEAS,1,Imported Channel 1,CRAN,unspe,unkno,2100,258,2300,0.91,UNSP,UNSP,UNSP,unkn,UNSP,UNSP,UNSP,
USGS,2322500,525,6/5/1991 11:55,EDT,Yes,GTL/IJK,USGS,1.79,1840,Fair,-0.01,2,Clear,MEAS,1,Imported Channel 1,BOAT,unspe,unkno,1840,147,1870,0.98,UNSP,UNSP,UNSP,unkn,UNSP,UNSP,UNSP,
USGS,2322500,526,8/1/1991 11:05,EDT,Yes,GTL/IJK,USGS,2.26,2120,Fair,0,1.3,Clear,MEAS,1,Imported Channel 1,BOAT,unspe,unkno,2120,150,2250,0.94,UNSP,UNSP,UNSP,unkn,UNSP,UNSP,UNSP,
USGS,2322500,527,10/8/1991 12:10,EDT,Yes,GTL/DP,USGS,1.58,1840,Fair,0.01,1,Clear,MEAS,1,Imported Channel 1,BOAT,unspe,unkno,1840,168,962,1.91,UNSP,UNSP,UNSP,unkn,UNSP,UNSP,UNSP,
USGS,2322500,528,11/13/1991 10:20,EST,Yes,GTL/RR,USGS,0.87,1200,Good,0,1.1,Clear,MEAS,1,Imported Channel 1,BOAT,unspe,unkno,1200,136,716,1.68,UNSP,UNSP,UNSP,unkn,UNSP,UNSP,UNSP,
USGS,2322500,529,2/12/1992 11:40,EST,Yes,GTL/DP,USGS,0.84,1070,Fair,-0.01,1,Clear,MEAS,1,Imported Channel 1,BOAT,unspe,unkno,1070,136,700,1.53,UNSP,UNSP,UNSP,unkn,UNSP,UNSP,UNSP,
USGS,2322500,530,4/23/1992 11:15,EDT,Yes,GTL/DP,USGS,1.12,1280,Fair,0.01,1.5,DebrisLight,MEAS,1,Imported Channel 1,CRAN,unspe,unkno,1280,137,760,1.68,UNSP,UNSP,UNSP,unkn,UNSP,UNSP,UNSP,
USGS,2322500,531,6/8/1992 15:30,EDT,Yes,GTL,USGS,0.72,912,Good,0,0.9,Clear,MEAS,1,Imported Channel 1,BOAT,unspe,unkno,912,130,682,1.34,UNSP,UNSP,UNSP,unkn,UNSP,UNSP,UNSP,
USGS,2322500,532,8/3/1992 13:00,EDT,Yes,GTL/DP,USGS,1.23,1370,Good,0,1,Clear,MEAS,1,Imported Channel 1,BOAT,unspe,unkno,1370,137,758,1.81,UNSP,UNSP,UNSP,unkn,UNSP,UNSP,UNSP,
USGS,2322500,533,10/5/1992 14:40,EDT,Yes,GTL,USGS,3.9,3260,Fair,,,,MEAS,1,Imported Channel 1,CRAN,unspe,unkno,3260,224,1680,1.94,UNSP,UNSP,UNSP,unkn,UNSP,UNSP,UNSP,
USGS,2322500,534,12/7/1992 11:15,EST,Yes,GTL/DP,USGS,1.19,1360,Good,-0.01,1,,MEAS,1,Imported Channel 1,BOAT,unspe,unkno,1360,140,761,1.79,UNSP,UNSP,UNSP,unkn,UNSP,UNSP,UNSP,
USGS,2322500,535,2/1/1993 12:10,EST,Yes,GTL/DP,USGS,2.22,1660,Good,-0.01,2.3,,MEAS,1,Imported Channel 1,BOAT,unspe,unkno,1660,146,904,1.84,UNSP,UNSP,UNSP,unkn,UNSP,UNSP,UNSP,
USGS,2322500,536,3/22/1993 12:10,EST,Yes,GTL/DP,USGS,2.09,1860,Fair,0,1,DebrisLight,MEAS,1,Imported Channel 1,BOAT,unspe,unkno,1860,145,936,1.99,UNSP,UNSP,UNSP,unkn,UNSP,UNSP,UNSP,
USGS,2322500,537,5/21/1993 10:42,EDT,Yes,GTL/DP,USGS,0.95,1120,Good,0,1.2,Clear,MEAS,1,Imported Channel 1,BOAT,unspe,unkno,1120,142,705,1.59,UNSP,UNSP,UNSP,unkn,UNSP,UNSP,UNSP,
USGS,2322500,538,7/15/1993 10:24,EDT,Yes,GTL/DP,USGS,0.91,1030,Good,-0.01,1.1,DebrisLight,MEAS,1,Imported Channel 1,BOAT,unspe,unkno,1030,142,691,1.49,UNSP,UNSP,UNSP,unkn,UNSP,UNSP,UNSP,
USGS,2322500,539,9/16/1993 10:24,EDT,Yes,GTL/DM,USGS,0.66,866,Good,0,1.2,DebrisLight,MEAS,1,Imported Channel 1,BOAT,unspe,unkno,866,135,668,1.3,UNSP,UNSP,UNSP,unkn,UNSP,UNSP,UNSP,
USGS,2322500,540,11/1/1993 12:24,EST,Yes,GTL,USGS,0.58,761,Good,0,1.4,DebrisLight,MEAS,1,Imported Channel 1,BOAT,unspe,unkno,761,137,642,1.18,UNSP,UNSP,UNSP,unkn,UNSP,UNSP,UNSP,
USGS,2322500,541,1/12/1994 12:12,EST,Yes,GTL/DP,USGS,0.86,1080,Good,0,1.1,Clear,MEAS,1,Imported Channel 1,BOAT,unspe,unkno,1080,137,698,1.55,UNSP,UNSP,UNSP,unkn,UNSP,UNSP,UNSP,
USGS,2322500,542,3/24/1994 10:35,EST,Yes,GTL/DP,USGS,1.25,1190,Good,0,1.1,Clear,MEAS,1,Imported Channel 1,BOAT,unspe,unkno,1190,139,743,1.6,UNSP,UNSP,UNSP,unkn,UNSP,UNSP,UNSP,
USGS,2322500,543,5/24/1994 13:35,EDT,Yes,PEM/LLB,USGS,0.71,918,Good,0,0.9,Clear,MEAS,1,Imported Channel 1,BOAT,unspe,unkno,918,133,693,1.32,UNSP,UNSP,UNSP,unkn,UNSP,UNSP,UNSP,
USGS,2322500,544,7/26/1994 9:50,EDT,Yes,AEA/LAS,USGS,0.96,1020,Good,0,1.2,,MEAS,1,Imported Channel 1,BOAT,unspe,unkno,1020,140,696,1.47,UNSP,UNSP,UNSP,unkn,UNSP,UNSP,UNSP,
USGS,2322500,545,10/18/1994 14:00,EDT,Yes,PEM,USGS,3.79,2460,Good,0,0.9,,MEAS,1,Imported Channel 1,BOAT,unspe,unkno,2460,161,1140,2.16,UNSP,UNSP,UNSP,unkn,UNSP,UNSP,UNSP,
USGS,2322500,546,1/5/1995 12:50,EST,Yes,LLB,USGS,0.8,1060,Fair,0,1.2,Clear,MEAS,1,Imported Channel 1,BOAT,unspe,unkno,1060,146,674,1.58,UNSP,UNSP,UNSP,unkn,UNSP,UNSP,UNSP,
USGS,2322500,547,2/24/1995 12:00,EST,Yes,JDG,USGS,1.2,1060,Good,0,1.2,Unspecifed,MEAS,1,Imported Channel 1,BOAT,unspe,unkno,1060,147,698,1.52,UNSP,UNSP,UNSP,unkn,UNSP,UNSP,UNSP,
USGS,2322500,548,5/4/1995 11:00,EDT,Yes,GBD/AEA,USGS,1.04,1100,Good,0,1,VegetationLight,MEAS,1,Imported Channel 1,BOAT,unspe,unkno,1100,141,675,1.63,UNSP,UNSP,UNSP,unkn,UNSP,UNSP,UNSP,
USGS,2322500,549,7/20/1995 10:45,EDT,Yes,GBD,USGS,1.25,1190,Fair,0,0.9,VegetationLight,MEAS,1,Imported Channel 1,BOAT,unspe,unkno,1190,140,736,1.62,UNSP,UNSP,UNSP,unkn,UNSP,UNSP,UNSP,
USGS,2322500,550,9/8/1995 12:25,EDT,Yes,GBD,USGS,1.66,1550,Good,0,0.9,,MEAS,1,Imported Channel 1,BOAT,unspe,unkno,1550,143,752,2.06,UNSP,UNSP,UNSP,unkn,UNSP,UNSP,UNSP,
USGS,2322500,551,12/6/1995 11:10,EST,Yes,DMS/GBD,USGS,0.76,854,Good,0,0.8,VegetationLight,MEAS,1,Imported Channel 1,BOAT,unspe,unkno,854,137,596,1.43,UNSP,UNSP,UNSP,unkn,UNSP,UNSP,UNSP,
USGS,2322500,552,1/25/1996 12:45,EST,Yes,DMS/GBD,USGS,0.74,940,Fair,0,0.9,,MEAS,1,Imported Channel 1,BOAT,unspe,unkno,940,137,671,1.4,UNSP,UNSP,UNSP,unkn,UNSP,UNSP,UNSP,
USGS,2322500,553,4/5/1996 13:15,EST,Yes,GBD,USGS,1.97,1730,Fair,0,1.1,,MEAS,1,Imported Channel 1,BOAT,unspe,unkno,1730,139,788,2.2,UNSP,UNSP,UNSP,unkn,UNSP,UNSP,UNSP,
USGS,2322500,554,6/21/1996 10:40,EDT,Yes,GBD,USGS,1.03,1120,Good,-0.01,1,,MEAS,1,Imported Channel 1,BOAT,unspe,unkno,1120,144,672,1.67,UNSP,UNSP,UNSP,unkn,UNSP,UNSP,UNSP,
USGS,2322500,555,8/16/1996 12:30,EDT,Yes,GBD,USGS,1.4,1290,Fair,0,0.8,,MEAS,1,Imported Channel 1,BOAT,unspe,unkno,1290,146,687,1.88,UNSP,UNSP,UNSP,unkn,UNSP,UNSP,UNSP,
USGS,2322500,556,10/18/1996 11:31,EDT,Yes,DMS/APG,USGS,3.39,2500,Good,-0.01,0.3,DebrisLight,MEAS,1,Imported Channel 1,BOAT,unspe,unkno,2500,,,0,UNSP,UNSP,UNSP,unkn,UNSP,UNSP,UNSP,
USGS,2322500,557,12/16/1996 14:15,EST,Yes,GBD,USGS,1.25,1170,Good,0,0.9,,MEAS,1,Imported Channel 1,BOAT,unspe,unkno,1170,144,662,1.77,UNSP,UNSP,UNSP,unkn,UNSP,UNSP,UNSP,
USGS,2322500,558,2/5/1997 12:00,EST,Yes,GBD,USGS,1.26,1300,Good,0,0.9,,MEAS,1,Imported Channel 1,BOAT,unspe,unkno,1300,145,712,1.83,UNSP,UNSP,UNSP,unkn,UNSP,UNSP,UNSP,
USGS,2322500,559,4/21/1997 13:55,EDT,Yes,GBD,USGS,0.91,980,Good,0,0.8,,MEAS,1,Imported Channel 1,BOAT,unspe,unkno,980,138,669,1.46,UNSP,UNSP,UNSP,unkn,UNSP,UNSP,UNSP,
USGS,2322500,560,5/19/1997 14:35,EDT,Yes,GBD/JDG,USGS,1.76,1560,Good,0,0.6,,MEAS,1,Imported Channel 1,BOAT,unspe,unkno,1560,143,774,2.02,UNSP,UNSP,UNSP,unkn,UNSP,UNSP,UNSP,
USGS,2322500,561,5/23/1997 12:20,EDT,Yes,JDG,USGS,1.56,1460,Good,0,1.2,,MEAS,1,Imported Channel 1,BOAT,unspe,unkno,1460,145,816,1.79,UNSP,UNSP,UNSP,unkn,UNSP,UNSP,UNSP,
USGS,2322500,562,10/9/1997 10:30,EDT,Yes,KAK/GBD,USGS,0.87,922,Good,0,1,,MEAS,1,Imported Channel 1,BOAT,unspe,unkno,922,130,642,1.44,UNSP,UNSP,UNSP,unkn,UNSP,UNSP,UNSP,
USGS,2322500,563,1/21/1998 11:51,EST,Yes,GBD/KAK,USGS,2.73,1710,Good,0,0.2,Clear,MEAS,1,Imported Channel 1,BOAT,unspe,unkno,1710,,,0,UNSP,UNSP,UNSP,unkn,UNSP,UNSP,UNSP,
USGS,2322500,564,2/21/1998 10:28,EST,Yes,DMS/GBD,USGS,10.61,9210,Good,0.01,0.3,,MEAS,1,Imported Channel 1,BOAT,unspe,unkno,9210,,,0,UNSP,UNSP,UNSP,unkn,UNSP,UNSP,UNSP,
USGS,2322500,565,2/23/1998 14:22,EST,Yes,DMS/GBD,USGS,11.05,8700,Good,0,0.3,,MEAS,1,Imported Channel 1,BOAT,unspe,unkno,8700,,,0,UNSP,UNSP,UNSP,unkn,UNSP,UNSP,UNSP,
USGS,2322500,566,4/29/1998 16:11,EDT,Yes,GBD/KAK,USGS,2.72,2050,Good,0,0.2,,MEAS,1,Imported Channel 1,BOAT,unspe,unkno,2050,,,0,UNSP,UNSP,UNSP,unkn,UNSP,UNSP,UNSP,
USGS,2322500,567,6/10/1998 13:42,EDT,Yes,KAK/GBD,USGS,1.43,1400,Fair,0,,Clear,MEAS,1,Imported Channel 1,BOAT,unspe,unkno,1400,147,705,1.99,UNSP,UNSP,UNSP,unkn,UNSP,UNSP,UNSP,
USGS,2322500,568,8/13/1998 14:25,EDT,Yes,GBD,USGS,1.81,1530,Good,0,1,,MEAS,1,Imported Channel 1,BOAT,unspe,unkno,1530,140,814,1.88,UNSP,UNSP,UNSP,unkn,UNSP,UNSP,UNSP,
USGS,2322500,569,10/28/1998 13:28,EST,Yes,GBD/KAK,USGS,2.03,1810,Good,0,0.1,Clear,MEAS,1,Imported Channel 1,BOAT,unspe,unkno,1810,,,0,UNSP,UNSP,UNSP,unkn,UNSP,UNSP,UNSP,
USGS,2322500,570,4/20/1999 11:06,EDT,Yes,KAK/GBD,USGS,1.16,933,Poor,0,0.3,Clear,MEAS,1,Imported Channel 1,BOAT,unspe,unkno,933,,,0,UNSP,UNSP,UNSP,unkn,UNSP,UNSP,UNSP,
USGS,2322500,571,6/22/1999 14:48,EDT,Yes,KAK/JAS,USGS,1.18,736,Fair,0,0.2,,MEAS,1,Imported Channel 1,BOAT,unspe,unkno,736,,,0,UNSP,UNSP,UNSP,unkn,UNSP,UNSP,UNSP,
USGS,2322500,572,8/19/1999 11:37,EDT,Yes,GBD,USGS,1.28,806,Good,0,0.2,VegetationLight,MEAS,1,Imported Channel 1,BOAT,unspe,unkno,806,,,0,UNSP,UNSP,UNSP,unkn,UNSP,UNSP,UNSP,
USGS,2322500,573,9/28/1999 11:18,EDT,Yes,JDG,USGS,1.14,877,Good,-0.01,1.1,,MEAS,1,Imported Channel 1,BOAT,unspe,unkno,877,143,751,1.17,UNSP,UNSP,UNSP,unkn,UNSP,UNSP,UNSP,
USGS,2322500,574,1/18/2000 15:25,EST,Yes,GBD,USGS,0.7,696,Good,0,0.2,Clear,MEAS,1,Imported Channel 1,BOAT,unspe,unkno,696,,,0,UNSP,UNSP,UNSP,unkn,UNSP,UNSP,UNSP,
USGS,2322500,575,2/29/2000 12:12,EST,Yes,GBD,USGS,0.69,660,Good,0,0.2,,MEAS,1,Imported Channel 1,BOAT,unspe,unkno,660,,,0,UNSP,UNSP,UNSP,unkn,UNSP,UNSP,UNSP,
USGS,2322500,576,4/25/2000 13:46,EDT,Yes,GBD,USGS,0.73,626,Good,0,0.2,VegetationLight,UNSP,1,Imported Channel 1,BOAT,unspe,unkno,626,,,0,UNSP,UNSP,UNSP,unkn,UNSP,UNSP,UNSP,
USGS,2322500,577,6/14/2000,,Yes,GBD,USGS,0.65,624,Good,0,0.2,VegetationLight,UNSP,1,Imported Channel 1,BOAT,unspe,unkno,624,,,0,UNSP,UNSP,UNSP,unkn,UNSP,UNSP,UNSP,
USGS,2322500,578,8/1/2000 10:27,EDT,Yes,DCG/GBD,USGS,0.72,760,Good,0,0.3,Clear,MEAS,1,Imported Channel 1,BOAT,unspe,unkno,760,,608,1.42,UNSP,UNSP,UNSP,unkn,UNSP,UNSP,UNSP,
USGS,2322500,579,11/6/2000 15:26,EST,Yes,GBD,USGS,0.5,731,Good,0,0.2,VegetationLight,MEAS,1,Imported Channel 1,BOAT,unspe,unkno,731,,,0,UNSP,UNSP,UNSP,unkn,UNSP,UNSP,UNSP,
USGS,2322500,580,2/2/2001 12:04,EST,Yes,DMS/DCG,USGS,0.38,437,Poor,0,0.5,,MEAS,1,Imported Channel 1,BOAT,unspe,unkno,437,,,0,UNSP,UNSP,UNSP,unkn,UNSP,UNSP,UNSP,
USGS,2322500,581,5/8/2001 16:51,EDT,Yes,DMS/DCG,USGS,0.37,554,Fair,0,0.4,,MEAS,1,Imported Channel 1,BOAT,unspe,unkno,554,,1500,0.34,UNSP,UNSP,UNSP,unkn,UNSP,UNSP,UNSP,
USGS,2322500,582,8/23/2001 11:09,EDT,Yes,DMS,USGS,0.94,663,Fair,0,1,DebrisHeavy,MEAS,1,Imported Channel 1,BOAT,unspe,unkno,663,,1760,0.36,UNSP,UNSP,UNSP,unkn,UNSP,UNSP,UNSP,
USGS,2322500,583,10/26/2001 8:12,EDT,Yes,DMS,USGS,0.52,701,Fair,0,0.6,DebrisModerate,MEAS,1,Imported Channel 1,BOAT,unspe,unkno,701,,1450,0.5,UNSP,UNSP,UNSP,unkn,UNSP,UNSP,UNSP,
USGS,2322500,584,1/9/2002 15:28,EST,Yes,DMS/RBS,USGS,0.29,543,Fair,0,0.5,DebrisLight,MEAS,1,Imported Channel 1,BOAT,unspe,unkno,543,,1540,0.4,UNSP,UNSP,UNSP,unkn,UNSP,UNSP,UNSP,
USGS,2322500,585,6/4/2002 12:40,EDT,Yes,DMS,USGS,0.48,419,Poor,0,0.6,DebrisHeavy,MEAS,1,Imported Channel 1,BOAT,unspe,unkno,419,,,0,UNSP,UNSP,UNSP,unkn,UNSP,UNSP,UNSP,
USGS,2322500,586,8/13/2002 11:58,EDT,Yes,DBD/RBS,USGS,0.5,526,Poor,,,DebrisHeavy,MEAS,1,Imported Channel 1,BOAT,unspe,unkno,526,,,0,UNSP,UNSP,UNSP,unkn,UNSP,UNSP,UNSP,
USGS,2322500,587,10/31/2002 8:53,EST,Yes,DBD/RBS,USGS,0.21,682,Poor,0,0.2,DebrisHeavy,MEAS,1,Imported Channel 1,BOAT,unspe,unkno,682,,,0,UNSP,UNSP,UNSP,unkn,UNSP,UNSP,UNSP,
USGS,2322500,588,1/15/2003 11:40,EST,Yes,DBD/RBS,USGS,0.89,1060,Fair,0,0.1,DebrisModerate,MEAS,1,Imported Channel 1,BOAT,unspe,unkno,1060,,,0,UNSP,UNSP,UNSP,unkn,UNSP,UNSP,UNSP,
USGS,2322500,589,3/20/2003 8:33,EST,Yes,DBD/RBS,USGS,5.57,3330,Fair,0,0.4,DebrisModerate,MEAS,1,Imported Channel 1,BOAT,unspe,unkno,3330,,,0,UNSP,UNSP,UNSP,unkn,UNSP,UNSP,UNSP,
USGS,2322500,590,5/22/2003 9:14,EDT,Yes,DBD/RBS,USGS,0.72,954,Fair,0,0.4,DebrisLight,MEAS,1,Imported Channel 1,UNSP,QADCP,VADCP,954,0,0,0,UNSP,UNSP,UNSP,unkn,UNSP,UNSP,UNSP,
USGS,2322500,591,7/24/2003 11:09,EDT,Yes,DBD/RBS,USGS,1.16,1270,Fair,0,0.1,DebrisLight,MEAS,1,Imported Channel 1,UNSP,QADCP,VADCP,1270,0,0,0,UNSP,UNSP,UNSP,unkn,UNSP,UNSP,UNSP,
USGS,2322500,592,10/20/2003 13:11,EDT,Yes,DBD/RBS,USGS,1.04,1290,Fair,0,0.2,DebrisLight,MEAS,1,Imported Channel 1,UNSP,QADCP,VADCP,1290,0,0,0,UNSP,UNSP,UNSP,unkn,UNSP,UNSP,UNSP,
USGS,2322500,593,12/18/2003 8:35,EST,Yes,DBD,USGS,0.56,903,Good,0,0.3,Clear,MEAS,1,Imported Channel 1,UNSP,QADCP,VADCP,903,0,0,0,UNSP,UNSP,UNSP,unkn,UNSP,UNSP,UNSP,
USGS,2322500,594,5/19/2004 8:17,EDT,Yes,DBD/RBS,USGS,0.47,751,Fair,0,0.3,DebrisLight,MEAS,1,Imported Channel 1,UNSP,QADCP,VADCP,751,0,0,0,UNSP,UNSP,UNSP,unkn,UNSP,UNSP,UNSP,
USGS,2322500,595,7/29/2004 8:18,EDT,Yes,DBD/RBS,USGS,0.59,772,Good,0,0.3,DebrisLight,MEAS,1,Imported Channel 1,UNSP,QADCP,VADCP,772,0,0,0,UNSP,UNSP,UNSP,unkn,UNSP,UNSP,UNSP,
USGS,2322500,596,10/19/2004 8:10,EDT,Yes,DBD/RBS,USGS,6.46,3420,Good,0,0.1,DebrisLight,MEAS,1,Imported Channel 1,UNSP,QADCP,VADCP,3420,0,0,0,UNSP,UNSP,UNSP,unkn,UNSP,UNSP,UNSP,
USGS,2322500,597,12/7/2004 8:10,EST,Yes,DBD/RBS,USGS,1.87,1760,Good,0,0.2,DebrisModerate,MEAS,1,Imported Channel 1,UNSP,QADCP,VADCP,1760,0,0,0,UNSP,UNSP,UNSP,unkn,UNSP,UNSP,UNSP,
USGS,2322500,598,4/27/2005 8:05,EDT,Yes,DBD/RBS,USGS,4.7,2380,Fair,0,0.3,DebrisLight,MEAS,1,Imported Channel 1,UNSP,QADCP,VADCP,2380,0,0,0,UNSP,UNSP,UNSP,unkn,UNSP,UNSP,UNSP,
USGS,2322500,599,6/21/2005 10:30,EDT,Yes,DBD/RBS,USGS,2.27,1850,Fair,0,0.3,DebrisModerate,MEAS,1,Imported Channel 1,UNSP,QADCP,VADCP,1850,0,0,0,UNSP,UNSP,UNSP,unkn,UNSP,UNSP,UNSP,
USGS,2322500,600,8/11/2005 8:35,EDT,Yes,DBD/RBS,USGS,2.22,1890,Good,0,0.1,DebrisLight,MEAS,1,Imported Channel 1,UNSP,QADCP,VADCP,1890,0,0,0,UNSP,UNSP,UNSP,unkn,UNSP,UNSP,UNSP,
USGS,2322500,601,10/4/2005 8:35,EDT,Yes,DBD/RBS,USGS,0.98,1250,Good,0,0.2,DebrisLight,MEAS,1,Imported Channel 1,UNSP,QADCP,VADCP,1250,0,0,0,UNSP,UNSP,UNSP,unkn,UNSP,UNSP,UNSP,
USGS,2322500,602,1/24/2006 10:21,EST,Yes,DBD/RBS,USGS,1.55,1710,Good,0,0.2,DebrisLight,MEAS,1,Imported Channel 1,UNSP,QADCP,VADCP,1710,,,,UNSP,UNSP,UNSP,unkn,UNSP,UNSP,UNSP,
USGS,2322500,603,4/5/2006 10:23,EDT,Yes,DBD/RBS,USGS,0.94,1220,Fair,0,0.1,DebrisLight,MEAS,1,Imported Channel 1,UNSP,QADCP,VADCP,1220,,,,UNSP,UNSP,UNSP,unkn,UNSP,UNSP,UNSP,
USGS,2322500,604,6/8/2006 10:47,EDT,Yes,DBD/RBS,USGS,0.65,969,Good,0,0.2,Clear,MEAS,1,Imported Channel 1,UNSP,QADCP,VADCP,969,,,,UNSP,UNSP,UNSP,unkn,UNSP,UNSP,UNSP,
USGS,2322500,605,9/6/2006 10:24,EDT,Yes,DBD/RBS,USGS,0.46,849,Fair,0,0.3,Clear,MEAS,1,Imported Channel 1,UNSP,QADCP,VADCP,849,,,,UNSP,UNSP,UNSP,unkn,UNSP,UNSP,UNSP,
USGS,2322500,606,11/14/2006 10:31,EST,Yes,DBD/RBS,USGS,0.34,756,Good,0,0.3,Clear,MEAS,1,Imported Channel 1,UNSP,QADCP,VADCP,756,,,,UNSP,UNSP,UNSP,unkn,UNSP,UNSP,UNSP,
USGS,2322500,607,6/15/2007 10:20,EDT,Yes,JDG,USGS,0.23,619,Good,0,0.8,Clear,MEAS,1,Imported Channel 1,UNSP,QADCP,VADCP,619,148,746,0.83,UNSP,UNSP,UNSP,unkn,UNSP,UNSP,UNSP,
USGS,2322500,608,8/1/2007 10:01,EDT,Yes,JDG,USGS,0.16,595,Good,0,0.9,Clear,MEAS,1,Imported Channel 1,UNSP,QADCP,VADCP,595,131,592,1.01,UNSP,UNSP,UNSP,unkn,UNSP,UNSP,UNSP,
USGS,2322500,609,9/20/2007 13:36,EDT,Yes,JDG,USGS,0.13,639,Good,0,0.9,Clear,MEAS,1,Imported Channel 1,UNSP,QADCP,VADCP,639,133,592,1.08,UNSP,UNSP,UNSP,unkn,UNSP,UNSP,UNSP,
USGS,2322500,610,10/23/2007 10:57,EDT,Yes,JDG,USGS,0.3,748,Good,0,0.8,Clear,MEAS,1,Imported Channel 1,UNSP,QADCP,VADCP,748,135,608,1.23,UNSP,UNSP,UNSP,unkn,UNSP,UNSP,UNSP,
USGS,2322500,611,12/18/2007 14:01,EST,Yes,JDG,USGS,0.06,582,Good,0,0.6,Clear,MEAS,1,Imported Channel 1,UNSP,QADCP,VADCP,582,131,561,1.04,UNSP,UNSP,UNSP,unkn,UNSP,UNSP,UNSP,
USGS,2322500,612,4/23/2008 14:17,EDT,Yes,JDG,USGS,0.4,700,Good,0,1.2,Clear,MEAS,1,Imported Channel 1,UNSP,QADCP,VADCP,700,133,613,1.14,UNSP,UNSP,UNSP,unkn,UNSP,UNSP,UNSP,
USGS,2322500,613,6/5/2008 16:37,EDT,Yes,JDG,USGS,0.25,544,Good,0,0.9,Clear,MEAS,1,Imported Channel 1,UNSP,QADCP,VADCP,544,130,582,0.94,UNSP,UNSP,UNSP,unkn,UNSP,UNSP,UNSP,
USGS,2322500,614,6/5/2008 17:26,EDT,Yes,JDG,USGS,0.24,564,Good,0,0.4,Clear,MEAS,1,Imported Channel 1,UNSP,QADCP,VADCP,564,142,605,0.93,UNSP,UNSP,UNSP,unkn,UNSP,UNSP,UNSP,
USGS,2322500,615,8/26/2008 17:44,EDT,Yes,JDG,USGS,3.1,2240,Good,0.02,0.5,DebrisLight,MEAS,1,Imported Channel 1,UNSP,QADCP,VADCP,2240,154,1020,2.2,UNSP,UNSP,UNSP,unkn,UNSP,UNSP,UNSP,
USGS,2322500,616,8/27/2008 16:27,EDT,Yes,JDG,USGS,3.88,2780,Fair,0.01,0.5,DebrisLight,MEAS,1,Imported Channel 1,UNSP,QADCP,VADCP,2780,176,1680,1.66,UNSP,UNSP,UNSP,unkn,UNSP,UNSP,UNSP,
USGS,2322500,617,8/27/2008 17:02,EDT,Yes,JDG,USGS,3.89,2870,Fair,0.01,0.5,DebrisLight,MEAS,1,Imported Channel 1,UNSP,QADCP,VADCP,2870,180,1730,1.66,UNSP,UNSP,UNSP,unkn,UNSP,UNSP,UNSP,
USGS,2322500,618,9/26/2008 9:34,EDT,Yes,ELR/DBD,USGS,0.8,1030,Good,0,0.3,,UNSP,1,Imported Channel 1,MBOT,QADCP,VADCP,1030,,,,UNSP,UNSP,UNSP,unkn,UNSP,UNSP,UNSP,
USGS,2322500,619,10/29/2008 10:36,EDT,Yes,ELR/DBD,USGS,0.36,764,Good,-0.01,0.3,,UNSP,1,Imported Channel 1,MBOT,QADCP,VADCP,764,,,,UNSP,UNSP,UNSP,unkn,UNSP,UNSP,UNSP,
USGS,2322500,620,3/12/2009 13:44,EDT,Yes,ELR/DBD,USGS,0.37,621,Unspecified,,,,UNSP,1,Imported Channel 1,UNSP,other,,621,,,,UNSP,UNSP,UNSP,unkn,UNSP,UNSP,UNSP,
USGS,2322500,621,4/14/2009 14:25,EDT,Yes,ELR/MEO,USGS,4.82,348,Fair,0.01,0.5,,UNSP,1,Imported Channel 1,UNSP,other,,348,,,,UNSP,UNSP,UNSP,unkn,UNSP,UNSP,UNSP,
USGS,2322500,622,9/1/2009 11:33,EDT,Yes,ELR/DBD,USGS,0.8,1110,Unspecified,0,0.3,,UNSP,1,Imported Channel 1,UNSP,other,,1110,,,,UNSP,UNSP,UNSP,unkn,UNSP,UNSP,UNSP,
USGS,2322500,623,11/5/2009 12:33,EST,Yes,ELR/DBD,USGS,0.38,742,Good,0,0.4,Unspecifed,UNSP,1,Imported Channel 1,MBOT,other,,742,,,,UNSP,UNSP,UNSP,unkn,UNSP,UNSP,UNSP,
USGS,2322500,624,1/22/2010 12:53,EST,Yes,ELR/DBD,USGS,0.62,896,Fair,0,0.2,Unspecifed,UNSP,1,Imported Channel 1,UNSP,other,,896,,,,UNSP,UNSP,UNSP,unkn,UNSP,UNSP,UNSP,
USGS,2322500,625,6/30/2010 10:42,EDT,Yes,ELR/ACK,USGS,0.67,764,Poor,0,0.4,Unspecifed,UNSP,1,Imported Channel 1,UNSP,other,,764,,,,UNSP,UNSP,UNSP,unkn,UNSP,UNSP,UNSP,
USGS,2322500,626,9/9/2010 8:26,EDT,Yes,ELR/DBD,USGS,0.83,873,Fair,0,0.4,,UNSP,1,Imported Channel 1,UNSP,other,,873,,,,UNSP,UNSP,UNSP,unkn,UNSP,UNSP,UNSP,
USGS,2322500,627,10/13/2010 12:24,EDT,Yes,ELR/DBD,USGS,0.57,782,Poor,0,0.4,,UNSP,1,Imported Channel 1,MBOT,QADCP,VADCP,782,,,,UNSP,UNSP,UNSP,unkn,UNSP,UNSP,UNSP,
USGS,2322500,628,1/11/2011 15:20,EST,Yes,ELR/DBD,USGS,0.36,669,Fair,0,0.5,,UNSP,1,Imported Channel 1,MBOT,QADCP,VADCP,669,129,1400,0.5,UNSP,UNSP,UNSP,unkn,UNSP,UNSP,UNSP,
USGS,2322500,629,4/21/2011 12:13,EDT,Yes,ELR,USGS,0.4,661,Good,0,0.2,,UNSP,1,Imported Channel 1,MBOT,QADCP,VADCP,661,,,,UNSP,UNSP,UNSP,unkn,UNSP,UNSP,UNSP,
USGS,2322500,630,5/4/2011 10:33,EDT,Yes,ELR/ACK,USGS,0.38,683,Good,0,0.2,,UNSP,1,Imported Channel 1,MBOT,QADCP,VADCP,683,138,635,1.16,UNSP,UNSP,UNSP,unkn,UNSP,UNSP,UNSP,
USGS,2322500,631,6/13/2011 11:51,EDT,Yes,ELR/DBD,USGS,0.28,561,Poor,0,1,,UNSP,1,Imported Channel 1,MBOT,QADCP,VADCP,561,,,,UNSP,UNSP,UNSP,unkn,UNSP,UNSP,UNSP,
USGS,2322500,632,8/18/2011 9:12,EDT,Yes,ELR/MEO,USGS,0.18,519,Fair,0,0.2,,UNSP,1,Imported Channel 1,MBOT,QADCP,VADCP,519,,,,UNSP,UNSP,UNSP,unkn,UNSP,UNSP,UNSP,
USGS,2322500,633,10/5/2011 14:03,EDT,Yes,ELR/TCP,USGS,0.23,589,Poor,0,0.2,Unspecifed,MEAS,1,Imported Channel 1,UNSP,other,,589,,,,UNSP,UNSP,UNSP,unkn,UNSP,UNSP,UNSP,
USGS,2322500,634,12/19/2011 14:29,EST,Yes,ELR/JTB,USGS,0.16,593,Poor,0,0.4,,MEAS,1,main,MBOT,QADCP,VADCP,593,174,1220,0.49,UNSP,UNSP,UNSP,unkn,UNSP,UNSP,UPST,1500
USGS,2322500,635,1/23/2012 14:58,EST,Yes,ELR,USGS,0.14,498,Poor,0,0.3,,MEAS,1,main,MBOT,QADCP,VADCP,498,178,1130,0.44,FIRM,LDGE,UNSP,unkn,EVEN,UNSP,UPST,2000
USGS,2322500,636,3/27/2012 13:09,EDT,Yes,ELR/TCP,USGS,0.15,466,Fair,0,0.2,,MEAS,1,main,MBOT,QADCP,VADCP,466,155,1090,0.43,FIRM,LDGE,UNSP,unkn,UNEV,UNKN,UPST,2000
USGS,2322500,637,5/21/2012 13:59,EDT,Yes,DBD/JTB,USGS,0.09,481,Poor,0,0.4,Unspecifed,MEAS,1,FT WHITE,MBOT,QADCP,VADCP,481,140,1300,0.37,FIRM,LDGE,UNEV,unkn,EVEN,UNKN,UPST,1000
USGS,2322500,638,6/27/2012 14:17,EDT,Yes,CNM/GSG,USGS,3.01,2200,Fair,0.04,0.6,DebrisModerate,MEAS,1,SANTA FE,MBOT,QADCP,VADCP,2200,188,1160,1.89,FIRM,SAND,UNEV,unkn,EVEN,STND,DNST,5490
USGS,2322500,639,6/27/2012 15:17,EDT,Yes,CNM/GSG,USGS,3.06,2220,Fair,0.01,0.3,DebrisModerate,MEAS,1,SANTA FE,MBOT,QADCP,VADCP,2220,185,1170,1.9,FIRM,SAND,UNEV,unkn,EVEN,STND,DNST,5490
USGS,2322500,640,6/28/2012 17:41,EDT,Yes,ELR/JTB,USGS,6.18,5220,Poor,0.02,0.1,,MEAS,1,Imported Channel 1,UNSP,other,,5220,,,,UNSP,UNSP,UNSP,unkn,UNSP,UNSP,UNSP,
USGS,2322500,641,7/2/2012 17:33,EDT,Yes,MEO/JTB,USGS,9.92,9130,Poor,-0.02,0.3,Unspecifed,UNSP,1,Imported Channel 1,UNSP,other,,9130,,,,SOFT,SAND,UNEV,unkn,UNEV,STND,UPST,5000
USGS,2322500,642,7/2/2012 17:48,EDT,Yes,MEO/JTB,USGS,9.91,9270,Poor,,0.2,Unspecifed,UNSP,1,Imported Channel 1,UNSP,other,,9270,,,,UNSP,UNSP,UNSP,unkn,UNSP,UNSP,UNSP,
USGS,2322500,643,8/14/2012 11:22,EDT,Yes,ELR/DB,USGS,1.54,1480,Poor,0,0.3,,MEAS,1,main,MBOT,QADCP,VADCP,1480,172,1460,1.02,FIRM,LDGE,UNEV,unkn,UNEV,UNKN,UPST,2000
USGS,2322500,644,10/17/2012 13:55,EDT,Yes,ELR,USGS,0.94,1280,Fair,-0.01,0.2,,MEAS,1,main,MBOT,QADCP,VADCP,1280,173,1210,1.06,FIRM,LDGE,UNSP,unkn,UNEV,UNKN,UPST,2000
USGS,2322500,645,1/2/2013 11:48,EST,Yes,ELR,USGS,0.44,883,Good,0,0.2,,MEAS,1,main,MBOT,QADCP,VADCP,883,175,1260,0.7,FIRM,LDGE,UNEV,unkn,EVEN,UNKN,UPST,2500
USGS,2322500,646,2/5/2013 18:24,EST,Yes,ELR,USGS,0.36,798,Fair,0,0.3,,MEAS,1,main,MBOT,QADCP,VADCP,798,176,1270,0.75,FIRM,LDGE,EVEN,unkn,UNEV,UNKN,UPST,1500
USGS,2322500,647,3/5/2013 9:37,EST,Yes,CNM/WHW,USGS,0.48,868,Fair,0.01,0.3,DebrisLight,MEAS,1,SANTA FE,MBOT,QADCP,VADCP,868,136,684,1.27,FIRM,SAND,EVEN,unkn,EVEN,STND,UPST,200
USGS,2322500,648,3/11/2013 14:45,EDT,Yes,CNM/GSG,USGS,1.1,841,Fair,0,0.3,DebrisLight,MEAS,1,SANTA FE,MBOT,QADCP,VADCP,841,143,780,1.08,FIRM,SAND,EVEN,unkn,EVEN,STND,UPST,200
USGS,2322500,649,5/8/2013 15:18,EDT,Yes,ELR/TCC,USGS,1.77,2210,Good,0.01,0.3,,MEAS,1,main,MBOT,QADCP,VADCP,2210,156,1050,2.1,FIRM,LDGE,UNEV,unkn,UNSP,STND,UPST,500
USGS,2322500,650,5/8/2013 15:45,EDT,Yes,ELR/TCC,USGS,1.78,2130,Good,0,0.2,,MEAS,1,main,MBOT,QADCP,VADCP,2130,210,1190,1.79,FIRM,LDGE,EVEN,unkn,EVEN,STND,UPST,500
USGS,2322500,651,6/11/2013 11:31,EDT,Yes,ELR,USGS,0.98,1240,Good,0,0.2,,MEAS,1,main,MBOT,QADCP,VADCP,1240,181,1330,0.93,FIRM,LDGE,EVEN,unkn,UNSP,STND,DNST,30
USGS,2322500,652,8/13/2013 11:39,EDT,Yes,ELR,USGS,1.85,1940,Good,0,0.2,,MEAS,1,main,MBOT,QADCP,VADCP,1940,195,1540,1.26,FIRM,LDGE,EVEN,unkn,UNSP,STND,UPST,1000
USGS,2322500,653,10/30/2013 9:39,EDT,Yes,ELR/TJN,USGS,0.55,914,Fair,0,0.2,,MEAS,1,main,MBOT,QADCP,VADCP,914,148,1770,0.52,FIRM,LDGE,UNEV,unkn,UNEV,UNKN,UPST,700
USGS,2322500,654,10/30/2013 10:05,EDT,Yes,ELR/TJN,USGS,0.55,946,Good,0,0.2,,MEAS,1,check meas,MBOT,QADCP,VADCP,946,175,1010,0.94,FIRM,LDGE,UNEV,unkn,UNEV,UNKN,UPST,1000
USGS,2322500,655,12/5/2013 10:36,EST,Yes,DMS,USGS,0.48,880,Good,0,0.4,DebrisLight,MEAS,1,655,MBOT,QADCP,VADCP,880,132,621,1.42,FIRM,SAND,UNEV,unkn,EVEN,STND,UPST,300
USGS,2322500,656,2/11/2014 16:06,EST,Yes,DMS,USGS,0.89,1230,Good,0,0.2,,MEAS,1,656,MBOT,QADCP,VADCP,1230,156,723,1.7,FIRM,LDGE,UNEV,unkn,UNEV,STND,UPST,200
USGS,2322500,657,3/25/2014 13:17,EDT,Yes,LJL/MEO,USGS,3.9,2900,Good,0,0.2,,MEAS,1,#657 main,MBOT,QADCP,VADCP,2900,177,1090,2.67,FIRM,SAND,EVEN,unkn,EVEN,UNKN,ATGA,
USGS,2322500,658,4/9/2014 14:50,EDT,Yes,DMS,USGS,2.92,2380,Good,0,0.3,Unspecifed,MEAS,1,658,MBOT,QADCP,VADCP,2380,149,995,2.39,SOFT,SAND,UNEV,unkn,UNEV,STND,UPST,200
USGS,2322500,659,4/23/2014 14:27,EDT,Yes,TJN,USGS,3.64,2000,Good,0,0.7,Clear,MEAS,1,main,MBOT,QADCP,VADCP,2000,214,1450,1.38,SOFT,SAND,EVEN,unkn,EVEN,UNFM,UPST,100
USGS,2322500,660,6/4/2014 14:47,EDT,Yes,DMS,USGS,1.42,1550,Good,0,0.3,DebrisLight,MEAS,1,660,MBOT,QADCP,VADCP,1550,145,793,1.95,FIRM,SAND,UNEV,unkn,EVEN,STND,UPST,300
USGS,2322500,661,6/4/2014 15:01,EDT,Yes,DMS,USGS,1.42,1550,Good,0,0.3,DebrisLight,MEAS,1,661,MBOT,QADCP,VADCP,1550,144,795,1.95,FIRM,SAND,UNEV,unkn,EVEN,STND,UPST,300
USGS,2322500,662,8/5/2014 13:00,EDT,Yes,DMS,USGS,1.04,1350,Good,0,0.3,Clear,MEAS,1,662,MBOT,QADCP,VADCP,1350,147,754,1.79,FIRM,SAND,EVEN,unkn,UNEV,STND,UPST,250
USGS,2322500,663,10/9/2014 15:04,EDT,Yes,DMS,USGS,1.65,1870,Fair,0,0.3,DebrisLight,MEAS,1,663,MBOT,QADCP,VADCP,1870,143,808,2.31,SOFT,SAND,EVEN,unkn,UNEV,STND,UPST,250
USGS,2322500,664,12/17/2014 9:14,EST,Yes,DMS,USGS,0.8,1140,Good,0,0.2,DebrisLight,MEAS,1,664,MBOT,QADCP,VADCP,1140,144,699,1.63,FIRM,SAND,EVEN,unkn,EVEN,STND,UPST,200
USGS,2322500,665,2/24/2015 9:27,EST,Yes,DMS,USGS,1.08,1330,Good,0,0.3,DebrisLight,MEAS,1,665,MBOT,QADCP,VADCP,1330,148,740,1.8,FIRM,SAND,UNEV,unkn,UNEV,STND,UPST,250
USGS,2322500,666,4/21/2015 11:59,EDT,Yes,DMS,USGS,0.92,1180,Good,0,0.3,DebrisLight,MEAS,1,666,MBOT,QADCP,VADCP,1180,140,584,2.01,UNSP,UNSP,UNSP,unkn,EVEN,UNSP,UPST,100
USGS,2322500,667,6/10/2015 12:44,EDT,Yes,DMS,USGS,0.64,956,Good,0,0.5,DebrisLight,MEAS,1,667,MBOT,QADCP,VADCP,956,142,672,1.42,UNSP,UNSP,UNSP,unkn,UNEV,UNSP,UPST,250
USGS,2322500,668,8/4/2015 13:09,EDT,Yes,DMS,USGS,0.91,1140,Good,0,0.3,DebrisLight,MEAS,1,668,MBOT,QADCP,VADCP,1140,135,697,1.64,UNSP,UNSP,UNSP,unkn,EVEN,UNSP,UPST,400
USGS,2322500,670,9/10/2015 11:03,EDT,Yes,ELR/CGP,USGS,2.55,2340,Poor,0.01,0.2,Unspecifed,MEAS,1,check meas,MBOT,QADCP,VADCP,2340,209,1290,1.82,FIRM,LDGE,UNEV,unkn,EVEN,STND,UPST,200
USGS,2322500,669,9/10/2015 11:43,EDT,Yes,ELR/CGP,USGS,2.56,2500,Fair,0,0.2,Unspecifed,MEAS,1,main,MBOT,QADCP,VADCP,2500,160,1260,1.98,FIRM,LDGE,UNEV,unkn,EVEN,STND,UPST,400
USGS,2322500,671,10/14/2015 13:25,EDT,Yes,DMS,USGS,1.22,1530,Good,0,0.3,DebrisLight,MEAS,1,671,MBOT,QADCP,VADCP,1530,136,739,2.07,UNSP,UNSP,UNSP,unkn,UNEV,UNSP,UPST,250
USGS,2322500,672,10/14/2015 13:40,EDT,Yes,DMS,USGS,1.22,1510,Good,0,0.3,DebrisLight,MEAS,1,672,MBOT,QADCP,VADCP,1510,136,742,2.03,UNSP,UNSP,UNSP,unkn,UNEV,UNSP,UPST,250
USGS,2322500,673,12/16/2015 15:36,EST,Yes,DMS,USGS,0.66,1010,Good,0,0.3,DebrisLight,MEAS,1,673,MBOT,QADCP,VADCP,1010,128,662,1.53,UNSP,UNSP,UNSP,unkn,UNEV,UNSP,UPST,400
USGS,2322500,674,2/3/2016 13:49,EST,Yes,DMS,USGS,0.62,1030,Good,0,0.3,DebrisLight,MEAS,1,674,MBOT,QADCP,VADCP,1030,142,741,1.39,UNSP,UNSP,UNSP,unkn,EVEN,UNSP,UPST,250
USGS,2322500,675,4/6/2016 10:28,EDT,Yes,DMS,USGS,0.97,1280,Good,0,0.6,DebrisLight,MEAS,1,675,MBOT,QADCP,VADCP,1280,143,741,1.73,UNSP,UNSP,UNSP,unkn,UNEV,UNSP,UPST,250
USGS,2322500,676,6/7/2016 14:27,EDT,Yes,DMS,USGS,0.57,942,Good,,,DebrisLight,MEAS,1,676,MBOT,QADCP,VADCP,942,141,696,1.35,UNSP,UNSP,UNSP,unkn,EVEN,UNSP,DNST,250
USGS,2322500,677,8/10/2016 12:16,EDT,Yes,DMS,USGS,0.54,917,Good,0,0.3,DebrisLight,MEAS,1,0,MBOT,QADCP,VADCP,917,143,697,1.32,FIRM,LDGE,UNEV,unkn,EVEN,STND,UPST,300
USGS,2322500,678,10/4/2016 10:42,EDT,Yes,DMS,USGS,0.83,1170,Good,0,0.3,DebrisLight,MEAS,1,678,MBOT,QADCP,VADCP,1170,144,752,1.56,FIRM,SAND,EVEN,unkn,EVEN,STND,UPST,180
USGS,2322500,679,12/13/2016 13:19,EST,Yes,DMS,USGS,0.55,922,Good,0,0.3,DebrisLight,MEAS,1,679,MBOT,QADCP,VADCP,922,140,685,1.35,FIRM,LDGE,EVEN,unkn,EVEN,STND,UPST,250
USGS,2322500,680,2/22/2017 11:56,EST,Yes,DMS,USGS,0.51,871,Good,0,0.3,DebrisLight,MEAS,1,680,MBOT,QADCP,VADCP,871,135,678,1.28,FIRM,LDGE,UNEV,unkn,EVEN,STND,UPST,220
USGS,2322500,681,4/11/2017 12:27,EDT,Yes,DMS,USGS,0.67,981,Good,0,0.33,DebrisLight,MEAS,1,681,MBOT,QADCP,VADCP,981,162,772,1.27,FIRM,SAND,EVEN,unkn,EVEN,STND,UPST,250
USGS,2322500,682,6/8/2017 14:25,EDT,Yes,DMS,USGS,0.45,798,Fair,0,0.25,DebrisLight,MEAS,1,682,MBOT,QADCP,VADCP,798,177,765,1.04,FIRM,LDGE,UNEV,unkn,EVEN,STND,UPST,400
USGS,2322500,683,8/3/2017 14:15,EDT,Yes,DMS,USGS,1.54,1710,Good,0,0.3,DebrisLight,MEAS,1,683,MBOT,QADCP,VADCP,1710,213,1230,1.4,FIRM,LDGE,UNEV,PULS,EVEN,STND,UPST,350
USGS,2322500,684,9/13/2017 14:59,EDT,No,,,,,,,,,,,,,,,,,,,,,,,,,,
USGS,2322500,685,9/13/2017 16:33,EDT,Yes,TJN/SCM,USGS,9.28,9990,Fair,0.26,0.25,Clear,MEAS,1,Main,MBOT,QADCP,VADCP,9990,303,2700,3.7,SOFT,silt,EVEN,STDY,UNEV,STND,DNST,12000
USGS,2322500,686,9/15/2017 10:26,EDT,Yes,KMC/DKB,USGS,14.35,16400,Poor,0.01,0.3,DebrisLight,MEAS,1,Main,MBOT,QADCP,VADCP,16400,297,4690,3.5,SOFT,SAND,EVEN,STDY,EVEN,UNKN,DNST,1000
USGS,2322500,687,9/15/2017 10:43,EDT,Yes,KMC/DKB,USGS,14.35,16200,Poor,0,0.27,DebrisLight,MEAS,1,Main,MBOT,QADCP,VADCP,16200,306,4750,3.41,SOFT,silt,EVEN,STDY,EVEN,UNKN,DNST,1000
USGS,2322500,688,10/3/2017 14:38,EDT,Yes,DMS/NLB,USGS,3.45,3040,Fair,,,DebrisLight,MEAS,1,688,MBOT,QADCP,VADCP,3040,187,1320,2.3,FIRM,SAND,UNEV,PULS,EVEN,STND,UPST,400
USGS,2322500,689,12/14/2017 11:23,EST,Yes,LJL/MAW,USGS,1.57,1820,Good,,,,MEAS,1,main,MBOT,QADCP,VADCP,1820,143,718,2.54,SOFT,SAND,UNEV,PULS,UNEV,UNKN,UPST,200
USGS,2322500,690,2/22/2018 14:01,EST,Yes,LJL/MAW,USGS,1.42,1680,Good,,,DebrisLight,MEAS,1,#690,MBOT,QADCP,VADCP,1680,156,771,2.18,SOFT,SAND,EVEN,STDY,EVEN,STND,UPST,40
USGS,2322500,691,4/19/2018 11:57,EDT,Yes,LJL/SCM,USGS,1.59,1830,Good,,,Clear,MEAS,1,Main,MBOT,QADCP,VADCP,1830,145,726,2.53,SOFT,SAND,EVEN,STDY,EVEN,STND,UPST,75
USGS,2322500,692,6/14/2018 10:59,EDT,Yes,LJL,USGS,1.62,1820,Fair,0.01,0.3,,MEAS,1,#692,MBOT,QADCP,VADCP,1820,151,768,2.37,FIRM,BLDR,EVEN,STDY,EVEN,STND,ATGA,0
USGS,2322500,693,8/8/2018 15:29,EDT,Yes,LJL/SCM,USGS,4.46,3530,Fair,,,,MEAS,1,#693,MBOT,QADCP,VADCP,3530,192,1230,2.87,FIRM,LDGE,EVEN,STDY,EVEN,STND,UPST,25
USGS,2322500,694,8/8/2018 15:51,EDT,Yes,LJL/SCM,USGS,4.45,3620,Good,,,,MEAS,1,#694,MBOT,QADCP,VADCP,3620,179,1090,3.31,FIRM,LDGE,EVEN,STDY,EVEN,STND,UPST,40
USGS,2322500,695,11/7/2018 10:38,EST,Yes,MAW,USGS,1,1430,Good,0,0.25,Clear,MEAS,1,MAIN,MBOT,QADCP,VADCP,1430,137,714,2,FIRM,SAND,UNEV,PULS,UNEV,UNKN,UPST,100
USGS,2322500,696,11/7/2018 10:52,EST,Yes,MAW,USGS,1,1430,Good,0,0.25,Clear,MEAS,1,MAIN,MBOT,QADCP,VADCP,1430,141,724,1.98,FIRM,SAND,UNEV,PULS,UNEV,UNKN,UPST,120
