e.g. NC_MudCreek,YYYY-MM-DD,Meters upstream of logger array (negative for downstream),Transect latitude in decimal degrees,Transect longitude in decimal degrees,The width of the water surface at the time of measurement (meters),The depth at the time of measurement (meters),The velocity at the time of measurement (meters per second),Any notes about the measurement
siteID,date,transect,latitude,longitude,width_m,depth_m,velocity_ms,notes
AZ_OC,2017-11-08,20,,,0,2,,
AZ_OC,2017-11-08,20,,,1,8,,
AZ_OC,2017-11-08,20,,,2,19,,
AZ_OC,2017-11-08,20,,,3,14,,
AZ_OC,2017-11-08,20,,,4,18,,
AZ_OC,2017-11-08,20,,,5,5,,
AZ_OC,2017-11-08,20,,,6,0,,
AZ_OC,2017-11-08,20,,,7,42,,
AZ_OC,2017-11-08,20,,,8,37,,
AZ_OC,2017-11-08,20,,,9,53,,
AZ_OC,2017-11-08,20,,,10,64,,
AZ_OC,2017-11-08,20,,,11,15,,
AZ_OC,2017-11-08,20,,,11.9,2,,
AZ_OC,2017-11-08,40,,,0,1,,
AZ_OC,2017-11-08,40,,,1,17,,
AZ_OC,2017-11-08,40,,,2,13,,
AZ_OC,2017-11-08,40,,,3,28,,
AZ_OC,2017-11-08,40,,,4,25,,
AZ_OC,2017-11-08,40,,,5,29,,
AZ_OC,2017-11-08,40,,,6,20,,
AZ_OC,2017-11-08,40,,,7,45,,
AZ_OC,2017-11-08,40,,,8,27,,
AZ_OC,2017-11-08,40,,,9,35,,
AZ_OC,2017-11-08,40,,,10,41,,
AZ_OC,2017-11-08,40,,,11,45,,
AZ_OC,2017-11-08,40,,,11.3,12,,
AZ_OC,2017-11-08,60,,,0,0,,
AZ_OC,2017-11-08,60,,,1,11,,
AZ_OC,2017-11-08,60,,,2,12,,
AZ_OC,2017-11-08,60,,,3,28,,
AZ_OC,2017-11-08,60,,,4,26,,
AZ_OC,2017-11-08,60,,,5,35,,
AZ_OC,2017-11-08,60,,,6,25,,
AZ_OC,2017-11-08,60,,,7,28,,
AZ_OC,2017-11-08,60,,,8,36,,
AZ_OC,2017-11-08,60,,,9,22,,
AZ_OC,2017-11-08,60,,,10,16,,
AZ_OC,2017-11-08,60,,,10.9,21,,
AZ_OC,2017-11-08,80,,,0,11,,
AZ_OC,2017-11-08,80,,,1,10,,
AZ_OC,2017-11-08,80,,,2,39,,
AZ_OC,2017-11-08,80,,,3,35,,
AZ_OC,2017-11-08,80,,,4,37,,
AZ_OC,2017-11-08,80,,,5,36,,
AZ_OC,2017-11-08,80,,,6,32,,
AZ_OC,2017-11-08,80,,,7,29,,
AZ_OC,2017-11-08,80,,,8,28,,
AZ_OC,2017-11-08,80,,,9,19,,
AZ_OC,2017-11-08,80,,,9.2,13,,
AZ_OC,2017-11-08,100,,,0,3,,
AZ_OC,2017-11-08,100,,,1,34,,
AZ_OC,2017-11-08,100,,,2,54,,
AZ_OC,2017-11-08,100,,,3,62,,
AZ_OC,2017-11-08,100,,,4,54,,
AZ_OC,2017-11-08,100,,,5,37,,
AZ_OC,2017-11-08,100,,,6,35,,
AZ_OC,2017-11-08,100,,,7,48,,
AZ_OC,2017-11-08,100,,,8,27,,
AZ_OC,2017-11-08,100,,,9,30,,
AZ_OC,2017-11-08,100,,,10,15,,
AZ_OC,2017-11-08,100,,,11,21,,
AZ_OC,2017-11-08,100,,,12,1,,
AZ_OC,2017-11-08,100,,,12.3,1,,
AZ_OC,2017-11-08,120,,,3.8,2,,
AZ_OC,2017-11-08,120,,,4,12,,
AZ_OC,2017-11-08,120,,,5,38,,
AZ_OC,2017-11-08,120,,,6,32,,
AZ_OC,2017-11-08,120,,,7,26,,
AZ_OC,2017-11-08,120,,,8,6,,
AZ_OC,2017-11-08,120,,,9,4,,
AZ_OC,2017-11-08,120,,,10,18,,
AZ_OC,2017-11-08,120,,,11,48,,
AZ_OC,2017-11-08,120,,,12,32,,
AZ_OC,2017-11-08,120,,,12.5,5,,
AZ_OC,2017-11-08,140,,,1.1,3,,
AZ_OC,2017-11-08,140,,,2,42,,
AZ_OC,2017-11-08,140,,,3,2,,
AZ_OC,2017-11-08,140,,,4,41,,
AZ_OC,2017-11-08,140,,,5,5,,
AZ_OC,2017-11-08,140,,,6,20,,
AZ_OC,2017-11-08,140,,,7,15,,
AZ_OC,2017-11-08,140,,,8,2,,
AZ_OC,2017-11-08,140,,,9,10,,
AZ_OC,2017-11-08,140,,,10,26,,
AZ_OC,2017-11-08,140,,,11,42,,
AZ_OC,2017-11-08,140,,,12,20,,
AZ_OC,2017-11-08,140,,,13,0,,
AZ_OC,2017-11-08,140,,,13.6,0,,
AZ_OC,2017-11-08,160,,,1,29,,
AZ_OC,2017-11-08,160,,,1.5,36,,
AZ_OC,2017-11-08,160,,,2,29,,
AZ_OC,2017-11-08,160,,,2.5,58,,
AZ_OC,2017-11-08,160,,,3,34,,
AZ_OC,2017-11-08,160,,,3.5,36,,
AZ_OC,2017-11-08,160,,,4,5,,
AZ_OC,2017-11-08,160,,,4.5,35,,
AZ_OC,2017-11-08,160,,,5,36,,
AZ_OC,2017-11-08,160,,,5.5,22,,
AZ_OC,2017-11-08,160,,,6,10,,
AZ_OC,2017-11-08,160,,,6.5,29,,
AZ_OC,2017-11-08,160,,,7,20,,
AZ_OC,2017-11-08,160,,,7.5,15,,
AZ_OC,2017-11-08,160,,,8,11,,
AZ_OC,2017-11-08,160,,,8.5,1,,
AZ_OC,2017-11-08,160,,,9,0,,
AZ_OC,2017-11-08,160,,,9.2,0,,
AZ_OC,2017-11-08,180,,,0.5,14,,
AZ_OC,2017-11-08,180,,,1,40,,
AZ_OC,2017-11-08,180,,,2,64,,
AZ_OC,2017-11-08,180,,,3,61,,
AZ_OC,2017-11-08,180,,,4,48,,
AZ_OC,2017-11-08,180,,,5,56,,
AZ_OC,2017-11-08,180,,,6,41,,
AZ_OC,2017-11-08,180,,,7,42,,
AZ_OC,2017-11-08,180,,,8,34,,
AZ_OC,2017-11-08,180,,,9,17,,
AZ_OC,2017-11-08,180,,,10,10,,
AZ_OC,2017-11-08,180,,,10.4,3,,
AZ_OC,2017-11-08,200,,,1,2,,
AZ_OC,2017-11-08,200,,,1.5,2,,
AZ_OC,2017-11-08,200,,,2,7,,
AZ_OC,2017-11-08,200,,,2.5,10,,
AZ_OC,2017-11-08,200,,,3,20,,
AZ_OC,2017-11-08,200,,,3.5,17,,
AZ_OC,2017-11-08,200,,,4,21,,
AZ_OC,2017-11-08,200,,,4.5,36,,
AZ_OC,2017-11-08,200,,,5,37,,
AZ_OC,2017-11-08,200,,,5.5,54,,
AZ_OC,2017-11-08,200,,,6,70,,
AZ_OC,2017-11-08,200,,,6.5,84,,
AZ_OC,2017-11-08,200,,,7,93,,
AZ_OC,2017-11-08,200,,,7.5,91,,
AZ_OC,2017-11-08,200,,,8,98,,
AZ_OC,2017-11-08,200,,,8.5,95,,
AZ_OC,2017-11-08,200,,,9,122,,
AZ_OC,2017-11-08,200,,,9.5,Deep,,
AZ_OC,2017-11-08,200,,,10,118,,
AZ_WB,2017-11-08,0,,,1,2,,
AZ_WB,2017-11-08,0,,,1.5,12,,
AZ_WB,2017-11-08,0,,,2,9,,
AZ_WB,2017-11-08,0,,,2.5,19,,
AZ_WB,2017-11-08,0,,,3,34,,
AZ_WB,2017-11-08,0,,,3.5,34,,
AZ_WB,2017-11-08,0,,,4,36,,
AZ_WB,2017-11-08,0,,,4.5,43,,
AZ_WB,2017-11-08,0,,,5,45,,
AZ_WB,2017-11-08,0,,,5.5,46,,
AZ_WB,2017-11-08,0,,,6,50,,
AZ_WB,2017-11-08,0,,,6.5,64,,
AZ_WB,2017-11-08,0,,,7,61,,
AZ_WB,2017-11-08,0,,,7.5,52,,
AZ_WB,2017-11-08,0,,,8,43,,
AZ_WB,2017-11-08,0,,,8.5,34,,
AZ_WB,2017-11-08,0,,,9,16,,
AZ_WB,2017-11-08,0,,,9.2,2,,
AZ_WB,2017-11-08,20,,,1,1,,
AZ_WB,2017-11-08,20,,,1.5,0,,
AZ_WB,2017-11-08,20,,,2,48,,
AZ_WB,2017-11-08,20,,,2.5,50,,
AZ_WB,2017-11-08,20,,,3,74,,
AZ_WB,2017-11-08,20,,,3.5,72,,
AZ_WB,2017-11-08,20,,,4,57,,
AZ_WB,2017-11-08,20,,,4.5,36,,
AZ_WB,2017-11-08,20,,,5,0,,
AZ_WB,2017-11-08,20,,,5.5,8,,
AZ_WB,2017-11-08,40,,,1,1,,
AZ_WB,2017-11-08,40,,,1.33,33,,
AZ_WB,2017-11-08,40,,,1.66,20,,
AZ_WB,2017-11-08,40,,,2,30,,
AZ_WB,2017-11-08,40,,,2.33,9,,
AZ_WB,2017-11-08,40,,,2.66,37,,
AZ_WB,2017-11-08,40,,,3,25,,
AZ_WB,2017-11-08,40,,,3.33,17,,
AZ_WB,2017-11-08,40,,,3.66,3,,
AZ_WB,2017-11-08,40,,,4,21,,
AZ_WB,2017-11-08,40,,,4.33,10,,
AZ_WB,2017-11-08,40,,,4.66,14,,
AZ_WB,2017-11-08,40,,,4.8,12,,
AZ_WB,2017-11-08,60,,,1,2,,
AZ_WB,2017-11-08,60,,,1.5,3,,
AZ_WB,2017-11-08,60,,,2,27,,
AZ_WB,2017-11-08,60,,,2.5,34,,
AZ_WB,2017-11-08,60,,,3,12,,
AZ_WB,2017-11-08,60,,,3.5,30,,
AZ_WB,2017-11-08,60,,,4,19,,
AZ_WB,2017-11-08,60,,,4.5,23,,
AZ_WB,2017-11-08,60,,,5,0,,
AZ_WB,2017-11-08,60,,,5.5,13,,
AZ_WB,2017-11-08,60,,,6,11,,
AZ_WB,2017-11-08,60,,,6.5,0,,
AZ_WB,2017-11-08,80,,,1,4,,
AZ_WB,2017-11-08,80,,,1.5,11,,
AZ_WB,2017-11-08,80,,,2,2,,
AZ_WB,2017-11-08,80,,,2.5,12,,
AZ_WB,2017-11-08,80,,,3,18,,
AZ_WB,2017-11-08,80,,,3.5,10,,
AZ_WB,2017-11-08,80,,,4,23,,
AZ_WB,2017-11-08,80,,,4.5,25,,
AZ_WB,2017-11-08,80,,,5,29,,
AZ_WB,2017-11-08,80,,,5.5,21,,
AZ_WB,2017-11-08,80,,,6,15,,
AZ_WB,2017-11-08,80,,,6.5,12,,
AZ_WB,2017-11-08,80,,,7,18,,
AZ_WB,2017-11-08,80,,,7.5,21,,
AZ_WB,2017-11-08,80,,,8,15,,
AZ_WB,2017-11-08,80,,,8.5,17,,
AZ_WB,2017-11-08,80,,,9,8,,
AZ_WB,2017-11-08,80,,,9.2,1,,
AZ_WB,2017-11-08,100,,,1,10,,
AZ_WB,2017-11-08,100,,,1.5,11,,
AZ_WB,2017-11-08,100,,,2,3,,
AZ_WB,2017-11-08,100,,,2.5,14,,
AZ_WB,2017-11-08,100,,,3,7,,
AZ_WB,2017-11-08,100,,,3.5,10,,
AZ_WB,2017-11-08,100,,,4,0,,
AZ_WB,2017-11-08,100,,,4.5,35,,
AZ_WB,2017-11-08,100,,,5,4,,
AZ_WB,2017-11-08,100,,,5.5,0,,
AZ_WB,2017-11-08,100,,,6,35,,
AZ_WB,2017-11-08,100,,,6.5,32,,
AZ_WB,2017-11-08,100,,,7,35,,
AZ_WB,2017-11-08,100,,,7.5,31,,
AZ_WB,2017-11-08,100,,,8,17,,
AZ_WB,2017-11-08,100,,,8.5,7,,
AZ_WB,2017-11-08,100,,,9,15,,
AZ_WB,2017-11-08,100,,,9.5,5,,
AZ_WB,2017-11-08,120,,,0,2,,
AZ_WB,2017-11-08,120,,,1,1,,
AZ_WB,2017-11-08,120,,,2,7,,
AZ_WB,2017-11-08,120,,,3,5,,
AZ_WB,2017-11-08,120,,,4,19,,
AZ_WB,2017-11-08,120,,,5,0,,
AZ_WB,2017-11-08,120,,,6,2,,
AZ_WB,2017-11-08,120,,,7,2,,
AZ_WB,2017-11-08,120,,,8,28,,
AZ_WB,2017-11-08,120,,,9,23,,
AZ_WB,2017-11-08,120,,,9.4,9,,
AZ_WB,2017-11-08,140,,,0,0,,
AZ_WB,2017-11-08,140,,,1,41,,
AZ_WB,2017-11-08,140,,,2,5,,
AZ_WB,2017-11-08,140,,,3,39,,
AZ_WB,2017-11-08,140,,,4,30,,
AZ_WB,2017-11-08,140,,,5,0,,
AZ_WB,2017-11-08,140,,,6,8,,
AZ_WB,2017-11-08,140,,,7,30,,
AZ_WB,2017-11-08,140,,,8,0,,
AZ_WB,2017-11-08,140,,,9,5,,
AZ_WB,2017-11-08,140,,,10,2,,
AZ_WB,2017-11-08,140,,,11,12,,
AZ_WB,2017-11-08,140,,,11.6,2,,
AZ_WB,2017-11-08,160,,,0,4,,
AZ_WB,2017-11-08,160,,,0.5,7,,
AZ_WB,2017-11-08,160,,,1,20,,
AZ_WB,2017-11-08,160,,,1.5,33,,
AZ_WB,2017-11-08,160,,,2,42,,
AZ_WB,2017-11-08,160,,,2.5,47,,
AZ_WB,2017-11-08,160,,,3,57,,
AZ_WB,2017-11-08,160,,,3.5,55,,
AZ_WB,2017-11-08,160,,,4,42,,
AZ_WB,2017-11-08,160,,,4.5,52,,
AZ_WB,2017-11-08,160,,,5,25,,
AZ_WB,2017-11-08,180,,,0,2,,
AZ_WB,2017-11-08,180,,,0.5,15,,
AZ_WB,2017-11-08,180,,,1,21,,
AZ_WB,2017-11-08,180,,,1.5,14,,
AZ_WB,2017-11-08,180,,,2,25,,
AZ_WB,2017-11-08,180,,,2.5,17,,
AZ_WB,2017-11-08,180,,,3,12,,
AZ_WB,2017-11-08,180,,,3.5,0,,
AZ_WB,2017-11-08,180,,,4,12,,
AZ_WB,2017-11-08,180,,,4.5,0,,
AZ_WB,2017-11-08,180,,,5,24,,
AZ_WB,2017-11-08,180,,,5.5,29,,
AZ_WB,2017-11-08,180,,,6,31,,
AZ_WB,2017-11-08,180,,,6.6,1,,
AZ_OC,2018-03-06,0,,,0,113,,
AZ_OC,2018-03-06,0,,,1,86,,
AZ_OC,2018-03-06,0,,,2,66,,
AZ_OC,2018-03-06,0,,,3,55,,
AZ_OC,2018-03-06,0,,,4,57,,
AZ_OC,2018-03-06,0,,,5,82,,
AZ_OC,2018-03-06,0,,,6,84,,
AZ_OC,2018-03-06,0,,,6.8,0,,
AZ_OC,2018-03-06,15,,,TOO DEEP,TOO DEEP,,
AZ_OC,2018-03-06,30,,,0,1,,
AZ_OC,2018-03-06,30,,,1,16,,
AZ_OC,2018-03-06,30,,,2,0,,
AZ_OC,2018-03-06,30,,,3,33,,
AZ_OC,2018-03-06,30,,,4,34,,
AZ_OC,2018-03-06,30,,,5,20,,
AZ_OC,2018-03-06,30,,,6,22,,
AZ_OC,2018-03-06,30,,,7,60,,
AZ_OC,2018-03-06,30,,,8,45,,
AZ_OC,2018-03-06,30,,,9,29,,
AZ_OC,2018-03-06,30,,,10,11,,
AZ_OC,2018-03-06,30,,,12,1,,
AZ_OC,2018-03-06,30,,,13,10,,
AZ_OC,2018-03-06,45,,,0,1,,
AZ_OC,2018-03-06,45,,,1,16,,
AZ_OC,2018-03-06,45,,,2,29,,
AZ_OC,2018-03-06,45,,,3,35,,
AZ_OC,2018-03-06,45,,,4,24,,
AZ_OC,2018-03-06,45,,,5,35,,
AZ_OC,2018-03-06,45,,,6,34,,
AZ_OC,2018-03-06,45,,,7,35,,
AZ_OC,2018-03-06,45,,,8,38,,
AZ_OC,2018-03-06,45,,,9,5,,
AZ_OC,2018-03-06,45,,,10,54,,
AZ_OC,2018-03-06,45,,,11,23,,
AZ_OC,2018-03-06,45,,,12.1,21,,
AZ_OC,2018-03-06,60,,,0,1,,
AZ_OC,2018-03-06,60,,,1,11,,
AZ_OC,2018-03-06,60,,,2,20,,
AZ_OC,2018-03-06,60,,,3,20,,
AZ_OC,2018-03-06,60,,,4,25,,
AZ_OC,2018-03-06,60,,,5,29,,
AZ_OC,2018-03-06,60,,,6,55,,
AZ_OC,2018-03-06,60,,,7,59,,
AZ_OC,2018-03-06,60,,,8,25,,
AZ_OC,2018-03-06,60,,,9,15,,
AZ_OC,2018-03-06,60,,,10,16,,
AZ_OC,2018-03-06,60,,,10.4,8,,
AZ_OC,2018-03-06,75,,,0,24,,
AZ_OC,2018-03-06,75,,,1,20,,
AZ_OC,2018-03-06,75,,,2,23,,
AZ_OC,2018-03-06,75,,,3,24,,
AZ_OC,2018-03-06,75,,,4,21,,
AZ_OC,2018-03-06,75,,,5,6,,
AZ_OC,2018-03-06,75,,,6,44,,
AZ_OC,2018-03-06,75,,,7,21,,
AZ_OC,2018-03-06,75,,,8,58,,
AZ_OC,2018-03-06,75,,,9,0,,
AZ_OC,2018-03-06,75,,,10.3,19,,
AZ_OC,2018-03-06,90,,,0,1,,
AZ_OC,2018-03-06,90,,,1,5,,
AZ_OC,2018-03-06,90,,,2,5,,
AZ_OC,2018-03-06,90,,,3,0,,
AZ_OC,2018-03-06,90,,,4,34,,
AZ_OC,2018-03-06,90,,,5,20,,
AZ_OC,2018-03-06,90,,,6,30,,
AZ_OC,2018-03-06,90,,,7,31,,
AZ_OC,2018-03-06,90,,,8,20,,
AZ_OC,2018-03-06,90,,,9,15,,
AZ_OC,2018-03-06,90,,,10,26,,
AZ_OC,2018-03-06,90,,,11,20,,
AZ_OC,2018-03-06,90,,,12,25,,
AZ_OC,2018-03-06,90,,,13,15,,
AZ_OC,2018-03-06,90,,,13.6,1,,
AZ_OC,2018-03-06,105,,,0,10,,
AZ_OC,2018-03-06,105,,,0.5,14,,
AZ_OC,2018-03-06,105,,,1,30,,
AZ_OC,2018-03-06,105,,,1.5,48,,
AZ_OC,2018-03-06,105,,,2,62,,
AZ_OC,2018-03-06,105,,,2.5,35,,
AZ_OC,2018-03-06,105,,,3,51,,
AZ_OC,2018-03-06,105,,,3.5,32,,
AZ_OC,2018-03-06,105,,,4,28,,
AZ_OC,2018-03-06,105,,,4.5,45,,
AZ_OC,2018-03-06,105,,,5,0,,
AZ_OC,2018-03-06,105,,,5.5,48,,
AZ_OC,2018-03-06,105,,,6,37,,
AZ_OC,2018-03-06,105,,,6.5,37,,
AZ_OC,2018-03-06,105,,,7,39,,
AZ_OC,2018-03-06,105,,,7.5,20,,
AZ_OC,2018-03-06,105,,,8,30,,
AZ_OC,2018-03-06,105,,,8.5,9,,
AZ_OC,2018-03-06,105,,,9,9,,
AZ_OC,2018-03-06,105,,,9.2,2,,
AZ_OC,2018-03-06,120,,,0,6,,
AZ_OC,2018-03-06,120,,,0.5,32,,
AZ_OC,2018-03-06,120,,,1,55,,
AZ_OC,2018-03-06,120,,,1.5,54,,
AZ_OC,2018-03-06,120,,,2,57,,
AZ_OC,2018-03-06,120,,,2.5,40,,
AZ_OC,2018-03-06,120,,,3,38,,
AZ_OC,2018-03-06,120,,,3.5,40,,
AZ_OC,2018-03-06,120,,,4,42,,
AZ_OC,2018-03-06,120,,,4.5,42,,
AZ_OC,2018-03-06,120,,,5,30,,
AZ_OC,2018-03-06,120,,,5.5,0,,
AZ_OC,2018-03-06,120,,,6,0,,
AZ_OC,2018-03-06,120,,,6.5,0,,
AZ_OC,2018-03-06,120,,,7,27,,
AZ_OC,2018-03-06,120,,,7.5,4,,
AZ_OC,2018-03-06,120,,,8,20,,
AZ_OC,2018-03-06,120,,,8.1,3,,
AZ_OC,2018-03-06,135,,,0,38,,
AZ_OC,2018-03-06,135,,,1,45,,
AZ_OC,2018-03-06,135,,,2,0,,
AZ_OC,2018-03-06,135,,,3,30,,
AZ_OC,2018-03-06,135,,,4,22,,
AZ_OC,2018-03-06,135,,,5,5,,
AZ_OC,2018-03-06,135,,,6,19,,
AZ_OC,2018-03-06,135,,,7,24,,
AZ_OC,2018-03-06,135,,,8,16,,
AZ_OC,2018-03-06,135,,,9,3,,
AZ_OC,2018-03-06,135,,,10,32,,
AZ_OC,2018-03-06,135,,,11,5,,
AZ_OC,2018-03-06,135,,,11.6,2,,
AZ_OC,2018-03-06,150,,,0,35,,
AZ_OC,2018-03-06,150,,,1,3,,
AZ_OC,2018-03-06,150,,,2,48,,
AZ_OC,2018-03-06,150,,,3,37,,
AZ_OC,2018-03-06,150,,,4,37,,
AZ_OC,2018-03-06,150,,,5,15,,
AZ_OC,2018-03-06,150,,,6,0,,
AZ_OC,2018-03-06,150,,,7,7,,
AZ_OC,2018-03-06,150,,,8,12,,
AZ_OC,2018-03-06,150,,,9,23,,
AZ_OC,2018-03-06,150,,,10,11,,
AZ_OC,2018-03-06,150,,,11,10,,
AZ_OC,2018-03-06,150,,,12,0,,
AZ_OC,2018-03-06,150,,,12.6,5,,
AZ_OC,2018-03-06,165,,,0,2,,
AZ_OC,2018-03-06,165,,,0.5,14,,
AZ_OC,2018-03-06,165,,,1,24,,
AZ_OC,2018-03-06,165,,,1.5,10,,
AZ_OC,2018-03-06,165,,,2,55,,
AZ_OC,2018-03-06,165,,,2.5,33,,
AZ_OC,2018-03-06,165,,,3,28,,
AZ_OC,2018-03-06,165,,,3.5,45,,
AZ_OC,2018-03-06,165,,,4,34,,
AZ_OC,2018-03-06,165,,,4.5,26,,
AZ_OC,2018-03-06,165,,,5,22,,
AZ_OC,2018-03-06,165,,,5.5,5,,
AZ_OC,2018-03-06,165,,,6,18,,
AZ_OC,2018-03-06,165,,,6.5,5,,
AZ_OC,2018-03-06,165,,,7,14,,
AZ_OC,2018-03-06,165,,,7.5,10,,
AZ_OC,2018-03-06,165,,,8,16,,
AZ_OC,2018-03-06,165,,,8.4,1,,
AZ_OC,2018-03-06,180,,,0,27,,
AZ_OC,2018-03-06,180,,,0.5,44,,
AZ_OC,2018-03-06,180,,,1,70,,
AZ_OC,2018-03-06,180,,,1.5,61,,
AZ_OC,2018-03-06,180,,,2,61,,
AZ_OC,2018-03-06,180,,,2.5,63,,
AZ_OC,2018-03-06,180,,,3,60,,
AZ_OC,2018-03-06,180,,,3.5,61,,
AZ_OC,2018-03-06,180,,,4,44,,
AZ_OC,2018-03-06,180,,,4.5,60,,
AZ_OC,2018-03-06,180,,,5,61,,
AZ_OC,2018-03-06,180,,,5.5,63,,
AZ_OC,2018-03-06,180,,,6,52,,
AZ_OC,2018-03-06,180,,,6.5,49,,
AZ_OC,2018-03-06,180,,,7,46,,
AZ_OC,2018-03-06,180,,,7.5,45,,
AZ_OC,2018-03-06,180,,,8,38,,
AZ_OC,2018-03-06,180,,,8.5,29,,
AZ_OC,2018-03-06,180,,,9,4,,
AZ_OC,2018-03-06,180,,,9.5,1,,
AZ_OC,2018-03-06,200,,,0,0,,
AZ_OC,2018-03-06,200,,,0.5,2,,
AZ_OC,2018-03-06,200,,,1,11,,
AZ_OC,2018-03-06,200,,,1.5,22,,
AZ_OC,2018-03-06,200,,,2,24,,
AZ_OC,2018-03-06,200,,,2.5,25,,
AZ_OC,2018-03-06,200,,,3,36,,
AZ_OC,2018-03-06,200,,,3.5,53,,
AZ_OC,2018-03-06,200,,,4,55,,
AZ_OC,2018-03-06,200,,,4.5,58,,
AZ_OC,2018-03-06,200,,,5,54,,
AZ_OC,2018-03-06,200,,,5.5,60,,
AZ_OC,2018-03-06,200,,,6,70,,
AZ_OC,2018-03-06,200,,,6.5,77,,
AZ_OC,2018-03-06,200,,,7,88,,
AZ_OC,2018-03-06,200,,,7.5,69,,
AZ_OC,2018-03-06,200,,,8,89,,
AZ_OC,2018-03-06,200,,,8.5,84,,
AZ_OC,2018-03-06,200,,,9,12,,
AZ_OC,2018-03-06,200,,,9.1,2,,
AZ_OC,2018-03-06,215,,,0,2,,
AZ_OC,2018-03-06,215,,,1,17,,
AZ_OC,2018-03-06,215,,,2,36,,
AZ_OC,2018-03-06,215,,,3,52,,
AZ_OC,2018-03-06,215,,,4,66,,
AZ_OC,2018-03-06,215,,,5,60,,
AZ_OC,2018-03-06,215,,,6,23,,
AZ_OC,2018-03-06,215,,,7,41,,
AZ_OC,2018-03-06,215,,,8,48,,
AZ_OC,2018-03-06,215,,,9,56,,
AZ_OC,2018-03-06,215,,,10,42,,
AZ_OC,2018-03-06,215,,,11,45,,
AZ_OC,2018-03-06,215,,,12,36,,
AZ_OC,2018-03-06,215,,,12.5,10,,
AZ_OC,2018-03-06,235,,,0,1,,
AZ_OC,2018-03-06,235,,,1,7,,
AZ_OC,2018-03-06,235,,,2,22,,
AZ_OC,2018-03-06,235,,,3,27,,
AZ_OC,2018-03-06,235,,,4,22,,
AZ_OC,2018-03-06,235,,,5,24,,
AZ_OC,2018-03-06,235,,,6,27,,
AZ_OC,2018-03-06,235,,,7,33,,
AZ_OC,2018-03-06,235,,,8,27,,
AZ_OC,2018-03-06,235,,,9,31,,
AZ_OC,2018-03-06,235,,,9.9,2,,
AZ_MV,2018-06-22,1100,,,20.2,52,,
AZ_MV,2018-06-22,1100,,,18,63,,
AZ_MV,2018-06-22,1100,,,16,69,,
AZ_MV,2018-06-22,1100,,,14,62,,
AZ_MV,2018-06-22,1100,,,12,67,,
AZ_MV,2018-06-22,1100,,,10,60,,
AZ_MV,2018-06-22,1100,,,8,58,,
AZ_MV,2018-06-22,1100,,,6,55,,
AZ_MV,2018-06-22,1100,,,4,54,,
AZ_MV,2018-06-22,1100,,,2,42,,
AZ_MV,2018-06-22,1100,,,0,12,,
AZ_MV,2018-06-22,990,,,9.7,20,,
AZ_MV,2018-06-22,990,,,8,50,,
AZ_MV,2018-06-22,990,,,7,50,,
AZ_MV,2018-06-22,990,,,6,45,,
AZ_MV,2018-06-22,990,,,5,30,,
AZ_MV,2018-06-22,990,,,4,20,,
AZ_MV,2018-06-22,990,,,3,10,,
AZ_MV,2018-06-22,990,,,2,7,,
AZ_MV,2018-06-22,990,,,1,1,,
AZ_MV,2018-06-22,990,,,0,0,,
AZ_MV,2018-06-22,890,,,13.1,4,,
AZ_MV,2018-06-22,890,,,12.1,23,,
AZ_MV,2018-06-22,890,,,10.9,31,,
AZ_MV,2018-06-22,890,,,9.8,28,,
AZ_MV,2018-06-22,890,,,8.6,38,,
AZ_MV,2018-06-22,890,,,7.4,25,,
AZ_MV,2018-06-22,890,,,6.3,43,,
AZ_MV,2018-06-22,890,,,5.3,37,,
AZ_MV,2018-06-22,890,,,4.1,35,,
AZ_MV,2018-06-22,890,,,3.1,28,,
AZ_MV,2018-06-22,890,,,2,17,,
AZ_MV,2018-06-22,890,,,1.1,13,,
AZ_MV,2018-06-22,890,,,0,2,,
AZ_MV,2018-06-22,830,,,9.5,1,,
AZ_MV,2018-06-22,830,,,8.1,2,,
AZ_MV,2018-06-22,830,,,7.1,30,,
AZ_MV,2018-06-22,830,,,6.3,35,,
AZ_MV,2018-06-22,830,,,5.2,47,,
AZ_MV,2018-06-22,830,,,4,48,,
AZ_MV,2018-06-22,830,,,3.1,47,,
AZ_MV,2018-06-22,830,,,2.1,43,,
AZ_MV,2018-06-22,830,,,1.2,28,,
AZ_MV,2018-06-22,830,,,0,35,,
AZ_MV,2018-06-22,670,,,20.6,22,,
AZ_MV,2018-06-22,670,,,18,45,,
AZ_MV,2018-06-22,670,,,16,55,,
AZ_MV,2018-06-22,670,,,14,60,,
AZ_MV,2018-06-22,670,,,12,75,,
AZ_MV,2018-06-22,670,,,10,76,,
AZ_MV,2018-06-22,670,,,8,77,,
AZ_MV,2018-06-22,670,,,6,72,,
AZ_MV,2018-06-22,670,,,4,56,,
AZ_MV,2018-06-22,670,,,2,40,,
AZ_MV,2018-06-22,670,,,0,1,,
AZ_MV,2018-06-22,515,,,29.2,2,,
AZ_MV,2018-06-22,515,,,26.8,60,,
AZ_MV,2018-06-22,515,,,23.9,70,,
AZ_MV,2018-06-22,515,,,21,70,,
AZ_MV,2018-06-22,515,,,18,75,,
AZ_MV,2018-06-22,515,,,15,74,,
AZ_MV,2018-06-22,515,,,12,65,,
AZ_MV,2018-06-22,515,,,8.3,73,,
AZ_MV,2018-06-22,515,,,5,57,,
AZ_MV,2018-06-22,515,,,2.2,25,,
AZ_MV,2018-06-22,515,,,0,2,,
AZ_MV,2018-06-22,375,,,31,2,,
AZ_MV,2018-06-22,375,,,29,25,,
AZ_MV,2018-06-22,375,,,26.5,40,,
AZ_MV,2018-06-22,375,,,24,51,,
AZ_MV,2018-06-22,375,,,20.9,56,,
AZ_MV,2018-06-22,375,,,17.5,51,,
AZ_MV,2018-06-22,375,,,14,60,,
AZ_MV,2018-06-22,375,,,9.7,59,,
AZ_MV,2018-06-22,375,,,6.3,57,,
AZ_MV,2018-06-22,375,,,2.7,43,,
AZ_MV,2018-06-22,375,,,0,5,,
AZ_MV,2018-06-22,285,,,8.4,17,,
AZ_MV,2018-06-22,285,,,7.1,34,,
AZ_MV,2018-06-22,285,,,6.3,30,,
AZ_MV,2018-06-22,285,,,5.2,15,,
AZ_MV,2018-06-22,285,,,3.7,10,,
AZ_MV,2018-06-22,285,,,3,15,,
AZ_MV,2018-06-22,285,,,2.7,30,,
AZ_MV,2018-06-22,285,,,2,31,,
AZ_MV,2018-06-22,285,,,1.4,30,,
AZ_MV,2018-06-22,285,,,0,5,,
AZ_MV,2018-06-22,240,,,15.4,5,,
AZ_MV,2018-06-22,240,,,14,32,,
AZ_MV,2018-06-22,240,,,13,45,,
AZ_MV,2018-06-22,240,,,11.8,65,,
AZ_MV,2018-06-22,240,,,10.5,74,,
AZ_MV,2018-06-22,240,,,9,81,,
AZ_MV,2018-06-22,240,,,7,66,,
AZ_MV,2018-06-22,240,,,5.2,54,,
AZ_MV,2018-06-22,240,,,3.6,46,,
AZ_MV,2018-06-22,240,,,2,38,,
AZ_MV,2018-06-22,240,,,0,3,,
AZ_MV,2018-06-22,115,,,7.8,0,,
AZ_MV,2018-06-22,115,,,7.1,2,,
AZ_MV,2018-06-22,115,,,6.4,4,,
AZ_MV,2018-06-22,115,,,6,5,,
AZ_MV,2018-06-22,115,,,5.4,6,,
AZ_MV,2018-06-22,115,,,4.4,15,,
AZ_MV,2018-06-22,115,,,3.6,21,,
AZ_MV,2018-06-22,115,,,2.8,23,,
AZ_MV,2018-06-22,115,,,2.2,30,,
AZ_MV,2018-06-22,115,,,1.3,35,,
AZ_MV,2018-06-22,115,,,0,35,,
AZ_OC,2018-07-02,294,,,10,1,,
AZ_OC,2018-07-02,294,,,9,6,,
AZ_OC,2018-07-02,294,,,8,33,,
AZ_OC,2018-07-02,294,,,7,34,,
AZ_OC,2018-07-02,294,,,6,45,,
AZ_OC,2018-07-02,294,,,5,35,,
AZ_OC,2018-07-02,294,,,4,30,,
AZ_OC,2018-07-02,294,,,3,40,,
AZ_OC,2018-07-02,294,,,2,39,,
AZ_OC,2018-07-02,294,,,1,1,,
AZ_OC,2018-07-02,264,,,0,19,,
AZ_OC,2018-07-02,264,,,0.5,27,,
AZ_OC,2018-07-02,264,,,1,33,,
AZ_OC,2018-07-02,264,,,1.5,27,,
AZ_OC,2018-07-02,264,,,2,35,,
AZ_OC,2018-07-02,264,,,2.5,35,,
AZ_OC,2018-07-02,264,,,3,28,,
AZ_OC,2018-07-02,264,,,3.5,35,,
AZ_OC,2018-07-02,264,,,4,28,,
AZ_OC,2018-07-02,264,,,4.5,24,,
AZ_OC,2018-07-02,264,,,5,27,,
AZ_OC,2018-07-02,264,,,5.5,29,,
AZ_OC,2018-07-02,264,,,6,31,,
AZ_OC,2018-07-02,264,,,6.5,30,,
AZ_OC,2018-07-02,264,,,7,32,,
AZ_OC,2018-07-02,264,,,7.5,45,,
AZ_OC,2018-07-02,229,,,0,1,,
AZ_OC,2018-07-02,229,,,0.5,9,,
AZ_OC,2018-07-02,229,,,1,16,,
AZ_OC,2018-07-02,229,,,1.5,20,,
AZ_OC,2018-07-02,229,,,2,24,,
AZ_OC,2018-07-02,229,,,2.5,30,,
AZ_OC,2018-07-02,229,,,3,50,,
AZ_OC,2018-07-02,229,,,3.5,61,,
AZ_OC,2018-07-02,229,,,4,65,,
AZ_OC,2018-07-02,229,,,4.5,74,,
AZ_OC,2018-07-02,229,,,5,97,,
AZ_OC,2018-07-02,229,,,5.5,90,,
AZ_OC,2018-07-02,229,,,6,59,,
AZ_OC,2018-07-02,229,,,6.5,58,,
AZ_OC,2018-07-02,229,,,7,69,,
AZ_OC,2018-07-02,209,,,0,30,,
AZ_OC,2018-07-02,209,,,1,43,,
AZ_OC,2018-07-02,209,,,2,58,,
AZ_OC,2018-07-02,209,,,3,71,,
AZ_OC,2018-07-02,209,,,4,52,,
AZ_OC,2018-07-02,209,,,5,61,,
AZ_OC,2018-07-02,209,,,6,57,,
AZ_OC,2018-07-02,209,,,7,65,,
AZ_OC,2018-07-02,209,,,8,49,,
AZ_OC,2018-07-02,209,,,8.7,15,,
AZ_OC,2018-07-02,182,,,6.4,25,,
AZ_OC,2018-07-02,182,,,5.9,43,,
AZ_OC,2018-07-02,182,,,5.4,32,,
AZ_OC,2018-07-02,182,,,4.9,37,,
AZ_OC,2018-07-02,182,,,4.4,37,,
AZ_OC,2018-07-02,182,,,3.9,37,,
AZ_OC,2018-07-02,182,,,3.4,20,,
AZ_OC,2018-07-02,182,,,2.9,30,,
AZ_OC,2018-07-02,182,,,2.4,29,,
AZ_OC,2018-07-02,182,,,1.9,28,,
AZ_OC,2018-07-02,182,,,1.4,27,,
AZ_OC,2018-07-02,182,,,0.9,15,,
AZ_OC,2018-07-02,182,,,0.4,6,,
AZ_OC,2018-07-02,182,,,0,1,,
AZ_OC,2018-07-02,152,,,0.3,19,,
AZ_OC,2018-07-02,152,,,0.8,27,,
AZ_OC,2018-07-02,152,,,1.3,37,,
AZ_OC,2018-07-02,152,,,1.8,37,,
AZ_OC,2018-07-02,152,,,2.3,67,,
AZ_OC,2018-07-02,152,,,2.8,58,,
AZ_OC,2018-07-02,152,,,3.3,63,,
AZ_OC,2018-07-02,152,,,3.8,6,,
AZ_OC,2018-07-02,152,,,4.3,1,,
AZ_OC,2018-07-02,152,,,4.8,30,,
AZ_OC,2018-07-02,152,,,5.3,15,,
AZ_OC,2018-07-02,152,,,5.8,26,,
AZ_OC,2018-07-02,152,,,6.3,0,,
AZ_OC,2018-07-02,152,,,6.8,0,,
AZ_OC,2018-07-02,152,,,7.3,1,,
AZ_OC,2018-07-02,152,,,7.8,1,,
AZ_OC,2018-07-02,152,,,8.3,14,,
AZ_OC,2018-07-02,116,,,0,5,,
AZ_OC,2018-07-02,116,,,1,10,,
AZ_OC,2018-07-02,116,,,2,25,,
AZ_OC,2018-07-02,116,,,3,38,,
AZ_OC,2018-07-02,116,,,4,30,,
AZ_OC,2018-07-02,116,,,5,27,,
AZ_OC,2018-07-02,116,,,6,38,,
AZ_OC,2018-07-02,116,,,7,31,,
AZ_OC,2018-07-02,116,,,8,25,,
AZ_OC,2018-07-02,116,,,9,29,,
AZ_OC,2018-07-02,116,,,10,17,,
AZ_OC,2018-07-02,116,,,11,11,,
AZ_OC,2018-07-02,116,,,12,10,,
AZ_OC,2018-07-02,116,,,12.6,1,,
AZ_OC,2018-07-02,104,,,0,15,,
AZ_OC,2018-07-02,104,,,1,18,,
AZ_OC,2018-07-02,104,,,2,36,,
AZ_OC,2018-07-02,104,,,3,32,,
AZ_OC,2018-07-02,104,,,4,31,,
AZ_OC,2018-07-02,104,,,5,33,,
AZ_OC,2018-07-02,104,,,6,29,,
AZ_OC,2018-07-02,104,,,7,33,,
AZ_OC,2018-07-02,104,,,8,20,,
AZ_OC,2018-07-02,104,,,9,8,,
AZ_OC,2018-07-02,104,,,9.7,0,,
AZ_OC,2018-07-02,41,,,2,25,,
AZ_OC,2018-07-02,41,,,3,31,,
AZ_OC,2018-07-02,41,,,4,27,,
AZ_OC,2018-07-02,41,,,5,45,,
AZ_OC,2018-07-02,41,,,6,48,,
AZ_OC,2018-07-02,41,,,7,41,,
AZ_OC,2018-07-02,41,,,8,49,,
AZ_OC,2018-07-02,41,,,9,30,,
AZ_OC,2018-07-02,41,,,10,29,,
AZ_OC,2018-07-02,41,,,11,43,,
AZ_OC,2018-07-02,41,,,11.5,25,,
AZ_OC,2018-07-02,14,,,0,6,,
AZ_OC,2018-07-02,14,,,1,52,,
AZ_OC,2018-07-02,14,,,2,94,,
AZ_OC,2018-07-02,14,,,3,147,,
AZ_OC,2018-07-02,14,,,4,149,,
AZ_OC,2018-07-02,14,,,5,132,,
AZ_OC,2018-07-02,14,,,6,122,,
AZ_OC,2018-07-02,14,,,7,125,,
AZ_OC,2018-07-02,14,,,8,125,,
AZ_OC,2018-07-02,14,,,9,112,,
AZ_OC,2018-07-02,14,,,10,79,,
AZ_OC,2018-07-02,14,,,11,162,,
AZ_OC,2018-07-02,14,,,12,57,,
AZ_OC,2018-07-02,14,,,13,68,,
AZ_OC,2018-07-02,14,,,14,84,,
AZ_OC,2018-07-02,14,,,15,55,,
AZ_OC,2018-07-02,14,,,15.6,1,,
AZ_WB,2018-07-09,0,,,7.3,2,,
AZ_WB,2018-07-09,0,,,7,45,,
AZ_WB,2018-07-09,0,,,6,71,,
AZ_WB,2018-07-09,0,,,5,49,,
AZ_WB,2018-07-09,0,,,4,39,,
AZ_WB,2018-07-09,0,,,3,30,,
AZ_WB,2018-07-09,0,,,2,25,,
AZ_WB,2018-07-09,0,,,1,10,,
AZ_WB,2018-07-09,0,,,0,1,,
AZ_WB,2018-07-09,15,,,5.8,8,,
AZ_WB,2018-07-09,15,,,4.3,26,,
AZ_WB,2018-07-09,15,,,3.7,40,,
AZ_WB,2018-07-09,15,,,2.9,70,,
AZ_WB,2018-07-09,15,,,2.3,52,,
AZ_WB,2018-07-09,15,,,2,34,,
AZ_WB,2018-07-09,15,,,1.6,34,,
AZ_WB,2018-07-09,15,,,1.2,16,,
AZ_WB,2018-07-09,15,,,0.9,17,,
AZ_WB,2018-07-09,15,,,0,2,,
AZ_WB,2018-07-09,30,,,4.4,23,,
AZ_WB,2018-07-09,30,,,4.3,24,,
AZ_WB,2018-07-09,30,,,3.9,32,,
AZ_WB,2018-07-09,30,,,3.6,21,,
AZ_WB,2018-07-09,30,,,3,19,,
AZ_WB,2018-07-09,30,,,2.7,19,,
AZ_WB,2018-07-09,30,,,2,26,,
AZ_WB,2018-07-09,30,,,1.6,25,,
AZ_WB,2018-07-09,30,,,1.2,17,,
AZ_WB,2018-07-09,30,,,0,1,,
AZ_WB,2018-07-09,45,,,5.8,20,,
AZ_WB,2018-07-09,45,,,5.2,15,,
AZ_WB,2018-07-09,45,,,4.7,19,,
AZ_WB,2018-07-09,45,,,4,34,,
AZ_WB,2018-07-09,45,,,3.4,28,,
AZ_WB,2018-07-09,45,,,2.7,10,,
AZ_WB,2018-07-09,45,,,2,16,,
AZ_WB,2018-07-09,45,,,1.7,13,,
AZ_WB,2018-07-09,45,,,1.4,14,,
AZ_WB,2018-07-09,45,,,0.9,12,,
AZ_WB,2018-07-09,45,,,0,5,,
AZ_WB,2018-07-09,60,,,6.2,7,,
AZ_WB,2018-07-09,60,,,6,13,,
AZ_WB,2018-07-09,60,,,5.6,9,,
AZ_WB,2018-07-09,60,,,5.1,10,,
AZ_WB,2018-07-09,60,,,4.5,19,,
AZ_WB,2018-07-09,60,,,3.9,26,,
AZ_WB,2018-07-09,60,,,3.5,24,,
AZ_WB,2018-07-09,60,,,2.9,33,,
AZ_WB,2018-07-09,60,,,2.4,23,,
AZ_WB,2018-07-09,60,,,1.9,26,,
AZ_WB,2018-07-09,60,,,1.4,28,,
AZ_WB,2018-07-09,60,,,0,9,,
AZ_WB,2018-07-09,75,,,6,1,,
AZ_WB,2018-07-09,75,,,5.5,5,,
AZ_WB,2018-07-09,75,,,4.9,19,,
AZ_WB,2018-07-09,75,,,4.3,31,,
AZ_WB,2018-07-09,75,,,3.9,23,,
AZ_WB,2018-07-09,75,,,3.2,19,,
AZ_WB,2018-07-09,75,,,2.5,33,,
AZ_WB,2018-07-09,75,,,1.8,52,,
AZ_WB,2018-07-09,75,,,1.2,29,,
AZ_WB,2018-07-09,75,,,0.8,26,,
AZ_WB,2018-07-09,75,,,0,14,,
AZ_WB,2018-07-09,90,,,8.8,1,,
AZ_WB,2018-07-09,90,,,8,1,,
AZ_WB,2018-07-09,90,,,7.1,2,,
AZ_WB,2018-07-09,90,,,6.3,0,,
AZ_WB,2018-07-09,90,,,5.5,9,,
AZ_WB,2018-07-09,90,,,4.7,11,,
AZ_WB,2018-07-09,90,,,4,0,,
AZ_WB,2018-07-09,90,,,2.8,14,,
AZ_WB,2018-07-09,90,,,2.1,31,,
AZ_WB,2018-07-09,90,,,1.4,35,,
AZ_WB,2018-07-09,90,,,0.6,18,,
AZ_WB,2018-07-09,90,,,0,5,,
AZ_WB,2018-07-09,105,,,11.4,1,,
AZ_WB,2018-07-09,105,,,10,29,,
AZ_WB,2018-07-09,105,,,9,31,,
AZ_WB,2018-07-09,105,,,8,26,,
AZ_WB,2018-07-09,105,,,7,12,,
AZ_WB,2018-07-09,105,,,6,13,,
AZ_WB,2018-07-09,105,,,5,11,,
AZ_WB,2018-07-09,105,,,4,20,,
AZ_WB,2018-07-09,105,,,3,5,,
AZ_WB,2018-07-09,105,,,2,2,,
AZ_WB,2018-07-09,105,,,1,8,,
AZ_WB,2018-07-09,105,,,0,3,,
AZ_WB,2018-07-09,120,,,5.9,8,,
AZ_WB,2018-07-09,120,,,5.3,3,,
AZ_WB,2018-07-09,120,,,4.6,26,,
AZ_WB,2018-07-09,120,,,3.8,53,,
AZ_WB,2018-07-09,120,,,3.1,45,,
AZ_WB,2018-07-09,120,,,2.5,27,,
AZ_WB,2018-07-09,120,,,2,33,,
AZ_WB,2018-07-09,120,,,1.3,25,,
AZ_WB,2018-07-09,120,,,0.8,9,,
AZ_WB,2018-07-09,120,,,0.5,5,,
AZ_WB,2018-07-09,120,,,0,1,,
AZ_WB,2018-07-09,135,,,3.5,2,,
AZ_WB,2018-07-09,135,,,3.1,28,,
AZ_WB,2018-07-09,135,,,2.7,42,,
AZ_WB,2018-07-09,135,,,2.4,49,,
AZ_WB,2018-07-09,135,,,2,35,,
AZ_WB,2018-07-09,135,,,1.7,37,,
AZ_WB,2018-07-09,135,,,1.2,27,,
AZ_WB,2018-07-09,135,,,0.8,15,,
AZ_WB,2018-07-09,135,,,0.5,9,,
AZ_WB,2018-07-09,135,,,0,2,,
AZ_LV,2018-07-11,225,,,24,50,,
AZ_LV,2018-07-11,225,,,22,64,,
AZ_LV,2018-07-11,225,,,21,63,,
AZ_LV,2018-07-11,225,,,18.5,51,,
AZ_LV,2018-07-11,225,,,16,47,,
AZ_LV,2018-07-11,225,,,14.5,45,,
AZ_LV,2018-07-11,225,,,12,49,,
AZ_LV,2018-07-11,225,,,10,47,,
AZ_LV,2018-07-11,225,,,8,42,,
AZ_LV,2018-07-11,225,,,5,29,,
AZ_LV,2018-07-11,225,,,2.4,14,,
AZ_LV,2018-07-11,225,,,0,1,,
AZ_LV,2018-07-11,200,,,9.7,10,,
AZ_LV,2018-07-11,200,,,8.6,99,,
AZ_LV,2018-07-11,200,,,7.7,106,,
AZ_LV,2018-07-11,200,,,6.7,91,,
AZ_LV,2018-07-11,200,,,6,82,,
AZ_LV,2018-07-11,200,,,5,76,,
AZ_LV,2018-07-11,200,,,3.5,53,,
AZ_LV,2018-07-11,200,,,2.2,27,,
AZ_LV,2018-07-11,200,,,0.8,17,,
AZ_LV,2018-07-11,200,,,0,4,,
AZ_LV,2018-07-11,175,,,10,2,,
AZ_LV,2018-07-11,175,,,9,51,,
AZ_LV,2018-07-11,175,,,8,43,,
AZ_LV,2018-07-11,175,,,7,43,,
AZ_LV,2018-07-11,175,,,6,36,,
AZ_LV,2018-07-11,175,,,5,34,,
AZ_LV,2018-07-11,175,,,4,27,,
AZ_LV,2018-07-11,175,,,3,20,,
AZ_LV,2018-07-11,175,,,2,17,,
AZ_LV,2018-07-11,175,,,1,8,,
AZ_LV,2018-07-11,175,,,0,2,,
AZ_LV,2018-07-11,150,,,8,5,,
AZ_LV,2018-07-11,150,,,7.5,45,,
AZ_LV,2018-07-11,150,,,7,45,,
AZ_LV,2018-07-11,150,,,6.1,55,,
AZ_LV,2018-07-11,150,,,5.4,63,,
AZ_LV,2018-07-11,150,,,4.3,63,,
AZ_LV,2018-07-11,150,,,3.3,55,,
AZ_LV,2018-07-11,150,,,2.4,49,,
AZ_LV,2018-07-11,150,,,1.3,33,,
AZ_LV,2018-07-11,150,,,0,1,,
AZ_LV,2018-07-11,125,,,19.4,5,,
AZ_LV,2018-07-11,125,,,18,50,,
AZ_LV,2018-07-11,125,,,16,73,,
AZ_LV,2018-07-11,125,,,14,73,,
AZ_LV,2018-07-11,125,,,12,53,,
AZ_LV,2018-07-11,125,,,10,21,,
AZ_LV,2018-07-11,125,,,8,13,,
AZ_LV,2018-07-11,125,,,6,25,,
AZ_LV,2018-07-11,125,,,4,33,,
AZ_LV,2018-07-11,125,,,2,26,,
AZ_LV,2018-07-11,125,,,0,3,,
AZ_LV,2018-07-11,100,,,12.6,4,,
AZ_LV,2018-07-11,100,,,11.5,43,,
AZ_LV,2018-07-11,100,,,10.5,59,,
AZ_LV,2018-07-11,100,,,9,73,,
AZ_LV,2018-07-11,100,,,7.7,82,,
AZ_LV,2018-07-11,100,,,6.2,93,,
AZ_LV,2018-07-11,100,,,5,84,,
AZ_LV,2018-07-11,100,,,3.5,78,,
AZ_LV,2018-07-11,100,,,1.7,79,,
AZ_LV,2018-07-11,100,,,0,2,,
AZ_LV,2018-07-11,75,,,14.5,15,,
AZ_LV,2018-07-11,75,,,13,65,,
AZ_LV,2018-07-11,75,,,11.6,103,,
AZ_LV,2018-07-11,75,,,10.4,125,,
AZ_LV,2018-07-11,75,,,9,115,,
AZ_LV,2018-07-11,75,,,7.5,105,,
AZ_LV,2018-07-11,75,,,6,85,,
AZ_LV,2018-07-11,75,,,4,76,,
AZ_LV,2018-07-11,75,,,2.6,66,,
AZ_LV,2018-07-11,75,,,1.5,61,,
AZ_LV,2018-07-11,75,,,0,40,,
AZ_LV,2018-07-11,50,,,15.6,35,,
AZ_LV,2018-07-11,50,,,13,95,,
AZ_LV,2018-07-11,50,,,11.5,100,,
AZ_LV,2018-07-11,50,,,10,100,,
AZ_LV,2018-07-11,50,,,9,100,,
AZ_LV,2018-07-11,50,,,7.5,95,,
AZ_LV,2018-07-11,50,,,6,89,,
AZ_LV,2018-07-11,50,,,4.5,85,,
AZ_LV,2018-07-11,50,,,3,75,,
AZ_LV,2018-07-11,50,,,1,30,,
AZ_LV,2018-07-11,50,,,0,1,,
AZ_LV,2018-07-11,25,,,15.3,36,,
AZ_LV,2018-07-11,25,,,13,112,,
AZ_LV,2018-07-11,25,,,11.5,125,,
AZ_LV,2018-07-11,25,,,10,125,,
AZ_LV,2018-07-11,25,,,8.5,121,,
AZ_LV,2018-07-11,25,,,7,113,,
AZ_LV,2018-07-11,25,,,5,99,,
AZ_LV,2018-07-11,25,,,3,77,,
AZ_LV,2018-07-11,25,,,1.5,55,,
AZ_LV,2018-07-11,25,,,0,34,,
AZ_LV,2018-07-11,0,,,15.5,30,,
AZ_LV,2018-07-11,0,,,13.6,90,,
AZ_LV,2018-07-11,0,,,12,87,,
AZ_LV,2018-07-11,0,,,9.5,78,,
AZ_LV,2018-07-11,0,,,8.5,86,,
AZ_LV,2018-07-11,0,,,6.6,79,,
AZ_LV,2018-07-11,0,,,5,73,,
AZ_LV,2018-07-11,0,,,3.5,55,,
AZ_LV,2018-07-11,0,,,1.4,29,,
AZ_LV,2018-07-11,0,,,0,1,,
AZ_WB,2018-12-18,150,,,0.9,24,0,
AZ_WB,2018-12-18,150,,,1.8,43,0.1,
AZ_WB,2018-12-18,150,,,2.7,47,0,
AZ_WB,2018-12-18,150,,,3.6,59,0,
AZ_WB,2018-12-18,150,,,4.5,73,0.1,
AZ_WB,2018-12-18,150,,,5.4,86,0.1,
AZ_WB,2018-12-18,150,,,6.3,87,0,
AZ_WB,2018-12-18,150,,,7.2,76,0,
AZ_WB,2018-12-18,150,,,8.1,28,0.1,
AZ_WB,2018-12-18,150,,,9,0,0,
AZ_WB,2018-12-18,120,,,0.5,42,0,
AZ_WB,2018-12-18,120,,,1,40,0.1,
AZ_WB,2018-12-18,120,,,1.5,52,0.1,
AZ_WB,2018-12-18,120,,,2,36,0.3,
AZ_WB,2018-12-18,120,,,2.5,20,0.2,
AZ_WB,2018-12-18,120,,,3,40,0.1,
AZ_WB,2018-12-18,120,,,3.5,50,0.1,
AZ_WB,2018-12-18,120,,,4,50,0.1,
AZ_WB,2018-12-18,120,,,4.5,50,0.2,
AZ_WB,2018-12-18,120,,,5,20,0.2,
AZ_WB,2018-12-18,120,,,5.5,20,0.2,
AZ_WB,2018-12-18,120,,,6,20,0.1,
AZ_WB,2018-12-18,120,,,6.5,20,0.1,
AZ_WB,2018-12-18,120,,,7,13,0,
AZ_WB,2018-12-18,90,,,0.4,12,0,
AZ_WB,2018-12-18,90,,,0.8,25,0.2,
AZ_WB,2018-12-18,90,,,1.2,31,0.5,
AZ_WB,2018-12-18,90,,,1.6,7,0.1,
AZ_WB,2018-12-18,90,,,2,30,0.6,
AZ_WB,2018-12-18,90,,,2.4,32,0.5,
AZ_WB,2018-12-18,90,,,2.8,18,0.4,
AZ_WB,2018-12-18,90,,,3.2,22,0.9,
AZ_WB,2018-12-18,90,,,3.6,19,0.4,
AZ_WB,2018-12-18,90,,,4,0,0,
AZ_WB,2018-12-18,90,,,4.4,7,0,
AZ_WB,2018-12-18,60,,,0.9,14,0,
AZ_WB,2018-12-18,60,,,1.8,31,0,
AZ_WB,2018-12-18,60,,,2.7,29,0,
AZ_WB,2018-12-18,60,,,3.6,24,0,
AZ_WB,2018-12-18,60,,,4.5,23,0,
AZ_WB,2018-12-18,60,,,5.4,33,0,
AZ_WB,2018-12-18,60,,,6.3,36,0,
AZ_WB,2018-12-18,60,,,7.2,19,0,
AZ_WB,2018-12-18,60,,,8.1,11,0,
AZ_WB,2018-12-18,60,,,9,10,0,
AZ_WB,2018-12-18,30,,,0.4,5,0,
AZ_WB,2018-12-18,30,,,0.8,20,0.8,
AZ_WB,2018-12-18,30,,,1.2,15,0.2,
AZ_WB,2018-12-18,30,,,1.6,40,0.5,
AZ_WB,2018-12-18,30,,,2,15,1.6,
AZ_WB,2018-12-18,30,,,2.4,18,0.2,
AZ_WB,2018-12-18,30,,,2.8,14,0.2,
AZ_WB,2018-12-18,30,,,3.2,35,0.5,
AZ_WB,2018-12-18,30,,,3.6,5,0,
AZ_WB,2018-12-18,30,,,4,0,0,
AZ_WB,2018-12-18,0,,,1,10,0.1,
AZ_WB,2018-12-18,0,,,2,6,0,
AZ_WB,2018-12-18,0,,,3,9,0,
AZ_WB,2018-12-18,0,,,4,40,0,
AZ_WB,2018-12-18,0,,,5,45,0,
AZ_WB,2018-12-18,0,,,6,56,0,
AZ_WB,2018-12-18,0,,,7,55,0.1,
AZ_WB,2018-12-18,0,,,8,37,0.2,
AZ_WB,2018-12-18,0,,,9,53,0.3,
AZ_WB,2018-12-18,0,,,10,19,0.1,
AZ_WB,2018-12-18,-20,,,0.6,0,0,
AZ_WB,2018-12-18,-20,,,1.2,5,0,
AZ_WB,2018-12-18,-20,,,1.8,0,0,
AZ_WB,2018-12-18,-20,,,2.4,2,0,
AZ_WB,2018-12-18,-20,,,3,10,0,
AZ_WB,2018-12-18,-20,,,3.6,21,0.1,
AZ_WB,2018-12-18,-20,,,4.2,30,0.1,
AZ_WB,2018-12-18,-20,,,4.8,45,0.5,
AZ_WB,2018-12-18,-20,,,5.4,36,0.2,
AZ_WB,2018-12-18,-20,,,6,31,0.2,
AZ_WB,2018-12-18,-20,,,6.6,0,0,
AZ_WB,2019-01-18,0,,,0.5,5,0,
AZ_WB,2019-01-18,0,,,1.25,29,0,
AZ_WB,2019-01-18,0,,,2,40,0.2,
AZ_WB,2019-01-18,0,,,2.75,50,0.2,
AZ_WB,2019-01-18,0,,,3.5,56,0.4,
AZ_WB,2019-01-18,0,,,4.25,54,0.6,
AZ_WB,2019-01-18,0,,,5,62,0.6,
AZ_WB,2019-01-18,0,,,5.75,63,0.4,
AZ_WB,2019-01-18,0,,,6.5,84,0.3,
AZ_WB,2019-01-18,0,,,7.25,85,0.2,
AZ_WB,2019-01-18,0,,,8,85,0.1,
AZ_WB,2019-01-18,0,,,8.75,63,0,
AZ_WB,2019-01-18,0,,,9.5,20,0,
AZ_WB,2019-01-18,0,,,10.25,1,0,
AZ_WB,2019-01-18,30,,,0,0,0,slightly off from Dec placement
AZ_WB,2019-01-18,30,,,0.75,18,0,slightly off from Dec placement
AZ_WB,2019-01-18,30,,,1.5,30,0,slightly off from Dec placement
AZ_WB,2019-01-18,30,,,2.25,37,0.6,slightly off from Dec placement
AZ_WB,2019-01-18,30,,,3,32,0.9,slightly off from Dec placement
AZ_WB,2019-01-18,30,,,3.75,35,0.8,slightly off from Dec placement
AZ_WB,2019-01-18,30,,,4.5,47,0.9,slightly off from Dec placement
AZ_WB,2019-01-18,30,,,5.25,70,0.8,slightly off from Dec placement
AZ_WB,2019-01-18,30,,,6,66,0.4,slightly off from Dec placement
AZ_WB,2019-01-18,30,,,6.75,53,0,slightly off from Dec placement
AZ_WB,2019-01-18,30,,,8,20,0,slightly off from Dec placement
AZ_WB,2019-01-18,60,,,6,8,0.2,slightly off from Dec placement
AZ_WB,2019-01-18,60,,,5.5,11,0.1,slightly off from Dec placement
AZ_WB,2019-01-18,60,,,5,5,0.4,slightly off from Dec placement
AZ_WB,2019-01-18,60,,,4.5,35,1.3,slightly off from Dec placement
AZ_WB,2019-01-18,60,,,4,47,1.3,slightly off from Dec placement
AZ_WB,2019-01-18,60,,,3.5,16,0.7,slightly off from Dec placement
AZ_WB,2019-01-18,60,,,3,43,1,slightly off from Dec placement
AZ_WB,2019-01-18,60,,,2.5,58,0.5,slightly off from Dec placement
AZ_WB,2019-01-18,60,,,2,47,2,slightly off from Dec placement
AZ_WB,2019-01-18,60,,,1.5,25,1.7,slightly off from Dec placement
AZ_WB,2019-01-18,60,,,1,0,0,slightly off from Dec placement
AZ_WB,2019-01-18,60,,,0.5,2,0,slightly off from Dec placement
AZ_WB,2019-01-18,90,,,9.2,0,0,slightly off from Dec placement
AZ_WB,2019-01-18,90,,,8.45,25,0.3,slightly off from Dec placement
AZ_WB,2019-01-18,90,,,7.7,20,0.7,slightly off from Dec placement
AZ_WB,2019-01-18,90,,,6.95,21,0.9,slightly off from Dec placement
AZ_WB,2019-01-18,90,,,6.2,33,0.8,slightly off from Dec placement
AZ_WB,2019-01-18,90,,,5.45,35,1.3,slightly off from Dec placement
AZ_WB,2019-01-18,90,,,4.7,31,0.1,slightly off from Dec placement
AZ_WB,2019-01-18,90,,,3.95,23,1.1,slightly off from Dec placement
AZ_WB,2019-01-18,90,,,3.2,40,0.7,slightly off from Dec placement
AZ_WB,2019-01-18,90,,,2.45,38,0,slightly off from Dec placement
AZ_WB,2019-01-18,90,,,1.7,48,0.8,slightly off from Dec placement
AZ_WB,2019-01-18,90,,,0.95,30,0.4,slightly off from Dec placement
AZ_WB,2019-01-18,90,,,0.2,20,0,slightly off from Dec placement
AZ_WB,2019-01-18,120,,,11,19,0.2,slightly off from Dec placement
AZ_WB,2019-01-18,120,,,10,40,1,slightly off from Dec placement
AZ_WB,2019-01-18,120,,,9,50,1.5,slightly off from Dec placement
AZ_WB,2019-01-18,120,,,8,55,0.3,slightly off from Dec placement
AZ_WB,2019-01-18,120,,,7,68,0.1,slightly off from Dec placement
AZ_WB,2019-01-18,120,,,6,45,0,slightly off from Dec placement
AZ_WB,2019-01-18,120,,,5,27,0,slightly off from Dec placement
AZ_WB,2019-01-18,120,,,4,45,0.1,slightly off from Dec placement
AZ_WB,2019-01-18,120,,,3,0,0,slightly off from Dec placement
AZ_WB,2019-01-18,120,,,2,20,0.3,slightly off from Dec placement
AZ_WB,2019-01-18,120,,,1,18,0.5,slightly off from Dec placement
AZ_WB,2019-01-18,150,,,7,18,0.1,slightly off from Dec placement
AZ_WB,2019-01-18,150,,,6.5,38,0.5,slightly off from Dec placement
AZ_WB,2019-01-18,150,,,6,50,1.3,slightly off from Dec placement
AZ_WB,2019-01-18,150,,,5.5,60,1.5,slightly off from Dec placement
AZ_WB,2019-01-18,150,,,5,42,1,slightly off from Dec placement
AZ_WB,2019-01-18,150,,,4.5,63,1.2,slightly off from Dec placement
AZ_WB,2019-01-18,150,,,4,50,0.9,slightly off from Dec placement
AZ_WB,2019-01-18,150,,,3.5,25,0.8,slightly off from Dec placement
AZ_WB,2019-01-18,150,,,3,34,0.5,slightly off from Dec placement
AZ_WB,2019-01-18,150,,,2.5,27,0.4,slightly off from Dec placement
AZ_WB,2019-01-18,150,,,2,0,0,slightly off from Dec placement
AZ_WB,2019-01-18,150,,,1.5,15,0.4,slightly off from Dec placement
AZ_WB,2019-01-18,150,,,1,16,0.1,slightly off from Dec placement
AZ_WB,2019-01-18,150,,,0.5,0,0,slightly off from Dec placement
AZ_OC,2019-02-11,0,,,10,10,0,
AZ_OC,2019-02-11,0,,,9,27,0.2,
AZ_OC,2019-02-11,0,,,8,30,0.2,
AZ_OC,2019-02-11,0,,,7,37,0.5,
AZ_OC,2019-02-11,0,,,6,29,0.6,
AZ_OC,2019-02-11,0,,,5,25,0.6,
AZ_OC,2019-02-11,0,,,4,53,0.8,
AZ_OC,2019-02-11,0,,,3,45,0.9,
AZ_OC,2019-02-11,0,,,2,60,0.8,
AZ_OC,2019-02-11,0,,,1,65,0.9,
AZ_OC,2019-02-11,0,,,0,10,0,
AZ_OC,2019-02-11,20,,,13,3,0,
AZ_OC,2019-02-11,20,,,11,0,0,
AZ_OC,2019-02-11,20,,,10,20,0.4,
AZ_OC,2019-02-11,20,,,9,19,0.4,
AZ_OC,2019-02-11,20,,,8,52,0.4,
AZ_OC,2019-02-11,20,,,7,50,0.4,
AZ_OC,2019-02-11,20,,,6,68,0.6,
AZ_OC,2019-02-11,20,,,5,84,0.4,
AZ_OC,2019-02-11,20,,,4,89,0.3,
AZ_OC,2019-02-11,20,,,3,39,0.2,
AZ_OC,2019-02-11,20,,,2,34,0.1,
AZ_OC,2019-02-11,20,,,1,7,0,
AZ_OC,2019-02-11,20,,,0,0,0,
AZ_OC,2019-02-11,40,,,8.8,35,0.2,
AZ_OC,2019-02-11,40,,,8,65,1.1,
AZ_OC,2019-02-11,40,,,7,58,1.1,
AZ_OC,2019-02-11,40,,,6,50,0.6,
AZ_OC,2019-02-11,40,,,5,47,0.7,
AZ_OC,2019-02-11,40,,,4,30,0.4,
AZ_OC,2019-02-11,40,,,3,0,0,
AZ_OC,2019-02-11,40,,,2,33,0.3,
AZ_OC,2019-02-11,40,,,1,29,0.1,
AZ_OC,2019-02-11,40,,,0,13,0,
AZ_OC,2019-02-11,60,,,10.5,18,0.1,
AZ_OC,2019-02-11,60,,,9.5,55,0.8,
AZ_OC,2019-02-11,60,,,8.5,58,0.8,
AZ_OC,2019-02-11,60,,,7.5,40,1.1,
AZ_OC,2019-02-11,60,,,6.5,43,0.5,
AZ_OC,2019-02-11,60,,,5.5,38,0.6,
AZ_OC,2019-02-11,60,,,4.5,37,0.1,
AZ_OC,2019-02-11,60,,,3.5,38,0.6,
AZ_OC,2019-02-11,60,,,2.5,9,0,
AZ_OC,2019-02-11,60,,,1.5,2,0,
AZ_OC,2019-02-11,60,,,0.5,3,0,
AZ_OC,2019-02-11,80,,,14,20,0,
AZ_OC,2019-02-11,80,,,13,51,0.9,
AZ_OC,2019-02-11,80,,,12,46,1.1,
AZ_OC,2019-02-11,80,,,11,52,0.7,
AZ_OC,2019-02-11,80,,,10,51,0.8,
AZ_OC,2019-02-11,80,,,9,0,0,
AZ_OC,2019-02-11,80,,,8,29,0.2,
AZ_OC,2019-02-11,80,,,7,28,0.1,
AZ_OC,2019-02-11,80,,,6,0,0,
AZ_OC,2019-02-11,80,,,5,21,0.2,
AZ_OC,2019-02-11,80,,,4,27,0.2,
AZ_OC,2019-02-11,80,,,3,24,0.4,
AZ_OC,2019-02-11,80,,,2,24,0.1,
AZ_OC,2019-02-11,80,,,1,19,0.2,
AZ_OC,2019-02-11,100,,,10,35,0.3,
AZ_OC,2019-02-11,100,,,9,55,0.8,
AZ_OC,2019-02-11,100,,,8,18,1.8,
AZ_OC,2019-02-11,100,,,7,45,0.4,
AZ_OC,2019-02-11,100,,,6,48,0.8,
AZ_OC,2019-02-11,100,,,5,53,1.3,
AZ_OC,2019-02-11,100,,,4,43,0.2,
AZ_OC,2019-02-11,100,,,3,0,0,
AZ_OC,2019-02-11,100,,,2,23,0,
AZ_OC,2019-02-11,100,,,1.5,0,,
AZ_OC,2019-02-11,120,,,11.5,18,0,
AZ_OC,2019-02-11,120,,,10.5,50,0.7,
AZ_OC,2019-02-11,120,,,9.5,43,0.4,
AZ_OC,2019-02-11,120,,,8.5,10,0.2,
AZ_OC,2019-02-11,120,,,7.5,42,0.8,
AZ_OC,2019-02-11,120,,,6.5,42,1.1,
AZ_OC,2019-02-11,120,,,5.5,32,1.5,
AZ_OC,2019-02-11,120,,,4.5,30,0.1,
AZ_OC,2019-02-11,120,,,3.5,18,1.7,
AZ_OC,2019-02-11,120,,,2.5,28,0.7,
AZ_OC,2019-02-11,120,,,1.5,25,0.1,
AZ_OC,2019-02-11,120,,,0.5,20,0.1,
AZ_OC,2019-02-11,140,,,11,8,0,
AZ_OC,2019-02-11,140,,,10,10,0.1,
AZ_OC,2019-02-11,140,,,9,19,0.4,
AZ_OC,2019-02-11,140,,,8,35,0.4,
AZ_OC,2019-02-11,140,,,7,40,0.5,
AZ_OC,2019-02-11,140,,,6,65,0.8,
AZ_OC,2019-02-11,140,,,5,82,0.5,
AZ_OC,2019-02-11,140,,,4,60,0.9,
AZ_OC,2019-02-11,140,,,3,50,0.4,
AZ_OC,2019-02-11,140,,,2,0,0,
AZ_OC,2019-02-11,140,,,1,0,0,
AZ_OC,2019-06-03,0,,,15,200,,Too Deep 
AZ_OC,2019-06-03,0,,,14,200,,Too Deep 
AZ_OC,2019-06-03,0,,,13,200,,Too Deep 
AZ_OC,2019-06-03,0,,,12,200,,Too Deep 
AZ_OC,2019-06-03,0,,,11,200,,Too Deep 
AZ_OC,2019-06-03,0,,,10,200,,Too Deep 
AZ_OC,2019-06-03,0,,,9,200,,Too Deep 
AZ_OC,2019-06-03,0,,,8,200,,Too Deep 
AZ_OC,2019-06-03,0,,,7,200,,Too Deep 
AZ_OC,2019-06-03,0,,,6,200,,Too Deep 
AZ_OC,2019-06-03,0,,,5,150,,
AZ_OC,2019-06-03,0,,,4,93,,
AZ_OC,2019-06-03,0,,,3,77,,
AZ_OC,2019-06-03,0,,,2,62,,
AZ_OC,2019-06-03,0,,,1,65,,
AZ_OC,2019-06-03,20,,,8.75,23,,
AZ_OC,2019-06-03,20,,,8,17,,
AZ_OC,2019-06-03,20,,,7.25,33,,
AZ_OC,2019-06-03,20,,,6.5,39,,
AZ_OC,2019-06-03,20,,,5.75,70,,
AZ_OC,2019-06-03,20,,,5,74,,
AZ_OC,2019-06-03,20,,,4.25,105,,
AZ_OC,2019-06-03,20,,,3.5,99,,
AZ_OC,2019-06-03,20,,,2.75,45,,
AZ_OC,2019-06-03,20,,,2,57,,
AZ_OC,2019-06-03,20,,,1.25,114,,
AZ_OC,2019-06-03,20,,,0.5,60,,
AZ_OC,2019-06-03,40,,,11.5,13,,
AZ_OC,2019-06-03,40,,,10.5,33,,
AZ_OC,2019-06-03,40,,,9.5,35,,
AZ_OC,2019-06-03,40,,,8.5,35,,
AZ_OC,2019-06-03,40,,,7.5,24,,
AZ_OC,2019-06-03,40,,,6.5,56,,
AZ_OC,2019-06-03,40,,,5.5,57,,
AZ_OC,2019-06-03,40,,,4.5,70,,
AZ_OC,2019-06-03,40,,,3.5,75,,
AZ_OC,2019-06-03,40,,,2.5,56,,
AZ_OC,2019-06-03,40,,,1.5,34,,
AZ_OC,2019-06-03,40,,,0.5,38,,
AZ_OC,2019-06-03,60,,,11.5,6,,
AZ_OC,2019-06-03,60,,,10.5,13,,
AZ_OC,2019-06-03,60,,,9.5,24,,
AZ_OC,2019-06-03,60,,,8.5,24,,
AZ_OC,2019-06-03,60,,,7.5,32,,
AZ_OC,2019-06-03,60,,,6.5,38,,
AZ_OC,2019-06-03,60,,,5.5,36,,
AZ_OC,2019-06-03,60,,,4.5,54,,
AZ_OC,2019-06-03,60,,,3.5,29,,
AZ_OC,2019-06-03,60,,,2.5,36,,
AZ_OC,2019-06-03,60,,,1.5,23,,
AZ_OC,2019-06-03,60,,,0.5,22,,
AZ_OC,2019-06-03,80,,,14,3,,
AZ_OC,2019-06-03,80,,,13,25,,
AZ_OC,2019-06-03,80,,,12,0,,
AZ_OC,2019-06-03,80,,,11,0,,
AZ_OC,2019-06-03,80,,,10,0,,
AZ_OC,2019-06-03,80,,,9,40,,
AZ_OC,2019-06-03,80,,,8,22,,
AZ_OC,2019-06-03,80,,,7,18,,
AZ_OC,2019-06-03,80,,,6,22,,
AZ_OC,2019-06-03,80,,,5,13,,
AZ_OC,2019-06-03,80,,,4,8,,
AZ_OC,2019-06-03,80,,,3,22,,
AZ_OC,2019-06-03,80,,,2,25,,
AZ_OC,2019-06-03,80,,,1,0,,
AZ_OC,2019-06-03,80,,,0,1,,
AZ_OC,2019-06-03,100,,,13,10,,
AZ_OC,2019-06-03,100,,,12,15,,
AZ_OC,2019-06-03,100,,,11,44,,
AZ_OC,2019-06-03,100,,,10,36,,
AZ_OC,2019-06-03,100,,,9,6,,
AZ_OC,2019-06-03,100,,,8,18,,
AZ_OC,2019-06-03,100,,,7,35,,
AZ_OC,2019-06-03,100,,,6,15,,
AZ_OC,2019-06-03,100,,,5,28,,
AZ_OC,2019-06-03,100,,,4,40,,
AZ_OC,2019-06-03,100,,,3,30,,
AZ_OC,2019-06-03,100,,,2,0,,
AZ_OC,2019-06-03,100,,,1,0,,
AZ_OC,2019-06-03,100,,,0,1,,
AZ_OC,2019-06-03,120,,,8,8,,
AZ_OC,2019-06-03,120,,,7.5,6,,
AZ_OC,2019-06-03,120,,,7,10,,
AZ_OC,2019-06-03,120,,,6.5,28,,
AZ_OC,2019-06-03,120,,,6,45,,
AZ_OC,2019-06-03,120,,,5.5,30,,
AZ_OC,2019-06-03,120,,,5,35,,
AZ_OC,2019-06-03,120,,,4.5,37,,
AZ_OC,2019-06-03,120,,,4,45,,
AZ_OC,2019-06-03,120,,,3.5,32,,
AZ_OC,2019-06-03,120,,,3,38,,
AZ_OC,2019-06-03,120,,,2.5,18,,
AZ_OC,2019-06-03,120,,,2,30,,
AZ_OC,2019-06-03,120,,,1.5,30,,
AZ_OC,2019-06-03,120,,,1,28,,
AZ_OC,2019-06-03,120,,,0.5,19,,
AZ_OC,2019-06-03,140,,,10.5,15,,
AZ_OC,2019-06-03,140,,,9.5,18,,
AZ_OC,2019-06-03,140,,,8.5,1,,
AZ_OC,2019-06-03,140,,,7.5,42,,
AZ_OC,2019-06-03,140,,,6.5,8,,
AZ_OC,2019-06-03,140,,,5.5,0,,
AZ_OC,2019-06-03,140,,,4.5,16,,
AZ_OC,2019-06-03,140,,,3.5,38,,
AZ_OC,2019-06-03,140,,,2.5,8,,
AZ_OC,2019-06-03,140,,,1.5,16,,
AZ_OC,2019-06-03,140,,,0.5,13,,
AZ_OC,2019-06-03,160,,,11,14,,
AZ_OC,2019-06-03,160,,,10,19,,
AZ_OC,2019-06-03,160,,,9,2,,
AZ_OC,2019-06-03,160,,,8,51,,
AZ_OC,2019-06-03,160,,,7,43,,
AZ_OC,2019-06-03,160,,,6,41,,
AZ_OC,2019-06-03,160,,,5,56,,
AZ_OC,2019-06-03,160,,,4,0,,
AZ_OC,2019-06-03,160,,,3,0,,
AZ_OC,2019-06-03,160,,,2,15,,
AZ_OC,2019-06-03,160,,,1,12,,
AZ_OC,2019-06-03,160,,,0,2,,
AZ_OC,2019-06-03,180,,,10,35,,
AZ_OC,2019-06-03,180,,,9,65,,
AZ_OC,2019-06-03,180,,,8,62,,
AZ_OC,2019-06-03,180,,,7,64,,
AZ_OC,2019-06-03,180,,,6,53,,
AZ_OC,2019-06-03,180,,,5,63,,
AZ_OC,2019-06-03,180,,,4,49,,
AZ_OC,2019-06-03,180,,,3,42,,
AZ_OC,2019-06-03,180,,,2,32,,
AZ_OC,2019-06-03,180,,,1,9,,
AZ_OC,2019-06-03,180,,,0,1,,
AZ_WB,2019-06-03,0,,,10.8,33,,
AZ_WB,2019-06-03,0,,,9.8,30,,
AZ_WB,2019-06-03,0,,,8.8,32,,
AZ_WB,2019-06-03,0,,,7.8,33,,
AZ_WB,2019-06-03,0,,,6.8,38,,
AZ_WB,2019-06-03,0,,,5.8,37,,
AZ_WB,2019-06-03,0,,,4.8,44,,
AZ_WB,2019-06-03,0,,,3.8,20,,
AZ_WB,2019-06-03,0,,,2.8,34,,
AZ_WB,2019-06-03,0,,,1.8,32,,
AZ_WB,2019-06-03,0,,,0.8,1,,
AZ_WB,2019-06-03,20,,,12.5,5,,
AZ_WB,2019-06-03,20,,,11.5,6,,
AZ_WB,2019-06-03,20,,,10.5,29,,
AZ_WB,2019-06-03,20,,,9.5,41,,
AZ_WB,2019-06-03,20,,,8.5,32,,
AZ_WB,2019-06-03,20,,,7.5,29,,
AZ_WB,2019-06-03,20,,,6.5,38,,
AZ_WB,2019-06-03,20,,,5.5,47,,
AZ_WB,2019-06-03,20,,,4.5,53,,
AZ_WB,2019-06-03,20,,,3.5,40,,
AZ_WB,2019-06-03,20,,,2.5,30,,
AZ_WB,2019-06-03,20,,,1.5,12,,
AZ_WB,2019-06-03,20,,,0.5,7,,
AZ_WB,2019-06-03,40,,,8.5,11,,
AZ_WB,2019-06-03,40,,,7.75,14,,
AZ_WB,2019-06-03,40,,,7,23,,
AZ_WB,2019-06-03,40,,,6.25,20,,
AZ_WB,2019-06-03,40,,,5.5,25,,
AZ_WB,2019-06-03,40,,,4.75,31,,
AZ_WB,2019-06-03,40,,,4,32,,
AZ_WB,2019-06-03,40,,,3.25,28,,
AZ_WB,2019-06-03,40,,,2.5,21,,
AZ_WB,2019-06-03,40,,,1.75,30,,
AZ_WB,2019-06-03,40,,,1,25,,
AZ_WB,2019-06-03,40,,,0.25,10,,
AZ_WB,2019-06-03,60,,,5,24,,
AZ_WB,2019-06-03,60,,,4.5,64,,
AZ_WB,2019-06-03,60,,,4,66,,
AZ_WB,2019-06-03,60,,,3.5,66,,
AZ_WB,2019-06-03,60,,,3,72,,
AZ_WB,2019-06-03,60,,,2.5,61,,
AZ_WB,2019-06-03,60,,,2,35,,
AZ_WB,2019-06-03,60,,,1.5,33,,
AZ_WB,2019-06-03,60,,,1,25,,
AZ_WB,2019-06-03,60,,,0.5,21,,
AZ_WB,2019-06-03,60,,,0,8,,
AZ_WB,2019-06-03,80,,,3.9,8,,
AZ_WB,2019-06-03,80,,,3.6,25,,
AZ_WB,2019-06-03,80,,,3.3,16,,
AZ_WB,2019-06-03,80,,,3,5,,
AZ_WB,2019-06-03,80,,,2.7,10,,
AZ_WB,2019-06-03,80,,,2.4,14,,
AZ_WB,2019-06-03,80,,,2.1,24,,
AZ_WB,2019-06-03,80,,,1.8,17,,
AZ_WB,2019-06-03,80,,,1.5,9,,
AZ_WB,2019-06-03,80,,,1.2,13,,
AZ_WB,2019-06-03,80,,,0.9,12,,
AZ_WB,2019-06-03,80,,,0.6,8,,
AZ_WB,2019-06-03,80,,,0.3,0,,
AZ_WB,2019-06-03,80,,,0,1,,
AZ_WB,2019-06-03,100,,,6.5,18,,
AZ_WB,2019-06-03,100,,,6,28,,
AZ_WB,2019-06-03,100,,,5.5,13,,
AZ_WB,2019-06-03,100,,,5,8,,
AZ_WB,2019-06-03,100,,,4.5,8,,
AZ_WB,2019-06-03,100,,,4,30,,
AZ_WB,2019-06-03,100,,,3.5,36,,
AZ_WB,2019-06-03,100,,,3,38,,
AZ_WB,2019-06-03,100,,,2.5,23,,
AZ_WB,2019-06-03,100,,,2,18,,
AZ_WB,2019-06-03,100,,,1.5,5,,
AZ_WB,2019-06-03,100,,,1,10,,
AZ_WB,2019-06-03,100,,,0.5,12,,
AZ_WB,2019-06-03,120,,,7.25,28,,
AZ_WB,2019-06-03,120,,,6.75,38,,
AZ_WB,2019-06-03,120,,,6.25,35,,
AZ_WB,2019-06-03,120,,,5.75,32,,
AZ_WB,2019-06-03,120,,,5.25,35,,
AZ_WB,2019-06-03,120,,,4.75,36,,
AZ_WB,2019-06-03,120,,,4.25,39,,
AZ_WB,2019-06-03,120,,,3.75,41,,
AZ_WB,2019-06-03,120,,,3.25,39,,
AZ_WB,2019-06-03,120,,,2.75,6,,
AZ_WB,2019-06-03,120,,,2.25,36,,
AZ_WB,2019-06-03,120,,,1.75,34,,
AZ_WB,2019-06-03,120,,,1.25,35,,
AZ_WB,2019-06-03,120,,,0.75,37,,
AZ_WB,2019-06-03,120,,,0.25,31,,
AZ_WB,2019-06-03,140,,,4.5,1,,
AZ_WB,2019-06-03,140,,,4,19,,
AZ_WB,2019-06-03,140,,,3.5,25,,
AZ_WB,2019-06-03,140,,,3,33,,
AZ_WB,2019-06-03,140,,,2.5,19,,
AZ_WB,2019-06-03,140,,,2,38,,
AZ_WB,2019-06-03,140,,,1.5,39,,
AZ_WB,2019-06-03,140,,,1,45,,
AZ_WB,2019-06-03,140,,,0.5,42,,
AZ_WB,2019-06-03,160,,,6,30,,
AZ_WB,2019-06-03,160,,,5.5,36,,
AZ_WB,2019-06-03,160,,,5,45,,
AZ_WB,2019-06-03,160,,,4.5,47,,
AZ_WB,2019-06-03,160,,,4,47,,
AZ_WB,2019-06-03,160,,,3.5,52,,
AZ_WB,2019-06-03,160,,,3,55,,
AZ_WB,2019-06-03,160,,,2.5,52,,
AZ_WB,2019-06-03,160,,,2,48,,
AZ_WB,2019-06-03,160,,,1.5,54,,
AZ_WB,2019-06-03,160,,,1,50,,
AZ_WB,2019-06-03,160,,,0.5,19,,
AZ_LV,2019-07-26,0,,,17.5,20,,
AZ_LV,2019-07-26,0,,,16.5,46,,
AZ_LV,2019-07-26,0,,,15.5,63,,
AZ_LV,2019-07-26,0,,,14.5,60,,
AZ_LV,2019-07-26,0,,,13.5,55,,
AZ_LV,2019-07-26,0,,,12.5,60,,
AZ_LV,2019-07-26,0,,,11.5,66,,
AZ_LV,2019-07-26,0,,,10.5,71,,
AZ_LV,2019-07-26,0,,,9.5,79,,
AZ_LV,2019-07-26,0,,,8.5,79,,
AZ_LV,2019-07-26,0,,,7.5,86,,
AZ_LV,2019-07-26,0,,,6.5,92,,
AZ_LV,2019-07-26,0,,,5.5,87,,
AZ_LV,2019-07-26,0,,,4.5,94,,
AZ_LV,2019-07-26,0,,,3.5,59,,
AZ_LV,2019-07-26,0,,,2.5,67,,
AZ_LV,2019-07-26,0,,,1.5,33,,
AZ_LV,2019-07-26,0,,,0.5,30,,
AZ_LV,2019-07-26,20,,,14.5,45,,
AZ_LV,2019-07-26,20,,,13.5,64,,
AZ_LV,2019-07-26,20,,,12.5,103,,
AZ_LV,2019-07-26,20,,,11.5,117,,
AZ_LV,2019-07-26,20,,,10.5,124,,
AZ_LV,2019-07-26,20,,,9.5,130,,
AZ_LV,2019-07-26,20,,,8.5,135,,
AZ_LV,2019-07-26,20,,,7.5,140,,
AZ_LV,2019-07-26,20,,,6.5,140,,
AZ_LV,2019-07-26,20,,,5.5,123,,
AZ_LV,2019-07-26,20,,,4.5,118,,
AZ_LV,2019-07-26,20,,,3.5,119,,
AZ_LV,2019-07-26,20,,,2.5,47,,
AZ_LV,2019-07-26,20,,,1.5,95,,
AZ_LV,2019-07-26,20,,,0.5,65,,
AZ_LV,2019-07-26,40,,,12.5,17,,
AZ_LV,2019-07-26,40,,,11.5,64,,
AZ_LV,2019-07-26,40,,,10.5,89,,
AZ_LV,2019-07-26,40,,,9.5,109,,
AZ_LV,2019-07-26,40,,,8.5,119,,
AZ_LV,2019-07-26,40,,,7.5,122,,
AZ_LV,2019-07-26,40,,,6.5,130,,
AZ_LV,2019-07-26,40,,,5.5,130,,
AZ_LV,2019-07-26,40,,,4.5,140,,
AZ_LV,2019-07-26,40,,,3.5,150,,
AZ_LV,2019-07-26,40,,,2.5,150,,
AZ_LV,2019-07-26,40,,,1.5,160,,
AZ_LV,2019-07-26,40,,,0.5,120,,
AZ_LV,2019-07-26,60,,,0,42,,
AZ_LV,2019-07-26,60,,,1,86,,
AZ_LV,2019-07-26,60,,,2,106,,
AZ_LV,2019-07-26,60,,,3,121,,
AZ_LV,2019-07-26,60,,,4,125,,
AZ_LV,2019-07-26,60,,,5,130,,
AZ_LV,2019-07-26,60,,,6,125,,
AZ_LV,2019-07-26,60,,,7,119,,
AZ_LV,2019-07-26,60,,,8,109,,
AZ_LV,2019-07-26,60,,,9,103,,
AZ_LV,2019-07-26,60,,,10,102,,
AZ_LV,2019-07-26,60,,,11,102,,
AZ_LV,2019-07-26,60,,,12,97,,
AZ_LV,2019-07-26,60,,,13,62,,
AZ_LV,2019-07-26,60,,,14,42,,
AZ_LV,2019-07-26,60,,,15,30,,
AZ_LV,2019-07-26,80,,,15.5,60,,
AZ_LV,2019-07-26,80,,,14.5,50,,
AZ_LV,2019-07-26,80,,,13.5,90,,
AZ_LV,2019-07-26,80,,,12.5,96,,
AZ_LV,2019-07-26,80,,,11.5,102,,
AZ_LV,2019-07-26,80,,,10.5,102,,
AZ_LV,2019-07-26,80,,,9.5,98,,
AZ_LV,2019-07-26,80,,,8.5,98,,
AZ_LV,2019-07-26,80,,,7.5,98,,
AZ_LV,2019-07-26,80,,,6.5,93,,
AZ_LV,2019-07-26,80,,,5.5,92,,
AZ_LV,2019-07-26,80,,,4.5,90,,
AZ_LV,2019-07-26,80,,,3.5,88,,
AZ_LV,2019-07-26,80,,,2.5,85,,
AZ_LV,2019-07-26,80,,,1.5,91,,
AZ_LV,2019-07-26,80,,,0.5,50,,
AZ_LV,2019-07-26,100,,,13.5,51,,
AZ_LV,2019-07-26,100,,,12.5,80,,
AZ_LV,2019-07-26,100,,,11.5,107,,
AZ_LV,2019-07-26,100,,,10.5,114,,
AZ_LV,2019-07-26,100,,,9.5,117,,
AZ_LV,2019-07-26,100,,,8.5,117,,
AZ_LV,2019-07-26,100,,,7.5,112,,
AZ_LV,2019-07-26,100,,,6.5,100,,
AZ_LV,2019-07-26,100,,,5.5,91,,
AZ_LV,2019-07-26,100,,,4.5,89,,
AZ_LV,2019-07-26,100,,,3.5,100,,
AZ_LV,2019-07-26,100,,,2.5,101,,
AZ_LV,2019-07-26,100,,,1.5,99,,
AZ_LV,2019-07-26,100,,,0.5,87,,
AZ_LV,2019-07-26,120,,,13.5,21,,
AZ_LV,2019-07-26,120,,,12.5,78,,
AZ_LV,2019-07-26,120,,,11.5,90,,
AZ_LV,2019-07-26,120,,,10.5,105,,
AZ_LV,2019-07-26,120,,,9.5,97,,
AZ_LV,2019-07-26,120,,,8.5,84,,
AZ_LV,2019-07-26,120,,,7.5,71,,
AZ_LV,2019-07-26,120,,,6.5,66,,
AZ_LV,2019-07-26,120,,,5.5,61,,
AZ_LV,2019-07-26,120,,,4.5,65,,
AZ_LV,2019-07-26,120,,,3.5,65,,
AZ_LV,2019-07-26,120,,,2.5,65,,
AZ_LV,2019-07-26,120,,,1.5,64,,
AZ_LV,2019-07-26,120,,,0.5,50,,
AZ_LV,2019-07-26,140,,,12.5,36,,
AZ_LV,2019-07-26,140,,,11.5,66,,
AZ_LV,2019-07-26,140,,,10.5,85,,
AZ_LV,2019-07-26,140,,,9.5,121,,
AZ_LV,2019-07-26,140,,,8.5,130,,
AZ_LV,2019-07-26,140,,,7.5,122,,
AZ_LV,2019-07-26,140,,,6.5,113,,
AZ_LV,2019-07-26,140,,,5.5,102,,
AZ_LV,2019-07-26,140,,,4.5,98,,
AZ_LV,2019-07-26,140,,,3.5,96,,
AZ_LV,2019-07-26,140,,,2.5,94,,
AZ_LV,2019-07-26,140,,,1.5,89,,
AZ_LV,2019-07-26,140,,,0.5,80,,
AZ_LV,2019-07-26,160,,,18.5,39,,
AZ_LV,2019-07-26,160,,,17.5,47,,
AZ_LV,2019-07-26,160,,,16.5,49,,
AZ_LV,2019-07-26,160,,,15.5,50,,
AZ_LV,2019-07-26,160,,,14.5,50,,
AZ_LV,2019-07-26,160,,,13.5,45,,
AZ_LV,2019-07-26,160,,,12.5,51,,
AZ_LV,2019-07-26,160,,,11.5,51,,
AZ_LV,2019-07-26,160,,,10.5,48,,
AZ_LV,2019-07-26,160,,,9.5,35,,
AZ_LV,2019-07-26,160,,,8.5,35,,
AZ_LV,2019-07-26,160,,,7.5,33,,
AZ_LV,2019-07-26,160,,,6.5,30,,
AZ_LV,2019-07-26,160,,,5.5,35,,
AZ_LV,2019-07-26,160,,,4.5,35,,
AZ_LV,2019-07-26,160,,,3.5,33,,
AZ_LV,2019-07-26,160,,,2.5,25,,
AZ_LV,2019-07-26,160,,,1.5,12,,
AZ_LV,2019-07-26,160,,,0.5,6,,
AZ_LV,2019-07-26,180,,,9,54,,
AZ_LV,2019-07-26,180,,,8.25,65,,
AZ_LV,2019-07-26,180,,,7.5,62,,
AZ_LV,2019-07-26,180,,,6.75,57,,
AZ_LV,2019-07-26,180,,,6,47,,
AZ_LV,2019-07-26,180,,,5.25,51,,
AZ_LV,2019-07-26,180,,,4.5,49,,
AZ_LV,2019-07-26,180,,,3.75,42,,
AZ_LV,2019-07-26,180,,,3,32,,
AZ_LV,2019-07-26,180,,,2.25,25,,
AZ_LV,2019-07-26,180,,,1.5,25,,
AZ_LV,2019-07-26,180,,,0.75,0,,
AZ_MV,2019-08-23,149,,,10,26,,
AZ_MV,2019-08-23,149,,,9.5,25,,
AZ_MV,2019-08-23,149,,,8.5,37,,
AZ_MV,2019-08-23,149,,,8,40,,
AZ_MV,2019-08-23,149,,,7.5,37,,
AZ_MV,2019-08-23,149,,,7,35,,
AZ_MV,2019-08-23,149,,,6.5,35,,
AZ_MV,2019-08-23,149,,,6,32,,
AZ_MV,2019-08-23,149,,,5.5,34,,
AZ_MV,2019-08-23,149,,,5,29,,
AZ_MV,2019-08-23,149,,,4.5,32,,
AZ_MV,2019-08-23,149,,,4,29,,
AZ_MV,2019-08-23,149,,,3.5,34,,
AZ_MV,2019-08-23,149,,,3,30,,
AZ_MV,2019-08-23,149,,,2.5,25,,
AZ_MV,2019-08-23,149,,,2,21,,
AZ_MV,2019-08-23,149,,,1.5,21,,
AZ_MV,2019-08-23,149,,,1,22,,
AZ_MV,2019-08-23,149,,,0.5,1,,
AZ_MV,2019-08-23,150,,,20,46,,
AZ_MV,2019-08-23,150,,,19,71,,
AZ_MV,2019-08-23,150,,,18,82,,
AZ_MV,2019-08-23,150,,,17,83,,
AZ_MV,2019-08-23,150,,,16,85,,
AZ_MV,2019-08-23,150,,,15,73,,
AZ_MV,2019-08-23,150,,,14,74,,
AZ_MV,2019-08-23,150,,,13,60,,
AZ_MV,2019-08-23,150,,,12,57,,
AZ_MV,2019-08-23,150,,,11,53,,
AZ_MV,2019-08-23,150,,,10,46,,
AZ_MV,2019-08-23,150,,,9,40,,
AZ_MV,2019-08-23,150,,,8,33,,
AZ_MV,2019-08-23,150,,,7,30,,
AZ_MV,2019-08-23,150,,,6,29,,
AZ_MV,2019-08-23,150,,,5,34,,
AZ_MV,2019-08-23,150,,,4,35,,
AZ_MV,2019-08-23,150,,,3,40,,
AZ_MV,2019-08-23,150,,,2,30,,
AZ_MV,2019-08-23,150,,,1,18,,
AZ_MV,2019-08-23,151,,,20,11,,
AZ_MV,2019-08-23,151,,,19,21,,
AZ_MV,2019-08-23,151,,,18,26,,
AZ_MV,2019-08-23,151,,,17,23,,
AZ_MV,2019-08-23,151,,,16,27,,
AZ_MV,2019-08-23,151,,,15,31,,
AZ_MV,2019-08-23,151,,,14,43,,
AZ_MV,2019-08-23,151,,,13,43,,
AZ_MV,2019-08-23,151,,,12,11,,
AZ_MV,2019-08-23,151,,,11,54,,
AZ_MV,2019-08-23,151,,,10,53,,
AZ_MV,2019-08-23,151,,,9,60,,
AZ_MV,2019-08-23,151,,,8,52,,
AZ_MV,2019-08-23,151,,,7,55,,
AZ_MV,2019-08-23,151,,,6,55,,
AZ_MV,2019-08-23,151,,,5,55,,
AZ_MV,2019-08-23,151,,,4,53,,
AZ_MV,2019-08-23,151,,,3,47,,
AZ_MV,2019-08-23,151,,,2,48,,
AZ_MV,2019-08-23,151,,,1,47,,
AZ_MV,2019-08-23,152,,,10.5,15,,
AZ_MV,2019-08-23,152,,,9.5,11,,
AZ_MV,2019-08-23,152,,,8.5,18,,
AZ_MV,2019-08-23,152,,,7.5,24,,
AZ_MV,2019-08-23,152,,,6.5,12,,
AZ_MV,2019-08-23,152,,,5.5,16,,
AZ_MV,2019-08-23,152,,,4.5,29,,
AZ_MV,2019-08-23,152,,,3.5,31,,
AZ_MV,2019-08-23,152,,,2.5,35,,
AZ_MV,2019-08-23,152,,,1.5,30,,
AZ_MV,2019-08-23,152,,,0.5,21,,
AZ_MV,2019-08-23,153,,,9.5,26,,
AZ_MV,2019-08-23,153,,,9,32,,
AZ_MV,2019-08-23,153,,,8.5,37,,
AZ_MV,2019-08-23,153,,,8,35,,
AZ_MV,2019-08-23,153,,,7.5,5,,
AZ_MV,2019-08-23,153,,,7,37,,
AZ_MV,2019-08-23,153,,,6.5,43,,
AZ_MV,2019-08-23,153,,,6,40,,
AZ_MV,2019-08-23,153,,,5.5,39,,
AZ_MV,2019-08-23,153,,,5,33,,
AZ_MV,2019-08-23,153,,,4.5,32,,
AZ_MV,2019-08-23,153,,,4,28,,
AZ_MV,2019-08-23,153,,,3.5,25,,
AZ_MV,2019-08-23,153,,,3,25,,
AZ_MV,2019-08-23,153,,,2.5,31,,
AZ_MV,2019-08-23,153,,,2,12,,
AZ_MV,2019-08-23,153,,,1.5,23,,
AZ_MV,2019-08-23,153,,,1,13,,
AZ_MV,2019-08-23,153,,,0.5,14,,
AZ_MV,2019-08-23,154,,,14.5,28,,
AZ_MV,2019-08-23,154,,,13.5,19,,
AZ_MV,2019-08-23,154,,,12.5,16,,
AZ_MV,2019-08-23,154,,,11.5,26,,
AZ_MV,2019-08-23,154,,,10.5,33,,
AZ_MV,2019-08-23,154,,,9.5,18,,
AZ_MV,2019-08-23,154,,,8.5,24,,
AZ_MV,2019-08-23,154,,,7.5,29,,
AZ_MV,2019-08-23,154,,,6.5,28,,
AZ_MV,2019-08-23,154,,,5.5,30,,
AZ_MV,2019-08-23,154,,,4.5,33,,
AZ_MV,2019-08-23,154,,,3.5,28,,
AZ_MV,2019-08-23,154,,,2.5,31,,
AZ_MV,2019-08-23,154,,,1.5,38,,
AZ_MV,2019-08-23,154,,,0.5,35,,
AZ_MV,2019-08-23,155,,,11.5,5,,
AZ_MV,2019-08-23,155,,,10.5,47,,
AZ_MV,2019-08-23,155,,,9.5,56,,
AZ_MV,2019-08-23,155,,,8.5,63,,
AZ_MV,2019-08-23,155,,,7.5,57,,
AZ_MV,2019-08-23,155,,,6.5,57,,
AZ_MV,2019-08-23,155,,,5.5,43,,
AZ_MV,2019-08-23,155,,,4.5,39,,
AZ_MV,2019-08-23,155,,,3.5,55,,
AZ_MV,2019-08-23,155,,,2.5,47,,
AZ_MV,2019-08-23,155,,,1.5,51,,
AZ_MV,2019-08-23,155,,,0.5,40,,
AZ_MV,2019-08-23,156,,,18,15,,
AZ_MV,2019-08-23,156,,,17,32,,
AZ_MV,2019-08-23,156,,,16,38,,
AZ_MV,2019-08-23,156,,,15,38,,
AZ_MV,2019-08-23,156,,,14,45,,
AZ_MV,2019-08-23,156,,,13,46,,
AZ_MV,2019-08-23,156,,,12,56,,
AZ_MV,2019-08-23,156,,,11,63,,
AZ_MV,2019-08-23,156,,,10,62,,
AZ_MV,2019-08-23,156,,,9,65,,
AZ_MV,2019-08-23,156,,,8,54,,
AZ_MV,2019-08-23,156,,,7,75,,
AZ_MV,2019-08-23,156,,,6,72,,
AZ_MV,2019-08-23,156,,,5,72,,
AZ_MV,2019-08-23,156,,,4,67,,
AZ_MV,2019-08-23,156,,,3,64,,
AZ_MV,2019-08-23,156,,,2,60,,
AZ_MV,2019-08-23,156,,,1,54,,
AZ_MV,2019-08-23,156,,,0,16,,
AZ_MV,2019-08-23,157,,,21.5,22,,
AZ_MV,2019-08-23,157,,,20.5,31,,
AZ_MV,2019-08-23,157,,,19.5,41,,
AZ_MV,2019-08-23,157,,,18.5,44,,
AZ_MV,2019-08-23,157,,,17.5,45,,
AZ_MV,2019-08-23,157,,,16.5,46,,
AZ_MV,2019-08-23,157,,,15.5,44,,
AZ_MV,2019-08-23,157,,,14.5,45,,
AZ_MV,2019-08-23,157,,,13.5,38,,
AZ_MV,2019-08-23,157,,,12.5,59,,
AZ_MV,2019-08-23,157,,,11.5,62,,
AZ_MV,2019-08-23,157,,,10.5,67,,
AZ_MV,2019-08-23,157,,,9.5,71,,
AZ_MV,2019-08-23,157,,,8.5,74,,
AZ_MV,2019-08-23,157,,,7.5,73,,
AZ_MV,2019-08-23,157,,,6.5,70,,
AZ_MV,2019-08-23,157,,,5.5,75,,
AZ_MV,2019-08-23,157,,,4.5,67,,
AZ_MV,2019-08-23,157,,,3.5,64,,
AZ_MV,2019-08-23,157,,,2.5,51,,
AZ_MV,2019-08-23,157,,,1.5,44,,
AZ_MV,2019-08-23,157,,,0.5,32,,
AZ_MV,2019-08-23,158,,,20,36,,
AZ_MV,2019-08-23,158,,,19,35,,
AZ_MV,2019-08-23,158,,,18,45,,
AZ_MV,2019-08-23,158,,,17,17,,
AZ_MV,2019-08-23,158,,,16,50,,
AZ_MV,2019-08-23,158,,,15,60,,
AZ_MV,2019-08-23,158,,,14,64,,
AZ_MV,2019-08-23,158,,,13,77,,
AZ_MV,2019-08-23,158,,,12,72,,
AZ_MV,2019-08-23,158,,,11,76,,
AZ_MV,2019-08-23,158,,,10,73,,
AZ_MV,2019-08-23,158,,,9,79,,
AZ_MV,2019-08-23,158,,,8,82,,
AZ_MV,2019-08-23,158,,,7,83,,
AZ_MV,2019-08-23,158,,,6,86,,
AZ_MV,2019-08-23,158,,,5,73,,
AZ_MV,2019-08-23,158,,,4,75,,
AZ_MV,2019-08-23,158,,,3,70,,
AZ_MV,2019-08-23,158,,,2,60,,
AZ_MV,2019-08-23,158,,,1,50,,
AZ_MV,2019-08-23,159,,,23.5,45,,
AZ_MV,2019-08-23,159,,,22.5,108,,
AZ_MV,2019-08-23,159,,,21.5,135,,
AZ_MV,2019-08-23,159,,,20.5,140,,
AZ_MV,2019-08-23,159,,,19.5,145,,
AZ_MV,2019-08-23,159,,,18.5,125,,
AZ_MV,2019-08-23,159,,,17.5,123,,
AZ_MV,2019-08-23,159,,,16.5,121,,
AZ_MV,2019-08-23,159,,,15.5,119,,
AZ_MV,2019-08-23,159,,,14.5,106,,
AZ_MV,2019-08-23,159,,,13.5,103,,
AZ_MV,2019-08-23,159,,,12.5,106,,
AZ_MV,2019-08-23,159,,,11.5,106,,
AZ_MV,2019-08-23,159,,,10.5,105,,
AZ_MV,2019-08-23,159,,,9.5,103,,
AZ_MV,2019-08-23,159,,,8.5,100,,
AZ_MV,2019-08-23,159,,,7.5,99,,
AZ_MV,2019-08-23,159,,,6.5,103,,
AZ_MV,2019-08-23,159,,,5.5,94,,
AZ_MV,2019-08-23,159,,,4.5,96,,
AZ_MV,2019-08-23,159,,,3.5,88,,
AZ_MV,2019-08-23,159,,,2.5,79,,
AZ_MV,2019-08-23,159,,,1.5,62,,
AZ_MV,2019-08-23,159,,,0.5,40,,
AZ_MV,2019-08-23,160,,,27.5,25,,
AZ_MV,2019-08-23,160,,,26.5,49,,
AZ_MV,2019-08-23,160,,,25.5,47,,
AZ_MV,2019-08-23,160,,,24.5,69,,
AZ_MV,2019-08-23,160,,,23.5,66,,
AZ_MV,2019-08-23,160,,,22.5,66,,
AZ_MV,2019-08-23,160,,,21.5,68,,
AZ_MV,2019-08-23,160,,,20.5,65,,
AZ_MV,2019-08-23,160,,,19.5,70,,
AZ_MV,2019-08-23,160,,,18.5,67,,
AZ_MV,2019-08-23,160,,,17.5,70,,
AZ_MV,2019-08-23,160,,,16.5,72,,
AZ_MV,2019-08-23,160,,,15.5,73,,
AZ_MV,2019-08-23,160,,,14.5,77,,
AZ_MV,2019-08-23,160,,,13.5,67,,
AZ_MV,2019-08-23,160,,,12.5,75,,
AZ_MV,2019-08-23,160,,,11.5,75,,
AZ_MV,2019-08-23,160,,,10.5,75,,
AZ_MV,2019-08-23,160,,,9.5,80,,
AZ_MV,2019-08-23,160,,,8.5,80,,
AZ_MV,2019-08-23,160,,,7.5,86,,
AZ_MV,2019-08-23,160,,,6.5,85,,
AZ_MV,2019-08-23,160,,,5.5,84,,
AZ_MV,2019-08-23,160,,,4.5,85,,
AZ_MV,2019-08-23,160,,,3.5,89,,
AZ_MV,2019-08-23,160,,,2.5,66,,
AZ_MV,2019-08-23,160,,,1.5,47,,
AZ_MV,2019-08-23,160,,,0.5,24,,
AZ_MV,2019-08-23,161,,,29.5,46,,
AZ_MV,2019-08-23,161,,,27.5,67,,
AZ_MV,2019-08-23,161,,,25.5,70,,
AZ_MV,2019-08-23,161,,,23.5,74,,
AZ_MV,2019-08-23,161,,,21.5,73,,
AZ_MV,2019-08-23,161,,,19.5,73,,
AZ_MV,2019-08-23,161,,,17.5,63,,
AZ_MV,2019-08-23,161,,,15.5,62,,
AZ_MV,2019-08-23,161,,,13.5,64,,
AZ_MV,2019-08-23,161,,,11.5,61,,
AZ_MV,2019-08-23,161,,,9.5,68,,
AZ_MV,2019-08-23,161,,,7.5,65,,
AZ_MV,2019-08-23,161,,,5.5,67,,
AZ_MV,2019-08-23,161,,,3.5,68,,
AZ_MV,2019-08-23,161,,,1.5,46,,
AZ_MV,2019-08-23,162,,,30,65,,
AZ_MV,2019-08-23,162,,,28,85,,
AZ_MV,2019-08-23,162,,,26,94,,
AZ_MV,2019-08-23,162,,,24,97,,
AZ_MV,2019-08-23,162,,,22,101,,
AZ_MV,2019-08-23,162,,,20,97,,
AZ_MV,2019-08-23,162,,,18,90,,
AZ_MV,2019-08-23,162,,,16,87,,
AZ_MV,2019-08-23,162,,,14,83,,
AZ_MV,2019-08-23,162,,,12,81,,
AZ_MV,2019-08-23,162,,,10,83,,
AZ_MV,2019-08-23,162,,,8,85,,
AZ_MV,2019-08-23,162,,,6,90,,
AZ_MV,2019-08-23,162,,,4,92,,
AZ_MV,2019-08-23,162,,,2,92,,
AZ_MV,2019-08-23,162,,,0,55,,
AZ_MV,2019-08-23,163,,,29,30,,
AZ_MV,2019-08-23,163,,,27,78,,
AZ_MV,2019-08-23,163,,,25,77,,
AZ_MV,2019-08-23,163,,,23,80,,
AZ_MV,2019-08-23,163,,,21,78,,
AZ_MV,2019-08-23,163,,,19,78,,
AZ_MV,2019-08-23,163,,,17,80,,
AZ_MV,2019-08-23,163,,,15,75,,
AZ_MV,2019-08-23,163,,,13,75,,
AZ_MV,2019-08-23,163,,,11,74,,
AZ_MV,2019-08-23,163,,,9,69,,
AZ_MV,2019-08-23,163,,,7,71,,
AZ_MV,2019-08-23,163,,,5,72,,
AZ_MV,2019-08-23,163,,,3,65,,
AZ_MV,2019-08-23,163,,,1,20,,
AZ_MV,2019-08-23,164,,,19,25,,
AZ_MV,2019-08-23,164,,,18,25,,
AZ_MV,2019-08-23,164,,,17,20,,
AZ_MV,2019-08-23,164,,,16,13,,
AZ_MV,2019-08-23,164,,,15,8,,
AZ_MV,2019-08-23,164,,,14,10,,
AZ_MV,2019-08-23,164,,,13,17,,
AZ_MV,2019-08-23,164,,,12,20,,
AZ_MV,2019-08-23,164,,,11,25,,
AZ_MV,2019-08-23,164,,,10,19,,
AZ_MV,2019-08-23,164,,,9,39,,
AZ_MV,2019-08-23,164,,,8,38,,
AZ_MV,2019-08-23,164,,,7,39,,
AZ_MV,2019-08-23,164,,,6,36,,
AZ_MV,2019-08-23,164,,,5,41,,
AZ_MV,2019-08-23,164,,,4,49,,
AZ_MV,2019-08-23,164,,,3,53,,
AZ_MV,2019-08-23,164,,,2,30,,
AZ_MV,2019-08-23,164,,,1,20,,
AZ_MV,2019-08-23,164,,,0,7,,
AZ_MV,2019-08-23,165,,,9.5,31,,
AZ_MV,2019-08-23,165,,,8.75,38,,
AZ_MV,2019-08-23,165,,,8,43,,
AZ_MV,2019-08-23,165,,,7.25,41,,
AZ_MV,2019-08-23,165,,,6.5,47,,
AZ_MV,2019-08-23,165,,,5.75,40,,
AZ_MV,2019-08-23,165,,,5,40,,
AZ_MV,2019-08-23,165,,,4.25,42,,
AZ_MV,2019-08-23,165,,,3.5,46,,
AZ_MV,2019-08-23,165,,,2.75,53,,
AZ_MV,2019-08-23,165,,,2,44,,
AZ_MV,2019-08-23,165,,,1.25,32,,
AZ_MV,2019-08-23,165,,,0.5,14,,
AZ_MV,2019-08-23,166,,,18,10,,
AZ_MV,2019-08-23,166,,,17,50,,
AZ_MV,2019-08-23,166,,,16,64,,
AZ_MV,2019-08-23,166,,,15,64,,
AZ_MV,2019-08-23,166,,,14,72,,
AZ_MV,2019-08-23,166,,,13,75,,
AZ_MV,2019-08-23,166,,,12,75,,
AZ_MV,2019-08-23,166,,,11,79,,
AZ_MV,2019-08-23,166,,,10,73,,
AZ_MV,2019-08-23,166,,,9,70,,
AZ_MV,2019-08-23,166,,,8,65,,
AZ_MV,2019-08-23,166,,,7,61,,
AZ_MV,2019-08-23,166,,,6,57,,
AZ_MV,2019-08-23,166,,,5,45,,
AZ_MV,2019-08-23,166,,,4,36,,
AZ_MV,2019-08-23,166,,,3,32,,
AZ_MV,2019-08-23,166,,,2,25,,
AZ_MV,2019-08-23,166,,,1,15,,
AZ_MV,2019-08-23,167,,,6,1,,
AZ_MV,2019-08-23,167,,,5.5,7,,
AZ_MV,2019-08-23,167,,,5,22,,
AZ_MV,2019-08-23,167,,,4.5,20,,
AZ_MV,2019-08-23,167,,,4,25,,
AZ_MV,2019-08-23,167,,,3.5,25,,
AZ_MV,2019-08-23,167,,,3,34,,
AZ_MV,2019-08-23,167,,,2.5,22,,
AZ_MV,2019-08-23,167,,,2,18,,
AZ_MV,2019-08-23,167,,,1.5,19,,
AZ_MV,2019-08-23,167,,,1,1,,
AZ_MV,2019-08-23,167,,,0.5,9,,
AZ_MV,2019-08-23,168,,,6,13,,
AZ_MV,2019-08-23,168,,,5.5,30,,
AZ_MV,2019-08-23,168,,,5,26,,
AZ_MV,2019-08-23,168,,,4.5,23,,
AZ_MV,2019-08-23,168,,,4,16,,
AZ_MV,2019-08-23,168,,,3.5,15,,
AZ_MV,2019-08-23,168,,,3,16,,
AZ_MV,2019-08-23,168,,,2.5,14,,
AZ_MV,2019-08-23,168,,,2,15,,
AZ_MV,2019-08-23,168,,,1.5,15,,
AZ_MV,2019-08-23,168,,,1,9,,
AZ_MV,2019-08-23,168,,,0.5,3,,
AZ_OC,2019-08-03,20,,,14.5,11,,
AZ_OC,2019-08-03,20,,,13.5,23,,
AZ_OC,2019-08-03,20,,,12.5,258,,
AZ_OC,2019-08-03,20,,,11.5,33,,
AZ_OC,2019-08-03,20,,,10.5,18,,
AZ_OC,2019-08-03,20,,,9.5,25,,
AZ_OC,2019-08-03,20,,,8.5,24,,
AZ_OC,2019-08-03,20,,,7.5,20,,
AZ_OC,2019-08-03,20,,,6.5,12,,
AZ_OC,2019-08-03,20,,,5.5,14,,
AZ_OC,2019-08-03,20,,,4.5,47,,
AZ_OC,2019-08-03,20,,,3.5,7,,
AZ_OC,2019-08-03,20,,,2.5,9,,
AZ_OC,2019-08-03,20,,,1.5,0,,
AZ_OC,2019-08-03,20,,,0.5,15,,
AZ_OC,2019-08-03,40,,,10.5,18,,
AZ_OC,2019-08-03,40,,,9.5,33,,
AZ_OC,2019-08-03,40,,,8.5,41,,
AZ_OC,2019-08-03,40,,,7.5,49,,
AZ_OC,2019-08-03,40,,,6.5,57,,
AZ_OC,2019-08-03,40,,,5.5,58,,
AZ_OC,2019-08-03,40,,,4.5,86,,
AZ_OC,2019-08-03,40,,,3.5,61,,
AZ_OC,2019-08-03,40,,,2.5,39,,
AZ_OC,2019-08-03,40,,,1.5,62,,
AZ_OC,2019-08-03,40,,,0.5,26,,
AZ_OC,2019-08-03,60,,,10.5,10,,
AZ_OC,2019-08-03,60,,,9.5,26,,
AZ_OC,2019-08-03,60,,,8.5,23,,
AZ_OC,2019-08-03,60,,,7.5,18,,
AZ_OC,2019-08-03,60,,,6.5,31,,
AZ_OC,2019-08-03,60,,,5.5,40,,
AZ_OC,2019-08-03,60,,,4.5,2,,
AZ_OC,2019-08-03,60,,,3.5,15,,
AZ_OC,2019-08-03,60,,,2.5,6,,
AZ_OC,2019-08-03,60,,,1.5,14,,
AZ_OC,2019-08-03,60,,,0.5,8,,
AZ_OC,2019-08-03,80,,,14,3,,
AZ_OC,2019-08-03,80,,,13,30,,
AZ_OC,2019-08-03,80,,,12,45,,
AZ_OC,2019-08-03,80,,,11,42,,
AZ_OC,2019-08-03,80,,,10,45,,
AZ_OC,2019-08-03,80,,,9,29,,
AZ_OC,2019-08-03,80,,,8,42,,
AZ_OC,2019-08-03,80,,,7,18,,
AZ_OC,2019-08-03,80,,,6,17,,
AZ_OC,2019-08-03,80,,,5,10,,
AZ_OC,2019-08-03,80,,,4,15,,
AZ_OC,2019-08-03,80,,,3,13,,
AZ_OC,2019-08-03,80,,,2,18,,
AZ_OC,2019-08-03,80,,,1,10,,
AZ_OC,2019-08-03,80,,,0,2,,
AZ_OC,2019-08-03,100,,,8,24,,
AZ_OC,2019-08-03,100,,,7.5,27,,
AZ_OC,2019-08-03,100,,,7,35,,
AZ_OC,2019-08-03,100,,,6.5,50,,
AZ_OC,2019-08-03,100,,,6,38,,
AZ_OC,2019-08-03,100,,,5.5,66,,
AZ_OC,2019-08-03,100,,,5,26,,
AZ_OC,2019-08-03,100,,,4.5,23,,
AZ_OC,2019-08-03,100,,,4,44,,
AZ_OC,2019-08-03,100,,,3.5,45,,
AZ_OC,2019-08-03,100,,,3,15,,
AZ_OC,2019-08-03,100,,,2.5,18,,
AZ_OC,2019-08-03,100,,,2,20,,
AZ_OC,2019-08-03,100,,,1.5,3,,
AZ_OC,2019-08-03,100,,,1,8,,
AZ_OC,2019-08-03,120,,,8.5,35,,
AZ_OC,2019-08-03,120,,,8,39,,
AZ_OC,2019-08-03,120,,,7.5,37,,
AZ_OC,2019-08-03,120,,,7,35,,
AZ_OC,2019-08-03,120,,,6.5,31,,
AZ_OC,2019-08-03,120,,,6,40,,
AZ_OC,2019-08-03,120,,,5.5,16,,
AZ_OC,2019-08-03,120,,,5,22,,
AZ_OC,2019-08-03,120,,,4.5,0,,
AZ_OC,2019-08-03,120,,,4,0,,
AZ_OC,2019-08-03,120,,,3.5,40,,
AZ_OC,2019-08-03,120,,,3,32,,
AZ_OC,2019-08-03,120,,,2.5,15,,
AZ_OC,2019-08-03,120,,,2,15,,
AZ_OC,2019-08-03,120,,,1.5,8,,
AZ_OC,2019-08-03,120,,,1,15,,
AZ_OC,2019-08-03,140,,,12.5,38,,
AZ_OC,2019-08-03,140,,,11.5,43,,
AZ_OC,2019-08-03,140,,,10.5,48,,
AZ_OC,2019-08-03,140,,,9.5,33,,
AZ_OC,2019-08-03,140,,,8.5,42,,
AZ_OC,2019-08-03,140,,,7.5,33,,
AZ_OC,2019-08-03,140,,,6.5,28,,
AZ_OC,2019-08-03,140,,,5.5,20,,
AZ_OC,2019-08-03,140,,,4.5,15,,
AZ_OC,2019-08-03,140,,,3.5,15,,
AZ_OC,2019-08-03,140,,,2.5,32,,
AZ_OC,2019-08-03,140,,,1.5,25,,
AZ_OC,2019-08-03,140,,,0.5,11,,
AZ_OC,2019-08-03,160,,,10.5,19,,
AZ_OC,2019-08-03,160,,,9.5,30,,
AZ_OC,2019-08-03,160,,,8.5,32,,
AZ_OC,2019-08-03,160,,,7.5,33,,
AZ_OC,2019-08-03,160,,,6.5,32,,
AZ_OC,2019-08-03,160,,,5.5,35,,
AZ_OC,2019-08-03,160,,,4.5,25,,
AZ_OC,2019-08-03,160,,,3.5,16,,
AZ_OC,2019-08-03,160,,,2.5,26,,
AZ_OC,2019-08-03,160,,,1.5,30,,
AZ_OC,2019-08-03,160,,,0.5,14,,
AZ_OC,2019-08-03,180,,,12.5,16,,
AZ_OC,2019-08-03,180,,,11.5,66,,
AZ_OC,2019-08-03,180,,,10.5,88,,
AZ_OC,2019-08-03,180,,,9.5,84,,
AZ_OC,2019-08-03,180,,,8.5,94,,
AZ_OC,2019-08-03,180,,,7.5,94,,
AZ_OC,2019-08-03,180,,,6.5,95,,
AZ_OC,2019-08-03,180,,,5.5,104,,
AZ_OC,2019-08-03,180,,,4.5,90,,
AZ_OC,2019-08-03,180,,,3.5,74,,
AZ_OC,2019-08-03,180,,,2.5,51,,
AZ_OC,2019-08-03,180,,,1.5,35,,
AZ_OC,2019-08-03,180,,,0.5,8,,
AZ_OC,2019-08-03,200,,,9.5,6,,
AZ_OC,2019-08-03,200,,,8.75,17,,
AZ_OC,2019-08-03,200,,,8,25,,
AZ_OC,2019-08-03,200,,,7.25,38,,
AZ_OC,2019-08-03,200,,,6.5,74,,
AZ_OC,2019-08-03,200,,,5.75,65,,
AZ_OC,2019-08-03,200,,,5,65,,
AZ_OC,2019-08-03,200,,,4.25,55,,
AZ_OC,2019-08-03,200,,,3.5,60,,
AZ_OC,2019-08-03,200,,,2.75,54,,
AZ_OC,2019-08-03,200,,,2,68,,
AZ_OC,2019-08-03,200,,,1.25,61,,
AZ_OC,2019-08-03,200,,,0.5,64,,
AZ_WB,2019-08-03,10,,,9.5,40,,
AZ_WB,2019-08-03,10,,,9,43,,
AZ_WB,2019-08-03,10,,,8.5,31,,
AZ_WB,2019-08-03,10,,,8,27,,
AZ_WB,2019-08-03,10,,,7.5,24,,
AZ_WB,2019-08-03,10,,,7,13,,
AZ_WB,2019-08-03,10,,,6.5,20,,
AZ_WB,2019-08-03,10,,,6,30,,
AZ_WB,2019-08-03,10,,,5.5,19,,
AZ_WB,2019-08-03,10,,,5,12,,
AZ_WB,2019-08-03,10,,,4.5,21,,
AZ_WB,2019-08-03,10,,,4,3,,
AZ_WB,2019-08-03,10,,,3.5,2,,
AZ_WB,2019-08-03,10,,,3,16,,
AZ_WB,2019-08-03,10,,,2.5,13,,
AZ_WB,2019-08-03,10,,,2,6,,
AZ_WB,2019-08-03,10,,,1.5,17,,
AZ_WB,2019-08-03,10,,,1,12,,
AZ_WB,2019-08-03,10,,,0.5,8,,
AZ_WB,2019-08-03,30,,,8.5,29,,
AZ_WB,2019-08-03,30,,,8,23,,
AZ_WB,2019-08-03,30,,,7.5,12,,
AZ_WB,2019-08-03,30,,,7,22,,
AZ_WB,2019-08-03,30,,,6.5,15,,
AZ_WB,2019-08-03,30,,,6,22,,
AZ_WB,2019-08-03,30,,,5.5,21,,
AZ_WB,2019-08-03,30,,,5,22,,
AZ_WB,2019-08-03,30,,,4.5,32,,
AZ_WB,2019-08-03,30,,,4,31,,
AZ_WB,2019-08-03,30,,,3.5,30,,
AZ_WB,2019-08-03,30,,,3,28,,
AZ_WB,2019-08-03,30,,,2.5,29,,
AZ_WB,2019-08-03,30,,,2,21,,
AZ_WB,2019-08-03,30,,,1.5,8,,
AZ_WB,2019-08-03,30,,,1,5,,
AZ_WB,2019-08-03,30,,,0.5,11,,
AZ_WB,2019-08-03,50,,,4.4,3,,
AZ_WB,2019-08-03,50,,,4,25,,
AZ_WB,2019-08-03,50,,,3.6,38,,
AZ_WB,2019-08-03,50,,,3.2,38,,
AZ_WB,2019-08-03,50,,,2.8,32,,
AZ_WB,2019-08-03,50,,,2.4,33,,
AZ_WB,2019-08-03,50,,,2,19,,
AZ_WB,2019-08-03,50,,,1.6,17,,
AZ_WB,2019-08-03,50,,,1.2,15,,
AZ_WB,2019-08-03,50,,,0.8,15,,
AZ_WB,2019-08-03,50,,,0.4,10,,
AZ_WB,2019-08-03,70,,,4,19,,
AZ_WB,2019-08-03,70,,,3.75,34,,
AZ_WB,2019-08-03,70,,,3.5,0,,
AZ_WB,2019-08-03,70,,,3.25,0,,
AZ_WB,2019-08-03,70,,,3,40,,
AZ_WB,2019-08-03,70,,,2.75,44,,
AZ_WB,2019-08-03,70,,,2.5,35,,
AZ_WB,2019-08-03,70,,,2.25,35,,
AZ_WB,2019-08-03,70,,,2,30,,
AZ_WB,2019-08-03,70,,,1.75,23,,
AZ_WB,2019-08-03,70,,,1.5,17,,
AZ_WB,2019-08-03,70,,,1.25,22,,
AZ_WB,2019-08-03,70,,,1,30,,
AZ_WB,2019-08-03,70,,,0.75,6,,
AZ_WB,2019-08-03,70,,,0.5,13,,
AZ_WB,2019-08-03,70,,,0.25,11,,
AZ_WB,2019-08-03,90,,,8.5,2,,
AZ_WB,2019-08-03,90,,,8,14,,
AZ_WB,2019-08-03,90,,,7.5,12,,
AZ_WB,2019-08-03,90,,,7,13,,
AZ_WB,2019-08-03,90,,,6.5,26,,
AZ_WB,2019-08-03,90,,,6,27,,
AZ_WB,2019-08-03,90,,,5.5,23,,
AZ_WB,2019-08-03,90,,,5,26,,
AZ_WB,2019-08-03,90,,,4.5,29,,
AZ_WB,2019-08-03,90,,,4,32,,
AZ_WB,2019-08-03,90,,,3.5,30,,
AZ_WB,2019-08-03,90,,,3,16,,
AZ_WB,2019-08-03,90,,,2.5,0,,
AZ_WB,2019-08-03,90,,,2,6,,
AZ_WB,2019-08-03,90,,,1.5,8,,
AZ_WB,2019-08-03,90,,,1,6,,
AZ_WB,2019-08-03,90,,,0.5,4,,
AZ_WB,2019-08-03,110,,,8.5,7,,
AZ_WB,2019-08-03,110,,,8,10,,
AZ_WB,2019-08-03,110,,,7.5,19,,
AZ_WB,2019-08-03,110,,,7,14,,
AZ_WB,2019-08-03,110,,,6.5,20,,
AZ_WB,2019-08-03,110,,,6,26,,
AZ_WB,2019-08-03,110,,,5.5,30,,
AZ_WB,2019-08-03,110,,,5,43,,
AZ_WB,2019-08-03,110,,,4.5,32,,
AZ_WB,2019-08-03,110,,,4,36,,
AZ_WB,2019-08-03,110,,,3.5,33,,
AZ_WB,2019-08-03,110,,,3,36,,
AZ_WB,2019-08-03,110,,,2.5,31,,
AZ_WB,2019-08-03,110,,,2,23,,
AZ_WB,2019-08-03,110,,,1.5,13,,
AZ_WB,2019-08-03,110,,,1,12,,
AZ_WB,2019-08-03,110,,,0.5,6,,
AZ_WB,2019-08-03,130,,,7,5,,
AZ_WB,2019-08-03,130,,,6.5,15,,
AZ_WB,2019-08-03,130,,,6,22,,
AZ_WB,2019-08-03,130,,,5.5,30,,
AZ_WB,2019-08-03,130,,,5,17,,
AZ_WB,2019-08-03,130,,,4.5,0,,
AZ_WB,2019-08-03,130,,,4,26,,
AZ_WB,2019-08-03,130,,,3.5,37,,
AZ_WB,2019-08-03,130,,,3,8,,
AZ_WB,2019-08-03,130,,,2.5,0,,
AZ_WB,2019-08-03,130,,,2,24,,
AZ_WB,2019-08-03,130,,,1.5,12,,
AZ_WB,2019-08-03,130,,,1,13,,
AZ_WB,2019-08-03,130,,,0.5,2,,
AZ_WB,2019-08-03,150,,,3.75,3,,
AZ_WB,2019-08-03,150,,,3.5,13,,
AZ_WB,2019-08-03,150,,,3.25,15,,
AZ_WB,2019-08-03,150,,,3,11,,
AZ_WB,2019-08-03,150,,,2.75,22,,
AZ_WB,2019-08-03,150,,,2.5,36,,
AZ_WB,2019-08-03,150,,,2.25,22,,
AZ_WB,2019-08-03,150,,,2,23,,
AZ_WB,2019-08-03,150,,,1.75,22,,
AZ_WB,2019-08-03,150,,,1.5,40,,
AZ_WB,2019-08-03,150,,,1.25,46,,
AZ_WB,2019-08-03,150,,,1,42,,
AZ_WB,2019-08-03,150,,,0.75,5,,
AZ_WB,2019-08-03,150,,,0.5,0,,
AZ_WB,2019-08-03,150,,,0.25,7,,
AZ_WB,2019-08-03,170,,,11.5,10,,
AZ_WB,2019-08-03,170,,,11,17,,
AZ_WB,2019-08-03,170,,,10.5,0,,
AZ_WB,2019-08-03,170,,,10,17,,
AZ_WB,2019-08-03,170,,,9.5,10,,
AZ_WB,2019-08-03,170,,,9,25,,
AZ_WB,2019-08-03,170,,,8.5,27,,
AZ_WB,2019-08-03,170,,,8,28,,
AZ_WB,2019-08-03,170,,,7.5,25,,
AZ_WB,2019-08-03,170,,,7,13,,
AZ_WB,2019-08-03,170,,,6.5,11,,
AZ_WB,2019-08-03,170,,,6,18,,
AZ_WB,2019-08-03,170,,,5.5,6,,
AZ_WB,2019-08-03,170,,,5,5,,
AZ_WB,2019-08-03,170,,,4.5,7,,
AZ_WB,2019-08-03,170,,,4,0,,
AZ_WB,2019-08-03,170,,,3.5,0,,
AZ_WB,2019-08-03,170,,,3,0,,
AZ_WB,2019-08-03,170,,,2.5,0,,
AZ_WB,2019-08-03,170,,,2,2,,
AZ_WB,2019-08-03,170,,,1.5,0,,
AZ_WB,2019-08-03,170,,,1,0,,
AZ_WB,2019-08-03,170,,,0.5,0,,
AZ_WB,2019-08-03,190,,,5.5,1,,
AZ_WB,2019-08-03,190,,,5,26,,
AZ_WB,2019-08-03,190,,,4.5,14,,
AZ_WB,2019-08-03,190,,,4,36,,
AZ_WB,2019-08-03,190,,,3.5,29,,
AZ_WB,2019-08-03,190,,,3,19,,
AZ_WB,2019-08-03,190,,,2.5,13,,
AZ_WB,2019-08-03,190,,,2,37,,
AZ_WB,2019-08-03,190,,,1.5,26,,
AZ_WB,2019-08-03,190,,,1,32,,
AZ_WB,2019-08-03,190,,,0.5,22,,
AZ_WB,2019-08-03,190,,,0,12,,
