e.g. NC_MudCreek,YYYY-MM-DD,Meters upstream of logger array (negative for downstream - ideally there should be 100 measurements per transect),Transect latitude in decimal degrees,Transect longitude in decimal degrees,Length of the intermediate axis of a grain (rock fragment of any size) from the bottom of the channel (millimeters),Any notes about these measurements
siteID,date,transect,latitude,longitude,grain_size_mm,notes
AZ_MV,2018-06-22,1100,,,180+,transect_125
AZ_MV,2018-06-22,1100,,,180,transect_125
AZ_MV,2018-06-22,1100,,,45,transect_125
AZ_MV,2018-06-22,1100,,,11,transect_125
AZ_MV,2018-06-22,1100,,,5.6,transect_125
AZ_MV,2018-06-22,1100,,,90,transect_125
AZ_MV,2018-06-22,1100,,,180+,transect_125
AZ_MV,2018-06-22,1100,,,180,transect_125
AZ_MV,2018-06-22,1100,,,11,transect_125
AZ_MV,2018-06-22,1100,,,128,transect_125
AZ_MV,2018-06-22,1100,,,90,transect_125
AZ_MV,2018-06-22,1100,,,11,transect_125
AZ_MV,2018-06-22,1100,,,180,transect_125
AZ_MV,2018-06-22,1100,,,180+,transect_125
AZ_MV,2018-06-22,1100,,,180,transect_125
AZ_MV,2018-06-22,1100,,,64,transect_125
AZ_MV,2018-06-22,1100,,,64,transect_125
AZ_MV,2018-06-22,1100,,,226,transect_125
AZ_MV,2018-06-22,1100,,,128,transect_125
AZ_MV,2018-06-22,1100,,,2.8,transect_125
AZ_MV,2018-06-22,1100,,,22.6,transect_125
AZ_MV,2018-06-22,1100,,,64,transect_125
AZ_MV,2018-06-22,1100,,,2.8,transect_125
AZ_MV,2018-06-22,1100,,,180,transect_125
AZ_MV,2018-06-22,1100,,,128,transect_125
AZ_MV,2018-06-22,1100,,,32,transect_125
AZ_MV,2018-06-22,1100,,,90,transect_125
AZ_MV,2018-06-22,1100,,,2,transect_125
AZ_MV,2018-06-22,1100,,,128,transect_125
AZ_MV,2018-06-22,1100,,,11,transect_125
AZ_MV,2018-06-22,1100,,,16,transect_125
AZ_MV,2018-06-22,1100,,,180,transect_125
AZ_MV,2018-06-22,1100,,,180,transect_125
AZ_MV,2018-06-22,1100,,,2.8,transect_125
AZ_MV,2018-06-22,1100,,,2,transect_125
AZ_MV,2018-06-22,1100,,,64,transect_125
AZ_MV,2018-06-22,1100,,,64,transect_125
AZ_MV,2018-06-22,1100,,,2,transect_125
AZ_MV,2018-06-22,1100,,,90,transect_125
AZ_MV,2018-06-22,1100,,,64,transect_125
AZ_MV,2018-06-22,1100,,,180+,transect_125
AZ_MV,2018-06-22,990,,,180+,transect_126
AZ_MV,2018-06-22,990,,,180,transect_126
AZ_MV,2018-06-22,990,,,128,transect_126
AZ_MV,2018-06-22,990,,,64,transect_126
AZ_MV,2018-06-22,990,,,180+,transect_126
AZ_MV,2018-06-22,990,,,180,transect_126
AZ_MV,2018-06-22,990,,,180+,transect_126
AZ_MV,2018-06-22,990,,,45,transect_126
AZ_MV,2018-06-22,990,,,180,transect_126
AZ_MV,2018-06-22,990,,,180+,transect_126
AZ_MV,2018-06-22,990,,,128,transect_126
AZ_MV,2018-06-22,990,,,128,transect_126
AZ_MV,2018-06-22,990,,,45,transect_126
AZ_MV,2018-06-22,990,,,90,transect_126
AZ_MV,2018-06-22,990,,,90,transect_126
AZ_MV,2018-06-22,990,,,90,transect_126
AZ_MV,2018-06-22,990,,,16,transect_126
AZ_MV,2018-06-22,990,,,180,transect_126
AZ_MV,2018-06-22,990,,,180+,transect_126
AZ_MV,2018-06-22,990,,,90,transect_126
AZ_MV,2018-06-22,990,,,180+,transect_126
AZ_MV,2018-06-22,990,,,64,transect_126
AZ_MV,2018-06-22,990,,,128,transect_126
AZ_MV,2018-06-22,990,,,180,transect_126
AZ_MV,2018-06-22,990,,,22.6,transect_126
AZ_MV,2018-06-22,990,,,180+,transect_126
AZ_MV,2018-06-22,990,,,180,transect_126
AZ_MV,2018-06-22,990,,,128,transect_126
AZ_MV,2018-06-22,990,,,180+,transect_126
AZ_MV,2018-06-22,990,,,90,transect_126
AZ_MV,2018-06-22,990,,,90,transect_126
AZ_MV,2018-06-22,990,,,180+,transect_126
AZ_MV,2018-06-22,990,,,180+,transect_126
AZ_MV,2018-06-22,990,,,90,transect_126
AZ_MV,2018-06-22,990,,,128,transect_126
AZ_MV,2018-06-22,990,,,180,transect_126
AZ_MV,2018-06-22,990,,,90,transect_126
AZ_MV,2018-06-22,990,,,128,transect_126
AZ_MV,2018-06-22,990,,,180+,transect_126
AZ_MV,2018-06-22,990,,,90,transect_126
AZ_MV,2018-06-22,990,,,128,transect_126
AZ_MV,2018-06-22,990,,,90,transect_126
AZ_MV,2018-06-22,990,,,128,transect_126
AZ_MV,2018-06-22,990,,,128,transect_126
AZ_MV,2018-06-22,990,,,180,transect_126
AZ_MV,2018-06-22,990,,,64,transect_126
AZ_MV,2018-06-22,990,,,90,transect_126
AZ_MV,2018-06-22,990,,,180+,transect_126
AZ_MV,2018-06-22,990,,,180,transect_126
AZ_MV,2018-06-22,990,,,90,transect_126
AZ_MV,2018-06-22,890,,,180+,transect_127
AZ_MV,2018-06-22,890,,,180,transect_127
AZ_MV,2018-06-22,890,,,90,transect_127
AZ_MV,2018-06-22,890,,,180,transect_127
AZ_MV,2018-06-22,890,,,64,transect_127
AZ_MV,2018-06-22,890,,,180,transect_127
AZ_MV,2018-06-22,890,,,64,transect_127
AZ_MV,2018-06-22,890,,,180+,transect_127
AZ_MV,2018-06-22,890,,,180,transect_127
AZ_MV,2018-06-22,890,,,180+,transect_127
AZ_MV,2018-06-22,890,,,90,transect_127
AZ_MV,2018-06-22,890,,,180,transect_127
AZ_MV,2018-06-22,890,,,128,transect_127
AZ_MV,2018-06-22,890,,,128,transect_127
AZ_MV,2018-06-22,890,,,180+,transect_127
AZ_MV,2018-06-22,890,,,128,transect_127
AZ_MV,2018-06-22,890,,,128,transect_127
AZ_MV,2018-06-22,890,,,22.6,transect_127
AZ_MV,2018-06-22,890,,,180,transect_127
AZ_MV,2018-06-22,890,,,32,transect_127
AZ_MV,2018-06-22,890,,,64,transect_127
AZ_MV,2018-06-22,890,,,180,transect_127
AZ_MV,2018-06-22,890,,,45,transect_127
AZ_MV,2018-06-22,890,,,90,transect_127
AZ_MV,2018-06-22,890,,,90,transect_127
AZ_MV,2018-06-22,890,,,90,transect_127
AZ_MV,2018-06-22,890,,,180+,transect_127
AZ_MV,2018-06-22,890,,,128,transect_127
AZ_MV,2018-06-22,890,,,22.6,transect_127
AZ_MV,2018-06-22,890,,,180+,transect_127
AZ_MV,2018-06-22,890,,,180+,transect_127
AZ_MV,2018-06-22,890,,,64,transect_127
AZ_MV,2018-06-22,890,,,180,transect_127
AZ_MV,2018-06-22,890,,,128,transect_127
AZ_MV,2018-06-22,890,,,90,transect_127
AZ_MV,2018-06-22,890,,,180+,transect_127
AZ_MV,2018-06-22,890,,,90,transect_127
AZ_MV,2018-06-22,890,,,90,transect_127
AZ_MV,2018-06-22,890,,,45,transect_127
AZ_MV,2018-06-22,890,,,128,transect_127
AZ_MV,2018-06-22,890,,,64,transect_127
AZ_MV,2018-06-22,890,,,180,transect_127
AZ_MV,2018-06-22,890,,,45,transect_127
AZ_MV,2018-06-22,890,,,180+,transect_127
AZ_MV,2018-06-22,890,,,22.6,transect_127
AZ_MV,2018-06-22,890,,,90,transect_127
AZ_MV,2018-06-22,890,,,64,transect_127
AZ_MV,2018-06-22,890,,,64,transect_127
AZ_MV,2018-06-22,890,,,90,transect_127
AZ_MV,2018-06-22,890,,,64,transect_127
AZ_MV,2018-06-22,830,,,180+,transect_128
AZ_MV,2018-06-22,830,,,180+,transect_128
AZ_MV,2018-06-22,830,,,128,transect_128
AZ_MV,2018-06-22,830,,,64,transect_128
AZ_MV,2018-06-22,830,,,90,transect_128
AZ_MV,2018-06-22,830,,,16,transect_128
AZ_MV,2018-06-22,830,,,64,transect_128
AZ_MV,2018-06-22,830,,,90,transect_128
AZ_MV,2018-06-22,830,,,180+,transect_128
AZ_MV,2018-06-22,830,,,180+,transect_128
AZ_MV,2018-06-22,830,,,180+,transect_128
AZ_MV,2018-06-22,830,,,180+,transect_128
AZ_MV,2018-06-22,830,,,180+,transect_128
AZ_MV,2018-06-22,830,,,180,transect_128
AZ_MV,2018-06-22,830,,,180+,transect_128
AZ_MV,2018-06-22,830,,,180+,transect_128
AZ_MV,2018-06-22,830,,,180+,transect_128
AZ_MV,2018-06-22,830,,,22.6,transect_128
AZ_MV,2018-06-22,830,,,180+,transect_128
AZ_MV,2018-06-22,830,,,180,transect_128
AZ_MV,2018-06-22,830,,,180+,transect_128
AZ_MV,2018-06-22,830,,,128,transect_128
AZ_MV,2018-06-22,830,,,64,transect_128
AZ_MV,2018-06-22,830,,,180+,transect_128
AZ_MV,2018-06-22,830,,,180+,transect_128
AZ_MV,2018-06-22,830,,,180,transect_128
AZ_MV,2018-06-22,830,,,128,transect_128
AZ_MV,2018-06-22,830,,,180+,transect_128
AZ_MV,2018-06-22,830,,,180+,transect_128
AZ_MV,2018-06-22,830,,,16,transect_128
AZ_MV,2018-06-22,830,,,180+,transect_128
AZ_MV,2018-06-22,830,,,180+,transect_128
AZ_MV,2018-06-22,830,,,180,transect_128
AZ_MV,2018-06-22,830,,,22.6,transect_128
AZ_MV,2018-06-22,830,,,128,transect_128
AZ_MV,2018-06-22,830,,,180+,transect_128
AZ_MV,2018-06-22,830,,,128,transect_128
AZ_MV,2018-06-22,830,,,180,transect_128
AZ_MV,2018-06-22,830,,,90,transect_128
AZ_MV,2018-06-22,830,,,180+,transect_128
AZ_MV,2018-06-22,830,,,90,transect_128
AZ_MV,2018-06-22,830,,,90,transect_128
AZ_MV,2018-06-22,830,,,180+,transect_128
AZ_MV,2018-06-22,830,,,180+,transect_128
AZ_MV,2018-06-22,830,,,180+,transect_128
AZ_MV,2018-06-22,830,,,90,transect_128
AZ_MV,2018-06-22,830,,,180+,transect_128
AZ_MV,2018-06-22,830,,,180,transect_128
AZ_MV,2018-06-22,830,,,22.6,transect_128
AZ_MV,2018-06-22,830,,,128,transect_128
AZ_MV,2018-06-22,670,,,64,transect_129
AZ_MV,2018-06-22,670,,,64,transect_129
AZ_MV,2018-06-22,670,,,36,transect_129
AZ_MV,2018-06-22,670,,,2,transect_129
AZ_MV,2018-06-22,670,,,64,transect_129
AZ_MV,2018-06-22,670,,,180+,transect_129
AZ_MV,2018-06-22,670,,,128,transect_129
AZ_MV,2018-06-22,670,,,4,transect_129
AZ_MV,2018-06-22,670,,,2,transect_129
AZ_MV,2018-06-22,670,,,180+,transect_129
AZ_MV,2018-06-22,670,,,180+,transect_129
AZ_MV,2018-06-22,670,,,64,transect_129
AZ_MV,2018-06-22,670,,,22.6,transect_129
AZ_MV,2018-06-22,670,,,4,transect_129
AZ_MV,2018-06-22,670,,,180,transect_129
AZ_MV,2018-06-22,670,,,4,transect_129
AZ_MV,2018-06-22,670,,,180+,transect_129
AZ_MV,2018-06-22,670,,,22.6,transect_129
AZ_MV,2018-06-22,670,,,64,transect_129
AZ_MV,2018-06-22,670,,,180,transect_129
AZ_MV,2018-06-22,670,,,128,transect_129
AZ_MV,2018-06-22,670,,,22.6,transect_129
AZ_MV,2018-06-22,670,,,<2,transect_129
AZ_MV,2018-06-22,670,,,5.6,transect_129
AZ_MV,2018-06-22,670,,,180+,transect_129
AZ_MV,2018-06-22,670,,,180+,transect_129
AZ_MV,2018-06-22,670,,,32,transect_129
AZ_MV,2018-06-22,670,,,<2,transect_129
AZ_MV,2018-06-22,670,,,90,transect_129
AZ_MV,2018-06-22,670,,,22.6,transect_129
AZ_MV,2018-06-22,670,,,180+,transect_129
AZ_MV,2018-06-22,670,,,4,transect_129
AZ_MV,2018-06-22,670,,,<2,transect_129
AZ_MV,2018-06-22,670,,,64,transect_129
AZ_MV,2018-06-22,670,,,128,transect_129
AZ_MV,2018-06-22,670,,,180+,transect_129
AZ_MV,2018-06-22,670,,,4,transect_129
AZ_MV,2018-06-22,670,,,<2,transect_129
AZ_MV,2018-06-22,670,,,22.6,transect_129
AZ_MV,2018-06-22,670,,,22.6,transect_129
AZ_MV,2018-06-22,670,,,90,transect_129
AZ_MV,2018-06-22,670,,,5.6,transect_129
AZ_MV,2018-06-22,670,,,<2,transect_129
AZ_MV,2018-06-22,670,,,64,transect_129
AZ_MV,2018-06-22,670,,,90,transect_129
AZ_MV,2018-06-22,670,,,128,transect_129
AZ_MV,2018-06-22,670,,,22.6,transect_129
AZ_MV,2018-06-22,670,,,<2,transect_129
AZ_MV,2018-06-22,670,,,32,transect_129
AZ_MV,2018-06-22,670,,,64,transect_129
AZ_MV,2018-06-26,515,,,<2,transect_130
AZ_MV,2018-06-22,515,,,11,transect_130
AZ_MV,2018-06-22,515,,,180+,transect_130
AZ_MV,2018-06-22,515,,,32,transect_130
AZ_MV,2018-06-22,515,,,90,transect_130
AZ_MV,2018-06-22,515,,,<2,transect_130
AZ_MV,2018-06-22,515,,,90,transect_130
AZ_MV,2018-06-22,515,,,11,transect_130
AZ_MV,2018-06-22,515,,,64,transect_130
AZ_MV,2018-06-22,515,,,16,transect_130
AZ_MV,2018-06-22,515,,,180+,transect_130
AZ_MV,2018-06-22,515,,,22.6,transect_130
AZ_MV,2018-06-22,515,,,45,transect_130
AZ_MV,2018-06-22,515,,,22.6,transect_130
AZ_MV,2018-06-22,515,,,180,transect_130
AZ_MV,2018-06-22,515,,,<2,transect_130
AZ_MV,2018-06-22,515,,,45,transect_130
AZ_MV,2018-06-22,515,,,45,transect_130
AZ_MV,2018-06-22,515,,,32,transect_130
AZ_MV,2018-06-22,515,,,64,transect_130
AZ_MV,2018-06-22,515,,,<2,transect_130
AZ_MV,2018-06-22,515,,,180+,transect_130
AZ_MV,2018-06-22,515,,,180+,transect_130
AZ_MV,2018-06-22,515,,,<2,transect_130
AZ_MV,2018-06-22,515,,,128,transect_130
AZ_MV,2018-06-22,515,,,180+,transect_130
AZ_MV,2018-06-22,515,,,90,transect_130
AZ_MV,2018-06-22,515,,,45,transect_130
AZ_MV,2018-06-22,515,,,<2,transect_130
AZ_MV,2018-06-22,515,,,90,transect_130
AZ_MV,2018-06-22,515,,,11,transect_130
AZ_MV,2018-06-22,515,,,8,transect_130
AZ_MV,2018-06-22,515,,,64,transect_130
AZ_MV,2018-06-22,515,,,<2,transect_130
AZ_MV,2018-06-22,515,,,5.6,transect_130
AZ_MV,2018-06-22,515,,,<2,transect_130
AZ_MV,2018-06-22,515,,,16,transect_130
AZ_MV,2018-06-22,515,,,11,transect_130
AZ_MV,2018-06-22,515,,,<2,transect_130
AZ_MV,2018-06-22,515,,,<2,transect_130
AZ_MV,2018-06-22,515,,,180,transect_130
AZ_MV,2018-06-22,515,,,11,transect_130
AZ_MV,2018-06-22,515,,,32,transect_130
AZ_MV,2018-06-22,515,,,<2,transect_130
AZ_MV,2018-06-22,515,,,180+,transect_130
AZ_MV,2018-06-22,515,,,90,transect_130
AZ_MV,2018-06-22,515,,,90,transect_130
AZ_MV,2018-06-22,515,,,4,transect_130
AZ_MV,2018-06-22,515,,,<2,transect_130
AZ_MV,2018-06-22,515,,,16,transect_130
AZ_MV,2018-06-22,375,,,<2,transect_131
AZ_MV,2018-06-22,375,,,22.6,transect_131
AZ_MV,2018-06-22,375,,,4,transect_131
AZ_MV,2018-06-22,375,,,8,transect_131
AZ_MV,2018-06-22,375,,,4,transect_131
AZ_MV,2018-06-22,375,,,<2,transect_131
AZ_MV,2018-06-22,375,,,32,transect_131
AZ_MV,2018-06-22,375,,,11,transect_131
AZ_MV,2018-06-22,375,,,11,transect_131
AZ_MV,2018-06-22,375,,,90,transect_131
AZ_MV,2018-06-22,375,,,128,transect_131
AZ_MV,2018-06-22,375,,,64,transect_131
AZ_MV,2018-06-22,375,,,16,transect_131
AZ_MV,2018-06-22,375,,,128,transect_131
AZ_MV,2018-06-22,375,,,4,transect_131
AZ_MV,2018-06-22,375,,,<2,transect_131
AZ_MV,2018-06-22,375,,,128,transect_131
AZ_MV,2018-06-22,375,,,5.6,transect_131
AZ_MV,2018-06-22,375,,,22.6,transect_131
AZ_MV,2018-06-22,375,,,32,transect_131
AZ_MV,2018-06-22,375,,,<2,transect_131
AZ_MV,2018-06-22,375,,,90,transect_131
AZ_MV,2018-06-22,375,,,45,transect_131
AZ_MV,2018-06-22,375,,,90,transect_131
AZ_MV,2018-06-22,375,,,16,transect_131
AZ_MV,2018-06-22,375,,,11,transect_131
AZ_MV,2018-06-22,375,,,22.6,transect_131
AZ_MV,2018-06-22,375,,,16,transect_131
AZ_MV,2018-06-22,375,,,64,transect_131
AZ_MV,2018-06-22,375,,,<2,transect_131
AZ_MV,2018-06-22,375,,,<2,transect_131
AZ_MV,2018-06-22,375,,,45,transect_131
AZ_MV,2018-06-22,375,,,8,transect_131
AZ_MV,2018-06-22,375,,,128,transect_131
AZ_MV,2018-06-22,375,,,<2,transect_131
AZ_MV,2018-06-22,375,,,64,transect_131
AZ_MV,2018-06-22,375,,,22.6,transect_131
AZ_MV,2018-06-22,375,,,45,transect_131
AZ_MV,2018-06-22,375,,,22.6,transect_131
AZ_MV,2018-06-22,375,,,2.8,transect_131
AZ_MV,2018-06-22,375,,,16,transect_131
AZ_MV,2018-06-22,375,,,128,transect_131
AZ_MV,2018-06-22,375,,,11,transect_131
AZ_MV,2018-06-22,375,,,11,transect_131
AZ_MV,2018-06-22,375,,,4,transect_131
AZ_MV,2018-06-22,375,,,64,transect_131
AZ_MV,2018-06-22,375,,,45,transect_131
AZ_MV,2018-06-22,375,,,64,transect_131
AZ_MV,2018-06-22,375,,,5.6,transect_131
AZ_MV,2018-06-22,375,,,128,transect_131
AZ_MV,2018-06-22,285,,,128,transect_133
AZ_MV,2018-06-22,285,,,64,transect_133
AZ_MV,2018-06-22,285,,,64,transect_133
AZ_MV,2018-06-22,285,,,180+,transect_133
AZ_MV,2018-06-22,285,,,64,transect_133
AZ_MV,2018-06-22,285,,,180,transect_133
AZ_MV,2018-06-22,285,,,180,transect_133
AZ_MV,2018-06-22,285,,,90,transect_133
AZ_MV,2018-06-22,285,,,180,transect_133
AZ_MV,2018-06-22,285,,,90,transect_133
AZ_MV,2018-06-22,285,,,64,transect_133
AZ_MV,2018-06-22,285,,,64,transect_133
AZ_MV,2018-06-22,285,,,90,transect_133
AZ_MV,2018-06-22,285,,,180,transect_133
AZ_MV,2018-06-22,285,,,64,transect_133
AZ_MV,2018-06-22,285,,,128,transect_133
AZ_MV,2018-06-22,285,,,64,transect_133
AZ_MV,2018-06-22,285,,,180+,transect_133
AZ_MV,2018-06-22,285,,,22.6,transect_133
AZ_MV,2018-06-22,285,,,180,transect_133
AZ_MV,2018-06-22,285,,,128,transect_133
AZ_MV,2018-06-22,285,,,90,transect_133
AZ_MV,2018-06-22,285,,,90,transect_133
AZ_MV,2018-06-22,285,,,64,transect_133
AZ_MV,2018-06-22,285,,,128,transect_133
AZ_MV,2018-06-22,285,,,90,transect_133
AZ_MV,2018-06-22,285,,,180+,transect_133
AZ_MV,2018-06-22,285,,,180,transect_133
AZ_MV,2018-06-22,285,,,11,transect_133
AZ_MV,2018-06-22,285,,,128,transect_133
AZ_MV,2018-06-22,285,,,180,transect_133
AZ_MV,2018-06-22,285,,,64,transect_133
AZ_MV,2018-06-22,285,,,180+,transect_133
AZ_MV,2018-06-22,285,,,90,transect_133
AZ_MV,2018-06-22,285,,,90,transect_133
AZ_MV,2018-06-22,285,,,64,transect_133
AZ_MV,2018-06-22,285,,,128,transect_133
AZ_MV,2018-06-22,285,,,128,transect_133
AZ_MV,2018-06-22,285,,,22.6,transect_133
AZ_MV,2018-06-22,285,,,45,transect_133
AZ_MV,2018-06-22,285,,,180+,transect_133
AZ_MV,2018-06-22,285,,,90,transect_133
AZ_MV,2018-06-22,285,,,180+,transect_133
AZ_MV,2018-06-22,285,,,16,transect_133
AZ_MV,2018-06-22,285,,,45,transect_133
AZ_MV,2018-06-22,285,,,90,transect_133
AZ_MV,2018-06-22,285,,,45,transect_133
AZ_MV,2018-06-22,285,,,128,transect_133
AZ_MV,2018-06-22,285,,,128,transect_133
AZ_MV,2018-06-22,285,,,64,transect_133
AZ_MV,2018-06-22,240,,,64,transect_134
AZ_MV,2018-06-22,240,,,180+,transect_134
AZ_MV,2018-06-22,240,,,128,transect_134
AZ_MV,2018-06-22,240,,,4,transect_134
AZ_MV,2018-06-22,240,,,128,transect_134
AZ_MV,2018-06-22,240,,,45,transect_134
AZ_MV,2018-06-22,240,,,128,transect_134
AZ_MV,2018-06-22,240,,,<2,transect_134
AZ_MV,2018-06-22,240,,,<2,transect_134
AZ_MV,2018-06-22,240,,,128,transect_134
AZ_MV,2018-06-22,240,,,45,transect_134
AZ_MV,2018-06-22,240,,,180+,transect_134
AZ_MV,2018-06-22,240,,,180+,transect_134
AZ_MV,2018-06-22,240,,,128,transect_134
AZ_MV,2018-06-22,240,,,180,transect_134
AZ_MV,2018-06-22,240,,,180,transect_134
AZ_MV,2018-06-22,240,,,180+,transect_134
AZ_MV,2018-06-22,240,,,32,transect_134
AZ_MV,2018-06-22,240,,,90,transect_134
AZ_MV,2018-06-22,240,,,128,transect_134
AZ_MV,2018-06-22,240,,,90,transect_134
AZ_MV,2018-06-22,240,,,64,transect_134
AZ_MV,2018-06-22,240,,,2.8,transect_134
AZ_MV,2018-06-22,240,,,45,transect_134
AZ_MV,2018-06-22,240,,,64,transect_134
AZ_MV,2018-06-22,240,,,32,transect_134
AZ_MV,2018-06-22,240,,,180,transect_134
AZ_MV,2018-06-22,240,,,4,transect_134
AZ_MV,2018-06-22,240,,,45,transect_134
AZ_MV,2018-06-22,240,,,90,transect_134
AZ_MV,2018-06-22,240,,,45,transect_134
AZ_MV,2018-06-22,240,,,180,transect_134
AZ_MV,2018-06-22,240,,,16,transect_134
AZ_MV,2018-06-22,240,,,128,transect_134
AZ_MV,2018-06-22,240,,,128,transect_134
AZ_MV,2018-06-22,240,,,45,transect_134
AZ_MV,2018-06-22,240,,,128,transect_134
AZ_MV,2018-06-22,240,,,11,transect_134
AZ_MV,2018-06-22,240,,,128,transect_134
AZ_MV,2018-06-22,240,,,11,transect_134
AZ_MV,2018-06-22,240,,,180+,transect_134
AZ_MV,2018-06-22,240,,,64,transect_134
AZ_MV,2018-06-22,240,,,<2,transect_134
AZ_MV,2018-06-22,240,,,180,transect_134
AZ_MV,2018-06-22,240,,,16,transect_134
AZ_MV,2018-06-22,240,,,90,transect_134
AZ_MV,2018-06-22,240,,,128,transect_134
AZ_MV,2018-06-22,240,,,5.6,transect_134
AZ_MV,2018-06-22,240,,,90,transect_134
AZ_MV,2018-06-22,240,,,90,transect_134
AZ_MV,2018-06-22,115,,,90,transect_135
AZ_MV,2018-06-22,115,,,90,transect_135
AZ_MV,2018-06-22,115,,,128,transect_135
AZ_MV,2018-06-22,115,,,45,transect_135
AZ_MV,2018-06-22,115,,,90,transect_135
AZ_MV,2018-06-22,115,,,180,transect_135
AZ_MV,2018-06-22,115,,,45,transect_135
AZ_MV,2018-06-22,115,,,128,transect_135
AZ_MV,2018-06-22,115,,,64,transect_135
AZ_MV,2018-06-22,115,,,64,transect_135
AZ_MV,2018-06-22,115,,,128,transect_135
AZ_MV,2018-06-22,115,,,128,transect_135
AZ_MV,2018-06-22,115,,,32,transect_135
AZ_MV,2018-06-22,115,,,128,transect_135
AZ_MV,2018-06-22,115,,,64,transect_135
AZ_MV,2018-06-22,115,,,90,transect_135
AZ_MV,2018-06-22,115,,,64,transect_135
AZ_MV,2018-06-22,115,,,64,transect_135
AZ_MV,2018-06-22,115,,,180,transect_135
AZ_MV,2018-06-22,115,,,32,transect_135
AZ_MV,2018-06-22,115,,,90,transect_135
AZ_MV,2018-06-22,115,,,64,transect_135
AZ_MV,2018-06-22,115,,,45,transect_135
AZ_MV,2018-06-22,115,,,64,transect_135
AZ_MV,2018-06-22,115,,,64,transect_135
AZ_MV,2018-06-22,115,,,128,transect_135
AZ_MV,2018-06-22,115,,,90,transect_135
AZ_MV,2018-06-22,115,,,45,transect_135
AZ_MV,2018-06-22,115,,,90,transect_135
AZ_MV,2018-06-22,115,,,90,transect_135
AZ_MV,2018-06-22,115,,,128,transect_135
AZ_MV,2018-06-22,115,,,180,transect_135
AZ_MV,2018-06-22,115,,,64,transect_135
AZ_MV,2018-06-22,115,,,90,transect_135
AZ_MV,2018-06-22,115,,,90,transect_135
AZ_MV,2018-06-22,115,,,180,transect_135
AZ_MV,2018-06-22,115,,,128,transect_135
AZ_MV,2018-06-22,115,,,45,transect_135
AZ_MV,2018-06-22,115,,,64,transect_135
AZ_MV,2018-06-22,115,,,180,transect_135
AZ_MV,2018-06-22,115,,,64,transect_135
AZ_MV,2018-06-22,115,,,64,transect_135
AZ_MV,2018-06-22,115,,,45,transect_135
AZ_MV,2018-06-22,115,,,90,transect_135
AZ_MV,2018-06-22,115,,,128,transect_135
AZ_MV,2018-06-22,115,,,45,transect_135
AZ_MV,2018-06-22,115,,,90,transect_135
AZ_MV,2018-06-22,115,,,90,transect_135
AZ_MV,2018-06-22,115,,,22.6,transect_135
AZ_MV,2018-06-22,115,,,45,transect_135
AZ_OC,2018-07-02,294,,,180+,transect_146
AZ_OC,2018-07-02,294,,,Bedrock,transect_146
AZ_OC,2018-07-02,294,,,Bedrock,transect_146
AZ_OC,2018-07-02,294,,,Bedrock,transect_146
AZ_OC,2018-07-02,294,,,Bedrock,transect_146
AZ_OC,2018-07-02,294,,,Bedrock,transect_146
AZ_OC,2018-07-02,294,,,Bedrock,transect_146
AZ_OC,2018-07-02,294,,,90,transect_146
AZ_OC,2018-07-02,294,,,Bedrock,transect_146
AZ_OC,2018-07-02,294,,,Bedrock,transect_146
AZ_OC,2018-07-02,294,,,Bedrock,transect_146
AZ_OC,2018-07-02,294,,,128,transect_146
AZ_OC,2018-07-02,294,,,Bedrock,transect_146
AZ_OC,2018-07-02,294,,,64,transect_146
AZ_OC,2018-07-02,294,,,Bedrock,transect_146
AZ_OC,2018-07-02,294,,,Bedrock,transect_146
AZ_OC,2018-07-02,294,,,90,transect_146
AZ_OC,2018-07-02,294,,,Bedrock,transect_146
AZ_OC,2018-07-02,294,,,Bedrock,transect_146
AZ_OC,2018-07-02,294,,,Bedrock,transect_146
AZ_OC,2018-07-02,294,,,Bedrock,transect_146
AZ_OC,2018-07-02,294,,,Bedrock,transect_146
AZ_OC,2018-07-02,294,,,Bedrock,transect_146
AZ_OC,2018-07-02,294,,,Bedrock,transect_146
AZ_OC,2018-07-02,294,,,45,transect_146
AZ_OC,2018-07-02,294,,,Bedrock,transect_146
AZ_OC,2018-07-02,294,,,Bedrock,transect_146
AZ_OC,2018-07-02,294,,,Bedrock,transect_146
AZ_OC,2018-07-02,294,,,Bedrock,transect_146
AZ_OC,2018-07-02,294,,,Bedrock,transect_146
AZ_OC,2018-07-02,294,,,Bedrock,transect_146
AZ_OC,2018-07-02,294,,,Bedrock,transect_146
AZ_OC,2018-07-02,294,,,Bedrock,transect_146
AZ_OC,2018-07-02,294,,,Bedrock,transect_146
AZ_OC,2018-07-02,294,,,Bedrock,transect_146
AZ_OC,2018-07-02,294,,,Bedrock,transect_146
AZ_OC,2018-07-02,294,,,Bedrock,transect_146
AZ_OC,2018-07-02,294,,,Bedrock,transect_146
AZ_OC,2018-07-02,294,,,45,transect_146
AZ_OC,2018-07-02,294,,,Bedrock,transect_146
AZ_OC,2018-07-02,294,,,Bedrock,transect_146
AZ_OC,2018-07-02,294,,,Bedrock,transect_146
AZ_OC,2018-07-02,294,,,Bedrock,transect_146
AZ_OC,2018-07-02,294,,,Bedrock,transect_146
AZ_OC,2018-07-02,294,,,180+,transect_146
AZ_OC,2018-07-02,294,,,Bedrock,transect_146
AZ_OC,2018-07-02,294,,,Bedrock,transect_146
AZ_OC,2018-07-02,294,,,Bedrock,transect_146
AZ_OC,2018-07-02,294,,,Bedrock,transect_146
AZ_OC,2018-07-02,294,,,180+,transect_146
AZ_OC,2018-07-02,264,,,180+,transect_147
AZ_OC,2018-07-02,264,,,45,transect_147
AZ_OC,2018-07-02,264,,,180+,transect_147
AZ_OC,2018-07-02,264,,,22.6,transect_147
AZ_OC,2018-07-02,264,,,16,transect_147
AZ_OC,2018-07-02,264,,,90,transect_147
AZ_OC,2018-07-02,264,,,90,transect_147
AZ_OC,2018-07-02,264,,,128,transect_147
AZ_OC,2018-07-02,264,,,64,transect_147
AZ_OC,2018-07-02,264,,,128,transect_147
AZ_OC,2018-07-02,264,,,180,transect_147
AZ_OC,2018-07-02,264,,,180+,transect_147
AZ_OC,2018-07-02,264,,,180,transect_147
AZ_OC,2018-07-02,264,,,64,transect_147
AZ_OC,2018-07-02,264,,,11,transect_147
AZ_OC,2018-07-02,264,,,180+,transect_147
AZ_OC,2018-07-02,264,,,90,transect_147
AZ_OC,2018-07-02,264,,,64,transect_147
AZ_OC,2018-07-02,264,,,64,transect_147
AZ_OC,2018-07-02,264,,,180+,transect_147
AZ_OC,2018-07-02,264,,,180+,transect_147
AZ_OC,2018-07-02,264,,,128,transect_147
AZ_OC,2018-07-02,264,,,180+,transect_147
AZ_OC,2018-07-02,264,,,90,transect_147
AZ_OC,2018-07-02,264,,,90,transect_147
AZ_OC,2018-07-02,264,,,32,transect_147
AZ_OC,2018-07-02,264,,,180,transect_147
AZ_OC,2018-07-02,264,,,90,transect_147
AZ_OC,2018-07-02,264,,,64,transect_147
AZ_OC,2018-07-02,264,,,32,transect_147
AZ_OC,2018-07-02,264,,,90,transect_147
AZ_OC,2018-07-02,264,,,180+,transect_147
AZ_OC,2018-07-02,264,,,90,transect_147
AZ_OC,2018-07-02,264,,,32,transect_147
AZ_OC,2018-07-02,264,,,45,transect_147
AZ_OC,2018-07-02,264,,,64,transect_147
AZ_OC,2018-07-02,264,,,32,transect_147
AZ_OC,2018-07-02,264,,,180,transect_147
AZ_OC,2018-07-02,264,,,128,transect_147
AZ_OC,2018-07-02,264,,,64,transect_147
AZ_OC,2018-07-02,264,,,180,transect_147
AZ_OC,2018-07-02,264,,,90,transect_147
AZ_OC,2018-07-02,264,,,180+,transect_147
AZ_OC,2018-07-02,264,,,90,transect_147
AZ_OC,2018-07-02,264,,,90,transect_147
AZ_OC,2018-07-02,264,,,64,transect_147
AZ_OC,2018-07-02,264,,,32,transect_147
AZ_OC,2018-07-02,264,,,180+,transect_147
AZ_OC,2018-07-02,264,,,32,transect_147
AZ_OC,2018-07-02,264,,,64,transect_147
AZ_OC,2018-07-02,229,,,180+,transect_151
AZ_OC,2018-07-02,229,,,180,transect_151
AZ_OC,2018-07-02,229,,,5.6,transect_151
AZ_OC,2018-07-02,229,,,180+,transect_151
AZ_OC,2018-07-02,229,,,<2,transect_151
AZ_OC,2018-07-02,229,,,<2,transect_151
AZ_OC,2018-07-02,229,,,128,transect_151
AZ_OC,2018-07-02,229,,,4,transect_151
AZ_OC,2018-07-02,229,,,180+,transect_151
AZ_OC,2018-07-02,229,,,<2,transect_151
AZ_OC,2018-07-02,229,,,<2,transect_151
AZ_OC,2018-07-02,229,,,180,transect_151
AZ_OC,2018-07-02,229,,,2.8,transect_151
AZ_OC,2018-07-02,229,,,128,transect_151
AZ_OC,2018-07-02,229,,,180+,transect_151
AZ_OC,2018-07-02,229,,,180+,transect_151
AZ_OC,2018-07-02,229,,,Bedrock,transect_151
AZ_OC,2018-07-02,229,,,2.8,transect_151
AZ_OC,2018-07-02,229,,,90,transect_151
AZ_OC,2018-07-02,229,,,<2,transect_151
AZ_OC,2018-07-02,229,,,180+,transect_151
AZ_OC,2018-07-02,229,,,Bedrock,transect_151
AZ_OC,2018-07-02,229,,,180+,transect_151
AZ_OC,2018-07-02,229,,,128,transect_151
AZ_OC,2018-07-02,229,,,128,transect_151
AZ_OC,2018-07-02,229,,,<2,transect_151
AZ_OC,2018-07-02,229,,,Bedrock,transect_151
AZ_OC,2018-07-02,229,,,2.8,transect_151
AZ_OC,2018-07-02,229,,,128,transect_151
AZ_OC,2018-07-02,229,,,180+,transect_151
AZ_OC,2018-07-02,229,,,<2,transect_151
AZ_OC,2018-07-02,229,,,180+,transect_151
AZ_OC,2018-07-02,229,,,4,transect_151
AZ_OC,2018-07-02,229,,,90,transect_151
AZ_OC,2018-07-02,229,,,180,transect_151
AZ_OC,2018-07-02,229,,,180+,transect_151
AZ_OC,2018-07-02,229,,,180+,transect_151
AZ_OC,2018-07-02,229,,,5.6,transect_151
AZ_OC,2018-07-02,229,,,180,transect_151
AZ_OC,2018-07-02,229,,,<2,transect_151
AZ_OC,2018-07-02,229,,,<2,transect_151
AZ_OC,2018-07-02,229,,,8,transect_151
AZ_OC,2018-07-02,229,,,180+,transect_151
AZ_OC,2018-07-02,229,,,180+,transect_151
AZ_OC,2018-07-02,229,,,<2,transect_151
AZ_OC,2018-07-02,229,,,180+,transect_151
AZ_OC,2018-07-02,229,,,11,transect_151
AZ_OC,2018-07-02,229,,,Bedrock,transect_151
AZ_OC,2018-07-02,229,,,180+,transect_151
AZ_OC,2018-07-02,229,,,180+,transect_151
AZ_OC,2018-07-02,209,,,180+,transect_152
AZ_OC,2018-07-02,209,,,64,transect_152
AZ_OC,2018-07-02,209,,,180+,transect_152
AZ_OC,2018-07-02,209,,,<2,transect_152
AZ_OC,2018-07-02,209,,,180+,transect_152
AZ_OC,2018-07-02,209,,,180+,transect_152
AZ_OC,2018-07-02,209,,,180+,transect_152
AZ_OC,2018-07-02,209,,,180+,transect_152
AZ_OC,2018-07-02,209,,,<2,transect_152
AZ_OC,2018-07-02,209,,,<2,transect_152
AZ_OC,2018-07-02,209,,,45,transect_152
AZ_OC,2018-07-02,209,,,90,transect_152
AZ_OC,2018-07-02,209,,,180+,transect_152
AZ_OC,2018-07-02,209,,,180+,transect_152
AZ_OC,2018-07-02,209,,,90,transect_152
AZ_OC,2018-07-02,209,,,<2,transect_152
AZ_OC,2018-07-02,209,,,128,transect_152
AZ_OC,2018-07-02,209,,,<2,transect_152
AZ_OC,2018-07-02,209,,,<2,transect_152
AZ_OC,2018-07-02,209,,,180,transect_152
AZ_OC,2018-07-02,209,,,180+,transect_152
AZ_OC,2018-07-02,209,,,45,transect_152
AZ_OC,2018-07-02,209,,,<2,transect_152
AZ_OC,2018-07-02,209,,,180,transect_152
AZ_OC,2018-07-02,209,,,<2,transect_152
AZ_OC,2018-07-02,209,,,180+,transect_152
AZ_OC,2018-07-02,209,,,128,transect_152
AZ_OC,2018-07-02,209,,,<2,transect_152
AZ_OC,2018-07-02,209,,,90,transect_152
AZ_OC,2018-07-02,209,,,64,transect_152
AZ_OC,2018-07-02,209,,,<2,transect_152
AZ_OC,2018-07-02,209,,,128,transect_152
AZ_OC,2018-07-02,209,,,<2,transect_152
AZ_OC,2018-07-02,209,,,<2,transect_152
AZ_OC,2018-07-02,209,,,128,transect_152
AZ_OC,2018-07-02,209,,,180,transect_152
AZ_OC,2018-07-02,209,,,180+,transect_152
AZ_OC,2018-07-02,209,,,<2,transect_152
AZ_OC,2018-07-02,209,,,128,transect_152
AZ_OC,2018-07-02,209,,,<2,transect_152
AZ_OC,2018-07-02,209,,,<2,transect_152
AZ_OC,2018-07-02,209,,,64,transect_152
AZ_OC,2018-07-02,209,,,180+,transect_152
AZ_OC,2018-07-02,209,,,180,transect_152
AZ_OC,2018-07-02,209,,,<2,transect_152
AZ_OC,2018-07-02,209,,,<2,transect_152
AZ_OC,2018-07-02,209,,,180+,transect_152
AZ_OC,2018-07-02,209,,,180+,transect_152
AZ_OC,2018-07-02,209,,,<2,transect_152
AZ_OC,2018-07-02,209,,,180+,transect_152
AZ_OC,2018-07-02,182,,,180+,transect_153
AZ_OC,2018-07-02,182,,,128,transect_153
AZ_OC,2018-07-02,182,,,180+,transect_153
AZ_OC,2018-07-02,182,,,180+,transect_153
AZ_OC,2018-07-02,182,,,180+,transect_153
AZ_OC,2018-07-02,182,,,180+,transect_153
AZ_OC,2018-07-02,182,,,180,transect_153
AZ_OC,2018-07-02,182,,,180+,transect_153
AZ_OC,2018-07-02,182,,,180+,transect_153
AZ_OC,2018-07-02,182,,,90,transect_153
AZ_OC,2018-07-02,182,,,180+,transect_153
AZ_OC,2018-07-02,182,,,180+,transect_153
AZ_OC,2018-07-02,182,,,180+,transect_153
AZ_OC,2018-07-02,182,,,22.6,transect_153
AZ_OC,2018-07-02,182,,,45,transect_153
AZ_OC,2018-07-02,182,,,180+,transect_153
AZ_OC,2018-07-02,182,,,90,transect_153
AZ_OC,2018-07-02,182,,,128,transect_153
AZ_OC,2018-07-02,182,,,90,transect_153
AZ_OC,2018-07-02,182,,,180,transect_153
AZ_OC,2018-07-02,182,,,180+,transect_153
AZ_OC,2018-07-02,182,,,90,transect_153
AZ_OC,2018-07-02,182,,,180,transect_153
AZ_OC,2018-07-02,182,,,180+,transect_153
AZ_OC,2018-07-02,182,,,32,transect_153
AZ_OC,2018-07-02,182,,,180+,transect_153
AZ_OC,2018-07-02,182,,,128,transect_153
AZ_OC,2018-07-02,182,,,180,transect_153
AZ_OC,2018-07-02,182,,,64,transect_153
AZ_OC,2018-07-02,182,,,180+,transect_153
AZ_OC,2018-07-02,182,,,180+,transect_153
AZ_OC,2018-07-02,182,,,90,transect_153
AZ_OC,2018-07-02,182,,,180+,transect_153
AZ_OC,2018-07-02,182,,,128,transect_153
AZ_OC,2018-07-02,182,,,180+,transect_153
AZ_OC,2018-07-02,182,,,128,transect_153
AZ_OC,2018-07-02,182,,,64,transect_153
AZ_OC,2018-07-02,182,,,128,transect_153
AZ_OC,2018-07-02,182,,,128,transect_153
AZ_OC,2018-07-02,182,,,90,transect_153
AZ_OC,2018-07-02,182,,,180,transect_153
AZ_OC,2018-07-02,182,,,90,transect_153
AZ_OC,2018-07-02,182,,,64,transect_153
AZ_OC,2018-07-02,182,,,180+,transect_153
AZ_OC,2018-07-02,182,,,128,transect_153
AZ_OC,2018-07-02,182,,,128,transect_153
AZ_OC,2018-07-02,182,,,64,transect_153
AZ_OC,2018-07-02,182,,,128,transect_153
AZ_OC,2018-07-02,182,,,180+,transect_153
AZ_OC,2018-07-02,182,,,180,transect_153
AZ_OC,2018-07-02,152,,,180+,transect_155
AZ_OC,2018-07-02,152,,,180+,transect_155
AZ_OC,2018-07-02,152,,,180+,transect_155
AZ_OC,2018-07-02,152,,,180+,transect_155
AZ_OC,2018-07-02,152,,,32,transect_155
AZ_OC,2018-07-02,152,,,180+,transect_155
AZ_OC,2018-07-02,152,,,64,transect_155
AZ_OC,2018-07-02,152,,,90,transect_155
AZ_OC,2018-07-02,152,,,128,transect_155
AZ_OC,2018-07-02,152,,,45,transect_155
AZ_OC,2018-07-02,152,,,180+,transect_155
AZ_OC,2018-07-02,152,,,180+,transect_155
AZ_OC,2018-07-02,152,,,180,transect_155
AZ_OC,2018-07-02,152,,,180+,transect_155
AZ_OC,2018-07-02,152,,,180+,transect_155
AZ_OC,2018-07-02,152,,,180,transect_155
AZ_OC,2018-07-02,152,,,180,transect_155
AZ_OC,2018-07-02,152,,,90,transect_155
AZ_OC,2018-07-02,152,,,128,transect_155
AZ_OC,2018-07-02,152,,,180+,transect_155
AZ_OC,2018-07-02,152,,,180+,transect_155
AZ_OC,2018-07-02,152,,,180+,transect_155
AZ_OC,2018-07-02,152,,,45,transect_155
AZ_OC,2018-07-02,152,,,180+,transect_155
AZ_OC,2018-07-02,152,,,180+,transect_155
AZ_OC,2018-07-02,152,,,128,transect_155
AZ_OC,2018-07-02,152,,,180,transect_155
AZ_OC,2018-07-02,152,,,90,transect_155
AZ_OC,2018-07-02,152,,,180+,transect_155
AZ_OC,2018-07-02,152,,,128,transect_155
AZ_OC,2018-07-02,152,,,128,transect_155
AZ_OC,2018-07-02,152,,,180+,transect_155
AZ_OC,2018-07-02,152,,,64,transect_155
AZ_OC,2018-07-02,152,,,180,transect_155
AZ_OC,2018-07-02,152,,,128,transect_155
AZ_OC,2018-07-02,152,,,128,transect_155
AZ_OC,2018-07-02,152,,,180+,transect_155
AZ_OC,2018-07-02,152,,,64,transect_155
AZ_OC,2018-07-02,152,,,90,transect_155
AZ_OC,2018-07-02,152,,,180+,transect_155
AZ_OC,2018-07-02,152,,,180,transect_155
AZ_OC,2018-07-02,152,,,45,transect_155
AZ_OC,2018-07-02,152,,,180,transect_155
AZ_OC,2018-07-02,152,,,180,transect_155
AZ_OC,2018-07-02,152,,,180,transect_155
AZ_OC,2018-07-02,152,,,180+,transect_155
AZ_OC,2018-07-02,152,,,180+,transect_155
AZ_OC,2018-07-02,152,,,180+,transect_155
AZ_OC,2018-07-02,152,,,90,transect_155
AZ_OC,2018-07-02,152,,,180+,transect_155
AZ_OC,2018-07-02,116,,,90,transect_156
AZ_OC,2018-07-02,116,,,90,transect_156
AZ_OC,2018-07-02,116,,,128,transect_156
AZ_OC,2018-07-02,116,,,180+,transect_156
AZ_OC,2018-07-02,116,,,180+,transect_156
AZ_OC,2018-07-02,116,,,128,transect_156
AZ_OC,2018-07-02,116,,,64,transect_156
AZ_OC,2018-07-02,116,,,180,transect_156
AZ_OC,2018-07-02,116,,,180,transect_156
AZ_OC,2018-07-02,116,,,180,transect_156
AZ_OC,2018-07-02,116,,,90,transect_156
AZ_OC,2018-07-02,116,,,45,transect_156
AZ_OC,2018-07-02,116,,,180+,transect_156
AZ_OC,2018-07-02,116,,,180+,transect_156
AZ_OC,2018-07-02,116,,,180+,transect_156
AZ_OC,2018-07-02,116,,,180+,transect_156
AZ_OC,2018-07-02,116,,,45,transect_156
AZ_OC,2018-07-02,116,,,64,transect_156
AZ_OC,2018-07-02,116,,,180+,transect_156
AZ_OC,2018-07-02,116,,,180+,transect_156
AZ_OC,2018-07-02,116,,,90,transect_156
AZ_OC,2018-07-02,116,,,180+,transect_156
AZ_OC,2018-07-02,116,,,180+,transect_156
AZ_OC,2018-07-02,116,,,90,transect_156
AZ_OC,2018-07-02,116,,,64,transect_156
AZ_OC,2018-07-02,116,,,128,transect_156
AZ_OC,2018-07-02,116,,,180+,transect_156
AZ_OC,2018-07-02,116,,,180+,transect_156
AZ_OC,2018-07-02,116,,,64,transect_156
AZ_OC,2018-07-02,116,,,45,transect_156
AZ_OC,2018-07-02,116,,,90,transect_156
AZ_OC,2018-07-02,116,,,90,transect_156
AZ_OC,2018-07-02,116,,,128,transect_156
AZ_OC,2018-07-02,116,,,180+,transect_156
AZ_OC,2018-07-02,116,,,90,transect_156
AZ_OC,2018-07-02,116,,,90,transect_156
AZ_OC,2018-07-02,116,,,128,transect_156
AZ_OC,2018-07-02,116,,,180+,transect_156
AZ_OC,2018-07-02,116,,,180+,transect_156
AZ_OC,2018-07-02,116,,,45,transect_156
AZ_OC,2018-07-02,104,,,180+,transect_158
AZ_OC,2018-07-02,104,,,180+,transect_158
AZ_OC,2018-07-02,104,,,64,transect_158
AZ_OC,2018-07-02,104,,,64,transect_158
AZ_OC,2018-07-02,104,,,45,transect_158
AZ_OC,2018-07-02,104,,,180+,transect_158
AZ_OC,2018-07-02,104,,,90,transect_158
AZ_OC,2018-07-02,104,,,45,transect_158
AZ_OC,2018-07-02,104,,,32,transect_158
AZ_OC,2018-07-02,104,,,90,transect_158
AZ_OC,2018-07-02,104,,,90,transect_158
AZ_OC,2018-07-02,104,,,90,transect_158
AZ_OC,2018-07-02,104,,,90,transect_158
AZ_OC,2018-07-02,104,,,32,transect_158
AZ_OC,2018-07-02,104,,,32,transect_158
AZ_OC,2018-07-02,104,,,180,transect_158
AZ_OC,2018-07-02,104,,,128,transect_158
AZ_OC,2018-07-02,104,,,64,transect_158
AZ_OC,2018-07-02,104,,,64,transect_158
AZ_OC,2018-07-02,104,,,45,transect_158
AZ_OC,2018-07-02,104,,,180+,transect_158
AZ_OC,2018-07-02,104,,,90,transect_158
AZ_OC,2018-07-02,104,,,64,transect_158
AZ_OC,2018-07-02,104,,,64,transect_158
AZ_OC,2018-07-02,104,,,64,transect_158
AZ_OC,2018-07-02,104,,,128,transect_158
AZ_OC,2018-07-02,104,,,22.6,transect_158
AZ_OC,2018-07-02,104,,,90,transect_158
AZ_OC,2018-07-02,104,,,90,transect_158
AZ_OC,2018-07-02,104,,,128,transect_158
AZ_OC,2018-07-02,104,,,45,transect_158
AZ_OC,2018-07-02,104,,,32,transect_158
AZ_OC,2018-07-02,104,,,90,transect_158
AZ_OC,2018-07-02,104,,,32,transect_158
AZ_OC,2018-07-02,104,,,180,transect_158
AZ_OC,2018-07-02,104,,,64,transect_158
AZ_OC,2018-07-02,104,,,90,transect_158
AZ_OC,2018-07-02,104,,,128,transect_158
AZ_OC,2018-07-02,104,,,22.6,transect_158
AZ_OC,2018-07-02,104,,,128,transect_158
AZ_OC,2018-07-02,104,,,128,transect_158
AZ_OC,2018-07-02,104,,,45,transect_158
AZ_OC,2018-07-02,104,,,128,transect_158
AZ_OC,2018-07-02,104,,,180+,transect_158
AZ_OC,2018-07-02,104,,,180+,transect_158
AZ_OC,2018-07-02,104,,,180+,transect_158
AZ_OC,2018-07-02,104,,,90,transect_158
AZ_OC,2018-07-02,104,,,45,transect_158
AZ_OC,2018-07-02,104,,,90,transect_158
AZ_OC,2018-07-02,104,,,180,transect_158
AZ_OC,2018-07-02,41,,,180+,transect_160
AZ_OC,2018-07-02,41,,,128,transect_160
AZ_OC,2018-07-02,41,,,180+,transect_160
AZ_OC,2018-07-02,41,,,22.6,transect_160
AZ_OC,2018-07-02,41,,,4,transect_160
AZ_OC,2018-07-02,41,,,180+,transect_160
AZ_OC,2018-07-02,41,,,64,transect_160
AZ_OC,2018-07-02,41,,,128,transect_160
AZ_OC,2018-07-02,41,,,64,transect_160
AZ_OC,2018-07-02,41,,,4,transect_160
AZ_OC,2018-07-02,41,,,128,transect_160
AZ_OC,2018-07-02,41,,,180+,transect_160
AZ_OC,2018-07-02,41,,,90,transect_160
AZ_OC,2018-07-02,41,,,90,transect_160
AZ_OC,2018-07-02,41,,,5,transect_160
AZ_OC,2018-07-02,41,,,180+,transect_160
AZ_OC,2018-07-02,41,,,180+,transect_160
AZ_OC,2018-07-02,41,,,180,transect_160
AZ_OC,2018-07-02,41,,,45,transect_160
AZ_OC,2018-07-02,41,,,128,transect_160
AZ_OC,2018-07-02,41,,,180+,transect_160
AZ_OC,2018-07-02,41,,,180+,transect_160
AZ_OC,2018-07-02,41,,,128,transect_160
AZ_OC,2018-07-02,41,,,90,transect_160
AZ_OC,2018-07-02,41,,,180+,transect_160
AZ_OC,2018-07-02,41,,,180+,transect_160
AZ_OC,2018-07-02,41,,,180,transect_160
AZ_OC,2018-07-02,41,,,128,transect_160
AZ_OC,2018-07-02,41,,,128,transect_160
AZ_OC,2018-07-02,41,,,128,transect_160
AZ_OC,2018-07-02,41,,,180+,transect_160
AZ_OC,2018-07-02,41,,,180+,transect_160
AZ_OC,2018-07-02,41,,,90,transect_160
AZ_OC,2018-07-02,41,,,45,transect_160
AZ_OC,2018-07-02,41,,,180,transect_160
AZ_OC,2018-07-02,41,,,90,transect_160
AZ_OC,2018-07-02,41,,,90,transect_160
AZ_OC,2018-07-02,41,,,45,transect_160
AZ_OC,2018-07-02,41,,,16,transect_160
AZ_OC,2018-07-02,41,,,180,transect_160
AZ_OC,2018-07-02,41,,,128,transect_160
AZ_OC,2018-07-02,41,,,128,transect_160
AZ_OC,2018-07-02,41,,,45,transect_160
AZ_OC,2018-07-02,41,,,16,transect_160
AZ_OC,2018-07-02,41,,,128,transect_160
AZ_OC,2018-07-02,41,,,180,transect_160
AZ_OC,2018-07-02,41,,,180,transect_160
AZ_OC,2018-07-02,41,,,32,transect_160
AZ_OC,2018-07-02,41,,,11,transect_160
AZ_OC,2018-07-02,41,,,180,transect_160
AZ_OC,2018-07-02,14,,,Bedrock,transect_161
AZ_OC,2018-07-02,14,,,<2,transect_161
AZ_OC,2018-07-02,14,,,<2,transect_161
AZ_OC,2018-07-02,14,,,<2,transect_161
AZ_OC,2018-07-02,14,,,<2,transect_161
AZ_OC,2018-07-02,14,,,Bedrock,transect_161
AZ_OC,2018-07-02,14,,,<2,transect_161
AZ_OC,2018-07-02,14,,,<2,transect_161
AZ_OC,2018-07-02,14,,,<2,transect_161
AZ_OC,2018-07-02,14,,,<2,transect_161
AZ_OC,2018-07-02,14,,,Bedrock,transect_161
AZ_OC,2018-07-02,14,,,<2,transect_161
AZ_OC,2018-07-02,14,,,<2,transect_161
AZ_OC,2018-07-02,14,,,<2,transect_161
AZ_OC,2018-07-02,14,,,<2,transect_161
AZ_OC,2018-07-02,14,,,Bedrock,transect_161
AZ_OC,2018-07-02,14,,,<2,transect_161
AZ_OC,2018-07-02,14,,,<2,transect_161
AZ_OC,2018-07-02,14,,,180+,transect_161
AZ_OC,2018-07-02,14,,,<2,transect_161
AZ_OC,2018-07-02,14,,,<2,transect_161
AZ_OC,2018-07-02,14,,,<2,transect_161
AZ_OC,2018-07-02,14,,,<2,transect_161
AZ_OC,2018-07-02,14,,,180+,transect_161
AZ_OC,2018-07-02,14,,,<2,transect_161
AZ_OC,2018-07-02,14,,,<2,transect_161
AZ_OC,2018-07-02,14,,,<2,transect_161
AZ_OC,2018-07-02,14,,,<2,transect_161
AZ_OC,2018-07-02,14,,,180+,transect_161
AZ_OC,2018-07-02,14,,,<2,transect_161
AZ_OC,2018-07-02,14,,,<2,transect_161
AZ_OC,2018-07-02,14,,,180+,transect_161
AZ_OC,2018-07-02,14,,,<2,transect_161
AZ_OC,2018-07-02,14,,,180+,transect_161
AZ_OC,2018-07-02,14,,,180+,transect_161
AZ_OC,2018-07-02,14,,,<2,transect_161
AZ_OC,2018-07-02,14,,,<2,transect_161
AZ_OC,2018-07-02,14,,,<2,transect_161
AZ_OC,2018-07-02,14,,,180+,transect_161
AZ_OC,2018-07-02,14,,,180+,transect_161
AZ_OC,2018-07-02,14,,,<2,transect_161
AZ_OC,2018-07-02,14,,,<2,transect_161
AZ_OC,2018-07-02,14,,,<2,transect_161
AZ_OC,2018-07-02,14,,,<2,transect_161
AZ_OC,2018-07-02,14,,,180+,transect_161
AZ_OC,2018-07-02,14,,,<2,transect_161
AZ_OC,2018-07-02,14,,,<2,transect_161
AZ_OC,2018-07-02,14,,,<2,transect_161
AZ_OC,2018-07-02,14,,,<2,transect_161
AZ_OC,2018-07-02,14,,,180+,transect_161
AZ_WB,2018-07-09,0,,,Bedrock,transect_162
AZ_WB,2018-07-09,0,,,90,transect_162
AZ_WB,2018-07-09,0,,,64,transect_162
AZ_WB,2018-07-09,0,,,90,transect_162
AZ_WB,2018-07-09,0,,,90,transect_162
AZ_WB,2018-07-09,0,,,180+,transect_162
AZ_WB,2018-07-09,0,,,Bedrock,transect_162
AZ_WB,2018-07-09,0,,,35,transect_162
AZ_WB,2018-07-09,0,,,128,transect_162
AZ_WB,2018-07-09,0,,,90,transect_162
AZ_WB,2018-07-09,0,,,180+,transect_162
AZ_WB,2018-07-09,0,,,Bedrock,transect_162
AZ_WB,2018-07-09,0,,,Bedrock,transect_162
AZ_WB,2018-07-09,0,,,128,transect_162
AZ_WB,2018-07-09,0,,,180+,transect_162
AZ_WB,2018-07-09,0,,,180+,transect_162
AZ_WB,2018-07-09,0,,,64,transect_162
AZ_WB,2018-07-09,0,,,<2,transect_162
AZ_WB,2018-07-09,0,,,90,transect_162
AZ_WB,2018-07-09,0,,,Bedrock,transect_162
AZ_WB,2018-07-09,0,,,180+,transect_162
AZ_WB,2018-07-09,0,,,Bedrock,transect_162
AZ_WB,2018-07-09,0,,,<2,transect_162
AZ_WB,2018-07-09,0,,,180+,transect_162
AZ_WB,2018-07-09,0,,,Bedrock,transect_162
AZ_WB,2018-07-09,0,,,Bedrock,transect_162
AZ_WB,2018-07-09,0,,,<2,transect_162
AZ_WB,2018-07-09,0,,,Bedrock,transect_162
AZ_WB,2018-07-09,0,,,Bedrock,transect_162
AZ_WB,2018-07-09,0,,,Bedrock,transect_162
AZ_WB,2018-07-09,0,,,Bedrock,transect_162
AZ_WB,2018-07-09,0,,,<2,transect_162
AZ_WB,2018-07-09,0,,,Bedrock,transect_162
AZ_WB,2018-07-09,0,,,Bedrock,transect_162
AZ_WB,2018-07-09,0,,,180+,transect_162
AZ_WB,2018-07-09,0,,,Bedrock,transect_162
AZ_WB,2018-07-09,0,,,Bedrock,transect_162
AZ_WB,2018-07-09,0,,,90,transect_162
AZ_WB,2018-07-09,0,,,180+,transect_162
AZ_WB,2018-07-09,0,,,128,transect_162
AZ_WB,2018-07-09,0,,,Bedrock,transect_162
AZ_WB,2018-07-09,0,,,Bedrock,transect_162
AZ_WB,2018-07-09,0,,,Bedrock,transect_162
AZ_WB,2018-07-09,0,,,180+,transect_162
AZ_WB,2018-07-09,0,,,90,transect_162
AZ_WB,2018-07-09,0,,,Bedrock,transect_162
AZ_WB,2018-07-09,0,,,Bedrock,transect_162
AZ_WB,2018-07-09,0,,,64,transect_162
AZ_WB,2018-07-09,0,,,128,transect_162
AZ_WB,2018-07-09,0,,,Bedrock,transect_162
AZ_WB,2018-07-09,15,,,180,transect_163
AZ_WB,2018-07-09,15,,,180+,transect_163
AZ_WB,2018-07-09,15,,,180+,transect_163
AZ_WB,2018-07-09,15,,,128,transect_163
AZ_WB,2018-07-09,15,,,16,transect_163
AZ_WB,2018-07-09,15,,,128,transect_163
AZ_WB,2018-07-09,15,,,180+,transect_163
AZ_WB,2018-07-09,15,,,180+,transect_163
AZ_WB,2018-07-09,15,,,90,transect_163
AZ_WB,2018-07-09,15,,,4,transect_163
AZ_WB,2018-07-09,15,,,180+,transect_163
AZ_WB,2018-07-09,15,,,Bedrock,transect_163
AZ_WB,2018-07-09,15,,,180+,transect_163
AZ_WB,2018-07-09,15,,,180+,transect_163
AZ_WB,2018-07-09,15,,,2.8,transect_163
AZ_WB,2018-07-09,15,,,180+,transect_163
AZ_WB,2018-07-09,15,,,180+,transect_163
AZ_WB,2018-07-09,15,,,180+,transect_163
AZ_WB,2018-07-09,15,,,90,transect_163
AZ_WB,2018-07-09,15,,,2.8,transect_163
AZ_WB,2018-07-09,15,,,180,transect_163
AZ_WB,2018-07-09,15,,,180+,transect_163
AZ_WB,2018-07-09,15,,,180+,transect_163
AZ_WB,2018-07-09,15,,,64,transect_163
AZ_WB,2018-07-09,15,,,4,transect_163
AZ_WB,2018-07-09,15,,,180+,transect_163
AZ_WB,2018-07-09,15,,,Bedrock,transect_163
AZ_WB,2018-07-09,15,,,180+,transect_163
AZ_WB,2018-07-09,15,,,8,transect_163
AZ_WB,2018-07-09,15,,,22.6,transect_163
AZ_WB,2018-07-09,15,,,180+,transect_163
AZ_WB,2018-07-09,15,,,Bedrock,transect_163
AZ_WB,2018-07-09,15,,,90,transect_163
AZ_WB,2018-07-09,15,,,16,transect_163
AZ_WB,2018-07-09,15,,,16,transect_163
AZ_WB,2018-07-09,15,,,Bedrock,transect_163
AZ_WB,2018-07-09,15,,,Bedrock,transect_163
AZ_WB,2018-07-09,15,,,90,transect_163
AZ_WB,2018-07-09,15,,,4,transect_163
AZ_WB,2018-07-09,15,,,180,transect_163
AZ_WB,2018-07-09,15,,,Bedrock,transect_163
AZ_WB,2018-07-09,15,,,180+,transect_163
AZ_WB,2018-07-09,15,,,90,transect_163
AZ_WB,2018-07-09,15,,,11,transect_163
AZ_WB,2018-07-09,15,,,180+,transect_163
AZ_WB,2018-07-09,15,,,180+,transect_163
AZ_WB,2018-07-09,15,,,180+,transect_163
AZ_WB,2018-07-09,15,,,90,transect_163
AZ_WB,2018-07-09,15,,,11,transect_163
AZ_WB,2018-07-09,15,,,22.6,transect_163
AZ_WB,2018-07-09,30,,,180+,transect_164
AZ_WB,2018-07-09,30,,,90,transect_164
AZ_WB,2018-07-09,30,,,180+,transect_164
AZ_WB,2018-07-09,30,,,22.6,transect_164
AZ_WB,2018-07-09,30,,,16,transect_164
AZ_WB,2018-07-09,30,,,180+,transect_164
AZ_WB,2018-07-09,30,,,128,transect_164
AZ_WB,2018-07-09,30,,,180+,transect_164
AZ_WB,2018-07-09,30,,,64,transect_164
AZ_WB,2018-07-09,30,,,16,transect_164
AZ_WB,2018-07-09,30,,,180,transect_164
AZ_WB,2018-07-09,30,,,128,transect_164
AZ_WB,2018-07-09,30,,,180+,transect_164
AZ_WB,2018-07-09,30,,,64,transect_164
AZ_WB,2018-07-09,30,,,22.6,transect_164
AZ_WB,2018-07-09,30,,,180+,transect_164
AZ_WB,2018-07-09,30,,,180+,transect_164
AZ_WB,2018-07-09,30,,,180+,transect_164
AZ_WB,2018-07-09,30,,,22.6,transect_164
AZ_WB,2018-07-09,30,,,11,transect_164
AZ_WB,2018-07-09,30,,,180+,transect_164
AZ_WB,2018-07-09,30,,,180+,transect_164
AZ_WB,2018-07-09,30,,,180,transect_164
AZ_WB,2018-07-09,30,,,45,transect_164
AZ_WB,2018-07-09,30,,,180+,transect_164
AZ_WB,2018-07-09,30,,,180+,transect_164
AZ_WB,2018-07-09,30,,,180,transect_164
AZ_WB,2018-07-09,30,,,180+,transect_164
AZ_WB,2018-07-09,30,,,128,transect_164
AZ_WB,2018-07-09,30,,,180+,transect_164
AZ_WB,2018-07-09,30,,,180+,transect_164
AZ_WB,2018-07-09,30,,,64,transect_164
AZ_WB,2018-07-09,30,,,64,transect_164
AZ_WB,2018-07-09,30,,,90,transect_164
AZ_WB,2018-07-09,30,,,180,transect_164
AZ_WB,2018-07-09,30,,,128,transect_164
AZ_WB,2018-07-09,30,,,Bedrock,transect_164
AZ_WB,2018-07-09,30,,,45,transect_164
AZ_WB,2018-07-09,30,,,64,transect_164
AZ_WB,2018-07-09,30,,,8,transect_164
AZ_WB,2018-07-09,30,,,128,transect_164
AZ_WB,2018-07-09,30,,,180+,transect_164
AZ_WB,2018-07-09,30,,,180+,transect_164
AZ_WB,2018-07-09,30,,,11,transect_164
AZ_WB,2018-07-09,30,,,16,transect_164
AZ_WB,2018-07-09,30,,,128,transect_164
AZ_WB,2018-07-09,30,,,180+,transect_164
AZ_WB,2018-07-09,30,,,180,transect_164
AZ_WB,2018-07-09,30,,,22.6,transect_164
AZ_WB,2018-07-09,30,,,8,transect_164
AZ_WB,2018-07-09,45,,,128,transect_165
AZ_WB,2018-07-09,45,,,180+,transect_165
AZ_WB,2018-07-09,45,,,5.6,transect_165
AZ_WB,2018-07-09,45,,,180+,transect_165
AZ_WB,2018-07-09,45,,,4,transect_165
AZ_WB,2018-07-09,45,,,90,transect_165
AZ_WB,2018-07-09,45,,,<2,transect_165
AZ_WB,2018-07-09,45,,,5.6,transect_165
AZ_WB,2018-07-09,45,,,64,transect_165
AZ_WB,2018-07-09,45,,,4,transect_165
AZ_WB,2018-07-09,45,,,90,transect_165
AZ_WB,2018-07-09,45,,,45,transect_165
AZ_WB,2018-07-09,45,,,4,transect_165
AZ_WB,2018-07-09,45,,,64,transect_165
AZ_WB,2018-07-09,45,,,4,transect_165
AZ_WB,2018-07-09,45,,,128,transect_165
AZ_WB,2018-07-09,45,,,5.6,transect_165
AZ_WB,2018-07-09,45,,,4,transect_165
AZ_WB,2018-07-09,45,,,64,transect_165
AZ_WB,2018-07-09,45,,,4,transect_165
AZ_WB,2018-07-09,45,,,180,transect_165
AZ_WB,2018-07-09,45,,,11,transect_165
AZ_WB,2018-07-09,45,,,2.8,transect_165
AZ_WB,2018-07-09,45,,,<2,transect_165
AZ_WB,2018-07-09,45,,,4,transect_165
AZ_WB,2018-07-09,45,,,180+,transect_165
AZ_WB,2018-07-09,45,,,11,transect_165
AZ_WB,2018-07-09,45,,,2.8,transect_165
AZ_WB,2018-07-09,45,,,90,transect_165
AZ_WB,2018-07-09,45,,,5.6,transect_165
AZ_WB,2018-07-09,45,,,128,transect_165
AZ_WB,2018-07-09,45,,,8,transect_165
AZ_WB,2018-07-09,45,,,45,transect_165
AZ_WB,2018-07-09,45,,,90,transect_165
AZ_WB,2018-07-09,45,,,5.6,transect_165
AZ_WB,2018-07-09,45,,,45,transect_165
AZ_WB,2018-07-09,45,,,8,transect_165
AZ_WB,2018-07-09,45,,,16,transect_165
AZ_WB,2018-07-09,45,,,22.6,transect_165
AZ_WB,2018-07-09,45,,,180+,transect_165
AZ_WB,2018-07-09,45,,,180,transect_165
AZ_WB,2018-07-09,45,,,5.6,transect_165
AZ_WB,2018-07-09,45,,,11,transect_165
AZ_WB,2018-07-09,45,,,16,transect_165
AZ_WB,2018-07-09,45,,,8,transect_165
AZ_WB,2018-07-09,45,,,180+,transect_165
AZ_WB,2018-07-09,45,,,5.6,transect_165
AZ_WB,2018-07-09,45,,,180,transect_165
AZ_WB,2018-07-09,45,,,16,transect_165
AZ_WB,2018-07-09,45,,,32,transect_165
AZ_WB,2018-07-09,60,,,180,transect_166
AZ_WB,2018-07-09,60,,,128,transect_166
AZ_WB,2018-07-09,60,,,45,transect_166
AZ_WB,2018-07-09,60,,,180+,transect_166
AZ_WB,2018-07-09,60,,,8,transect_166
AZ_WB,2018-07-09,60,,,180+,transect_166
AZ_WB,2018-07-09,60,,,90,transect_166
AZ_WB,2018-07-09,60,,,64,transect_166
AZ_WB,2018-07-09,60,,,180+,transect_166
AZ_WB,2018-07-09,60,,,16,transect_166
AZ_WB,2018-07-09,60,,,180+,transect_166
AZ_WB,2018-07-09,60,,,90,transect_166
AZ_WB,2018-07-09,60,,,64,transect_166
AZ_WB,2018-07-09,60,,,180,transect_166
AZ_WB,2018-07-09,60,,,8,transect_166
AZ_WB,2018-07-09,60,,,22.6,transect_166
AZ_WB,2018-07-09,60,,,<2,transect_166
AZ_WB,2018-07-09,60,,,45,transect_166
AZ_WB,2018-07-09,60,,,128,transect_166
AZ_WB,2018-07-09,60,,,5.6,transect_166
AZ_WB,2018-07-09,60,,,16,transect_166
AZ_WB,2018-07-09,60,,,90,transect_166
AZ_WB,2018-07-09,60,,,16,transect_166
AZ_WB,2018-07-09,60,,,180,transect_166
AZ_WB,2018-07-09,60,,,5.6,transect_166
AZ_WB,2018-07-09,60,,,128,transect_166
AZ_WB,2018-07-09,60,,,64,transect_166
AZ_WB,2018-07-09,60,,,16,transect_166
AZ_WB,2018-07-09,60,,,180+,transect_166
AZ_WB,2018-07-09,60,,,5.6,transect_166
AZ_WB,2018-07-09,60,,,16,transect_166
AZ_WB,2018-07-09,60,,,32,transect_166
AZ_WB,2018-07-09,60,,,11,transect_166
AZ_WB,2018-07-09,60,,,64,transect_166
AZ_WB,2018-07-09,60,,,4,transect_166
AZ_WB,2018-07-09,60,,,11,transect_166
AZ_WB,2018-07-09,60,,,64,transect_166
AZ_WB,2018-07-09,60,,,22.6,transect_166
AZ_WB,2018-07-09,60,,,64,transect_166
AZ_WB,2018-07-09,60,,,5.6,transect_166
AZ_WB,2018-07-09,60,,,8,transect_166
AZ_WB,2018-07-09,60,,,90,transect_166
AZ_WB,2018-07-09,60,,,11,transect_166
AZ_WB,2018-07-09,60,,,90,transect_166
AZ_WB,2018-07-09,60,,,8,transect_166
AZ_WB,2018-07-09,60,,,8,transect_166
AZ_WB,2018-07-09,60,,,64,transect_166
AZ_WB,2018-07-09,60,,,180+,transect_166
AZ_WB,2018-07-09,60,,,64,transect_166
AZ_WB,2018-07-09,60,,,4,transect_166
AZ_WB,2018-07-09,75,,,180,transect_167
AZ_WB,2018-07-09,75,,,2,transect_167
AZ_WB,2018-07-09,75,,,45,transect_167
AZ_WB,2018-07-09,75,,,16,transect_167
AZ_WB,2018-07-09,75,,,64,transect_167
AZ_WB,2018-07-09,75,,,180+,transect_167
AZ_WB,2018-07-09,75,,,2.8,transect_167
AZ_WB,2018-07-09,75,,,180+,transect_167
AZ_WB,2018-07-09,75,,,22.6,transect_167
AZ_WB,2018-07-09,75,,,32,transect_167
AZ_WB,2018-07-09,75,,,128,transect_167
AZ_WB,2018-07-09,75,,,90,transect_167
AZ_WB,2018-07-09,75,,,180+,transect_167
AZ_WB,2018-07-09,75,,,90,transect_167
AZ_WB,2018-07-09,75,,,45,transect_167
AZ_WB,2018-07-09,75,,,8,transect_167
AZ_WB,2018-07-09,75,,,22.6,transect_167
AZ_WB,2018-07-09,75,,,180+,transect_167
AZ_WB,2018-07-09,75,,,90,transect_167
AZ_WB,2018-07-09,75,,,16,transect_167
AZ_WB,2018-07-09,75,,,11,transect_167
AZ_WB,2018-07-09,75,,,16,transect_167
AZ_WB,2018-07-09,75,,,128,transect_167
AZ_WB,2018-07-09,75,,,128,transect_167
AZ_WB,2018-07-09,75,,,16,transect_167
AZ_WB,2018-07-09,75,,,11,transect_167
AZ_WB,2018-07-09,75,,,128,transect_167
AZ_WB,2018-07-09,75,,,64,transect_167
AZ_WB,2018-07-09,75,,,90,transect_167
AZ_WB,2018-07-09,75,,,11,transect_167
AZ_WB,2018-07-09,75,,,8,transect_167
AZ_WB,2018-07-09,75,,,64,transect_167
AZ_WB,2018-07-09,75,,,64,transect_167
AZ_WB,2018-07-09,75,,,180,transect_167
AZ_WB,2018-07-09,75,,,8,transect_167
AZ_WB,2018-07-09,75,,,4,transect_167
AZ_WB,2018-07-09,75,,,45,transect_167
AZ_WB,2018-07-09,75,,,11,transect_167
AZ_WB,2018-07-09,75,,,180+,transect_167
AZ_WB,2018-07-09,75,,,8,transect_167
AZ_WB,2018-07-09,75,,,4,transect_167
AZ_WB,2018-07-09,75,,,64,transect_167
AZ_WB,2018-07-09,75,,,11,transect_167
AZ_WB,2018-07-09,75,,,180+,transect_167
AZ_WB,2018-07-09,75,,,8,transect_167
AZ_WB,2018-07-09,75,,,4,transect_167
AZ_WB,2018-07-09,75,,,45,transect_167
AZ_WB,2018-07-09,75,,,11,transect_167
AZ_WB,2018-07-09,75,,,64,transect_167
AZ_WB,2018-07-09,75,,,180+,transect_167
AZ_WB,2018-07-09,90,,,180+,transect_168
AZ_WB,2018-07-09,90,,,11,transect_168
AZ_WB,2018-07-09,90,,,64,transect_168
AZ_WB,2018-07-09,90,,,180,transect_168
AZ_WB,2018-07-09,90,,,45,transect_168
AZ_WB,2018-07-09,90,,,180+,transect_168
AZ_WB,2018-07-09,90,,,16,transect_168
AZ_WB,2018-07-09,90,,,90,transect_168
AZ_WB,2018-07-09,90,,,180+,transect_168
AZ_WB,2018-07-09,90,,,45,transect_168
AZ_WB,2018-07-09,90,,,180+,transect_168
AZ_WB,2018-07-09,90,,,16,transect_168
AZ_WB,2018-07-09,90,,,90,transect_168
AZ_WB,2018-07-09,90,,,128,transect_168
AZ_WB,2018-07-09,90,,,22.6,transect_168
AZ_WB,2018-07-09,90,,,180+,transect_168
AZ_WB,2018-07-09,90,,,22.6,transect_168
AZ_WB,2018-07-09,90,,,128,transect_168
AZ_WB,2018-07-09,90,,,180+,transect_168
AZ_WB,2018-07-09,90,,,32,transect_168
AZ_WB,2018-07-09,90,,,180+,transect_168
AZ_WB,2018-07-09,90,,,180,transect_168
AZ_WB,2018-07-09,90,,,180,transect_168
AZ_WB,2018-07-09,90,,,90,transect_168
AZ_WB,2018-07-09,90,,,22.6,transect_168
AZ_WB,2018-07-09,90,,,180+,transect_168
AZ_WB,2018-07-09,90,,,128,transect_168
AZ_WB,2018-07-09,90,,,180+,transect_168
AZ_WB,2018-07-09,90,,,90,transect_168
AZ_WB,2018-07-09,90,,,22.6,transect_168
AZ_WB,2018-07-09,90,,,180,transect_168
AZ_WB,2018-07-09,90,,,90,transect_168
AZ_WB,2018-07-09,90,,,180+,transect_168
AZ_WB,2018-07-09,90,,,90,transect_168
AZ_WB,2018-07-09,90,,,90,transect_168
AZ_WB,2018-07-09,90,,,180+,transect_168
AZ_WB,2018-07-09,90,,,90,transect_168
AZ_WB,2018-07-09,90,,,90,transect_168
AZ_WB,2018-07-09,90,,,90,transect_168
AZ_WB,2018-07-09,90,,,32,transect_168
AZ_WB,2018-07-09,90,,,90,transect_168
AZ_WB,2018-07-09,90,,,180+,transect_168
AZ_WB,2018-07-09,90,,,180+,transect_168
AZ_WB,2018-07-09,90,,,45,transect_168
AZ_WB,2018-07-09,90,,,180,transect_168
AZ_WB,2018-07-09,90,,,90,transect_168
AZ_WB,2018-07-09,90,,,128,transect_168
AZ_WB,2018-07-09,90,,,180+,transect_168
AZ_WB,2018-07-09,90,,,32,transect_168
AZ_WB,2018-07-09,90,,,128,transect_168
AZ_WB,2018-07-09,105,,,90,transect_169
AZ_WB,2018-07-09,105,,,8,transect_169
AZ_WB,2018-07-09,105,,,16,transect_169
AZ_WB,2018-07-09,105,,,180+,transect_169
AZ_WB,2018-07-09,105,,,90,transect_169
AZ_WB,2018-07-09,105,,,90,transect_169
AZ_WB,2018-07-09,105,,,8,transect_169
AZ_WB,2018-07-09,105,,,11,transect_169
AZ_WB,2018-07-09,105,,,180+,transect_169
AZ_WB,2018-07-09,105,,,64,transect_169
AZ_WB,2018-07-09,105,,,64,transect_169
AZ_WB,2018-07-09,105,,,8,transect_169
AZ_WB,2018-07-09,105,,,4,transect_169
AZ_WB,2018-07-09,105,,,180,transect_169
AZ_WB,2018-07-09,105,,,64,transect_169
AZ_WB,2018-07-09,105,,,64,transect_169
AZ_WB,2018-07-09,105,,,5.6,transect_169
AZ_WB,2018-07-09,105,,,4,transect_169
AZ_WB,2018-07-09,105,,,64,transect_169
AZ_WB,2018-07-09,105,,,90,transect_169
AZ_WB,2018-07-09,105,,,128,transect_169
AZ_WB,2018-07-09,105,,,4,transect_169
AZ_WB,2018-07-09,105,,,4,transect_169
AZ_WB,2018-07-09,105,,,64,transect_169
AZ_WB,2018-07-09,105,,,180,transect_169
AZ_WB,2018-07-09,105,,,180,transect_169
AZ_WB,2018-07-09,105,,,4,transect_169
AZ_WB,2018-07-09,105,,,90,transect_169
AZ_WB,2018-07-09,105,,,45,transect_169
AZ_WB,2018-07-09,105,,,180+,transect_169
AZ_WB,2018-07-09,105,,,8,transect_169
AZ_WB,2018-07-09,105,,,5.6,transect_169
AZ_WB,2018-07-09,105,,,90,transect_169
AZ_WB,2018-07-09,105,,,64,transect_169
AZ_WB,2018-07-09,105,,,128,transect_169
AZ_WB,2018-07-09,105,,,11,transect_169
AZ_WB,2018-07-09,105,,,2,transect_169
AZ_WB,2018-07-09,105,,,64,transect_169
AZ_WB,2018-07-09,105,,,45,transect_169
AZ_WB,2018-07-09,105,,,180+,transect_169
AZ_WB,2018-07-09,105,,,4,transect_169
AZ_WB,2018-07-09,105,,,2.8,transect_169
AZ_WB,2018-07-09,105,,,90,transect_169
AZ_WB,2018-07-09,105,,,32,transect_169
AZ_WB,2018-07-09,105,,,180,transect_169
AZ_WB,2018-07-09,105,,,4,transect_169
AZ_WB,2018-07-09,105,,,2.8,transect_169
AZ_WB,2018-07-09,105,,,90,transect_169
AZ_WB,2018-07-09,105,,,45,transect_169
AZ_WB,2018-07-09,105,,,64,transect_169
AZ_WB,2018-07-09,120,,,90,transect_170
AZ_WB,2018-07-09,120,,,90,transect_170
AZ_WB,2018-07-09,120,,,45,transect_170
AZ_WB,2018-07-09,120,,,64,transect_170
AZ_WB,2018-07-09,120,,,64,transect_170
AZ_WB,2018-07-09,120,,,128,transect_170
AZ_WB,2018-07-09,120,,,90,transect_170
AZ_WB,2018-07-09,120,,,64,transect_170
AZ_WB,2018-07-09,120,,,180+,transect_170
AZ_WB,2018-07-09,120,,,180,transect_170
AZ_WB,2018-07-09,120,,,180+,transect_170
AZ_WB,2018-07-09,120,,,90,transect_170
AZ_WB,2018-07-09,120,,,32,transect_170
AZ_WB,2018-07-09,120,,,22.6,transect_170
AZ_WB,2018-07-09,120,,,180+,transect_170
AZ_WB,2018-07-09,120,,,180+,transect_170
AZ_WB,2018-07-09,120,,,64,transect_170
AZ_WB,2018-07-09,120,,,22.6,transect_170
AZ_WB,2018-07-09,120,,,11,transect_170
AZ_WB,2018-07-09,120,,,45,transect_170
AZ_WB,2018-07-09,120,,,45,transect_170
AZ_WB,2018-07-09,120,,,22.6,transect_170
AZ_WB,2018-07-09,120,,,22.6,transect_170
AZ_WB,2018-07-09,120,,,11,transect_170
AZ_WB,2018-07-09,120,,,22.6,transect_170
AZ_WB,2018-07-09,120,,,64,transect_170
AZ_WB,2018-07-09,120,,,90,transect_170
AZ_WB,2018-07-09,120,,,64,transect_170
AZ_WB,2018-07-09,120,,,11,transect_170
AZ_WB,2018-07-09,120,,,22.6,transect_170
AZ_WB,2018-07-09,120,,,45,transect_170
AZ_WB,2018-07-09,120,,,128,transect_170
AZ_WB,2018-07-09,120,,,45,transect_170
AZ_WB,2018-07-09,120,,,5.6,transect_170
AZ_WB,2018-07-09,120,,,16,transect_170
AZ_WB,2018-07-09,120,,,45,transect_170
AZ_WB,2018-07-09,120,,,90,transect_170
AZ_WB,2018-07-09,120,,,32,transect_170
AZ_WB,2018-07-09,120,,,8,transect_170
AZ_WB,2018-07-09,120,,,16,transect_170
AZ_WB,2018-07-09,120,,,180,transect_170
AZ_WB,2018-07-09,120,,,128,transect_170
AZ_WB,2018-07-09,120,,,180,transect_170
AZ_WB,2018-07-09,120,,,180+,transect_170
AZ_WB,2018-07-09,120,,,11,transect_170
AZ_WB,2018-07-09,120,,,45,transect_170
AZ_WB,2018-07-09,120,,,128,transect_170
AZ_WB,2018-07-09,120,,,180+,transect_170
AZ_WB,2018-07-09,120,,,180+,transect_170
AZ_WB,2018-07-09,120,,,45,transect_170
AZ_WB,2018-07-09,135,,,180,transect_171
AZ_WB,2018-07-09,135,,,90,transect_171
AZ_WB,2018-07-09,135,,,32,transect_171
AZ_WB,2018-07-09,135,,,4,transect_171
AZ_WB,2018-07-09,135,,,180,transect_171
AZ_WB,2018-07-09,135,,,180+,transect_171
AZ_WB,2018-07-09,135,,,128,transect_171
AZ_WB,2018-07-09,135,,,180,transect_171
AZ_WB,2018-07-09,135,,,4,transect_171
AZ_WB,2018-07-09,135,,,64,transect_171
AZ_WB,2018-07-09,135,,,180+,transect_171
AZ_WB,2018-07-09,135,,,64,transect_171
AZ_WB,2018-07-09,135,,,180+,transect_171
AZ_WB,2018-07-09,135,,,22.6,transect_171
AZ_WB,2018-07-09,135,,,22.6,transect_171
AZ_WB,2018-07-09,135,,,64,transect_171
AZ_WB,2018-07-09,135,,,180,transect_171
AZ_WB,2018-07-09,135,,,128,transect_171
AZ_WB,2018-07-09,135,,,16,transect_171
AZ_WB,2018-07-09,135,,,32,transect_171
AZ_WB,2018-07-09,135,,,90,transect_171
AZ_WB,2018-07-09,135,,,180+,transect_171
AZ_WB,2018-07-09,135,,,180,transect_171
AZ_WB,2018-07-09,135,,,180,transect_171
AZ_WB,2018-07-09,135,,,180,transect_171
AZ_WB,2018-07-09,135,,,45,transect_171
AZ_WB,2018-07-09,135,,,180+,transect_171
AZ_WB,2018-07-09,135,,,180+,transect_171
AZ_WB,2018-07-09,135,,,11,transect_171
AZ_WB,2018-07-09,135,,,180+,transect_171
AZ_WB,2018-07-09,135,,,16,transect_171
AZ_WB,2018-07-09,135,,,180+,transect_171
AZ_WB,2018-07-09,135,,,16,transect_171
AZ_WB,2018-07-09,135,,,8,transect_171
AZ_WB,2018-07-09,135,,,128,transect_171
AZ_WB,2018-07-09,135,,,180,transect_171
AZ_WB,2018-07-09,135,,,128,transect_171
AZ_WB,2018-07-09,135,,,11,transect_171
AZ_WB,2018-07-09,135,,,2.8,transect_171
AZ_WB,2018-07-09,135,,,90,transect_171
AZ_WB,2018-07-09,135,,,180+,transect_171
AZ_WB,2018-07-09,135,,,180,transect_171
AZ_WB,2018-07-09,135,,,8,transect_171
AZ_WB,2018-07-09,135,,,5.6,transect_171
AZ_WB,2018-07-09,135,,,90,transect_171
AZ_WB,2018-07-09,135,,,180+,transect_171
AZ_WB,2018-07-09,135,,,90,transect_171
AZ_WB,2018-07-09,135,,,5.6,transect_171
AZ_WB,2018-07-09,135,,,5.6,transect_171
AZ_WB,2018-07-09,135,,,180+,transect_171
AZ_LV,2018-07-11,225,,,32,transect_172
AZ_LV,2018-07-11,225,,,11,transect_172
AZ_LV,2018-07-11,225,,,11,transect_172
AZ_LV,2018-07-11,225,,,5.6,transect_172
AZ_LV,2018-07-11,225,,,16,transect_172
AZ_LV,2018-07-11,225,,,64,transect_172
AZ_LV,2018-07-11,225,,,22.6,transect_172
AZ_LV,2018-07-11,225,,,4,transect_172
AZ_LV,2018-07-11,225,,,16,transect_172
AZ_LV,2018-07-11,225,,,11,transect_172
AZ_LV,2018-07-11,225,,,16,transect_172
AZ_LV,2018-07-11,225,,,11,transect_172
AZ_LV,2018-07-11,225,,,11,transect_172
AZ_LV,2018-07-11,225,,,8,transect_172
AZ_LV,2018-07-11,225,,,8,transect_172
AZ_LV,2018-07-11,225,,,4,transect_172
AZ_LV,2018-07-11,225,,,32,transect_172
AZ_LV,2018-07-11,225,,,8,transect_172
AZ_LV,2018-07-11,225,,,16,transect_172
AZ_LV,2018-07-11,225,,,2.8,transect_172
AZ_LV,2018-07-11,225,,,16,transect_172
AZ_LV,2018-07-11,225,,,5.6,transect_172
AZ_LV,2018-07-11,225,,,8,transect_172
AZ_LV,2018-07-11,225,,,11,transect_172
AZ_LV,2018-07-11,225,,,5.6,transect_172
AZ_LV,2018-07-11,225,,,4,transect_172
AZ_LV,2018-07-11,225,,,5.6,transect_172
AZ_LV,2018-07-11,225,,,8,transect_172
AZ_LV,2018-07-11,225,,,8,transect_172
AZ_LV,2018-07-11,225,,,5.6,transect_172
AZ_LV,2018-07-11,225,,,8,transect_172
AZ_LV,2018-07-11,225,,,16,transect_172
AZ_LV,2018-07-11,225,,,11,transect_172
AZ_LV,2018-07-11,225,,,8,transect_172
AZ_LV,2018-07-11,225,,,8,transect_172
AZ_LV,2018-07-11,225,,,2.8,transect_172
AZ_LV,2018-07-11,225,,,2,transect_172
AZ_LV,2018-07-11,225,,,<2,transect_172
AZ_LV,2018-07-11,225,,,4,transect_172
AZ_LV,2018-07-11,225,,,<2,transect_172
AZ_LV,2018-07-11,225,,,<2,transect_172
AZ_LV,2018-07-11,225,,,<2,transect_172
AZ_LV,2018-07-11,225,,,<2,transect_172
AZ_LV,2018-07-11,225,,,<2,transect_172
AZ_LV,2018-07-11,225,,,<2,transect_172
AZ_LV,2018-07-11,225,,,<2,transect_172
AZ_LV,2018-07-11,225,,,<2,transect_172
AZ_LV,2018-07-11,225,,,<2,transect_172
AZ_LV,2018-07-11,225,,,<2,transect_172
AZ_LV,2018-07-11,225,,,<2,transect_172
AZ_LV,2018-07-11,200,,,22.6,transect_173
AZ_LV,2018-07-11,200,,,<2,transect_173
AZ_LV,2018-07-11,200,,,5.6,transect_173
AZ_LV,2018-07-11,200,,,4,transect_173
AZ_LV,2018-07-11,200,,,32,transect_173
AZ_LV,2018-07-11,200,,,45,transect_173
AZ_LV,2018-07-11,200,,,45,transect_173
AZ_LV,2018-07-11,200,,,45,transect_173
AZ_LV,2018-07-11,200,,,22.6,transect_173
AZ_LV,2018-07-11,200,,,180,transect_173
AZ_LV,2018-07-11,200,,,45,transect_173
AZ_LV,2018-07-11,200,,,128,transect_173
AZ_LV,2018-07-11,200,,,90,transect_173
AZ_LV,2018-07-11,200,,,128,transect_173
AZ_LV,2018-07-11,200,,,180,transect_173
AZ_LV,2018-07-11,200,,,128,transect_173
AZ_LV,2018-07-11,200,,,64,transect_173
AZ_LV,2018-07-11,200,,,90,transect_173
AZ_LV,2018-07-11,200,,,45,transect_173
AZ_LV,2018-07-11,200,,,64,transect_173
AZ_LV,2018-07-11,200,,,180,transect_173
AZ_LV,2018-07-11,200,,,64,transect_173
AZ_LV,2018-07-11,200,,,128,transect_173
AZ_LV,2018-07-11,200,,,90,transect_173
AZ_LV,2018-07-11,200,,,64,transect_173
AZ_LV,2018-07-11,200,,,22.6,transect_173
AZ_LV,2018-07-11,200,,,64,transect_173
AZ_LV,2018-07-11,200,,,32,transect_173
AZ_LV,2018-07-11,200,,,32,transect_173
AZ_LV,2018-07-11,200,,,128,transect_173
AZ_LV,2018-07-11,200,,,64,transect_173
AZ_LV,2018-07-11,200,,,90,transect_173
AZ_LV,2018-07-11,200,,,90,transect_173
AZ_LV,2018-07-11,200,,,22.6,transect_173
AZ_LV,2018-07-11,200,,,32,transect_173
AZ_LV,2018-07-11,200,,,128,transect_173
AZ_LV,2018-07-11,200,,,<2,transect_173
AZ_LV,2018-07-11,200,,,32,transect_173
AZ_LV,2018-07-11,200,,,64,transect_173
AZ_LV,2018-07-11,200,,,45,transect_173
AZ_LV,2018-07-11,200,,,64,transect_173
AZ_LV,2018-07-11,200,,,45,transect_173
AZ_LV,2018-07-11,200,,,32,transect_173
AZ_LV,2018-07-11,200,,,180,transect_173
AZ_LV,2018-07-11,200,,,22.6,transect_173
AZ_LV,2018-07-11,200,,,64,transect_173
AZ_LV,2018-07-11,200,,,32,transect_173
AZ_LV,2018-07-11,200,,,22.6,transect_173
AZ_LV,2018-07-11,200,,,90,transect_173
AZ_LV,2018-07-11,200,,,128,transect_173
AZ_LV,2018-07-11,175,,,32,transect_174
AZ_LV,2018-07-11,175,,,32,transect_174
AZ_LV,2018-07-11,175,,,64,transect_174
AZ_LV,2018-07-11,175,,,90,transect_174
AZ_LV,2018-07-11,175,,,128,transect_174
AZ_LV,2018-07-11,175,,,180,transect_174
AZ_LV,2018-07-11,175,,,64,transect_174
AZ_LV,2018-07-11,175,,,32,transect_174
AZ_LV,2018-07-11,175,,,45,transect_174
AZ_LV,2018-07-11,175,,,90,transect_174
AZ_LV,2018-07-11,175,,,45,transect_174
AZ_LV,2018-07-11,175,,,45,transect_174
AZ_LV,2018-07-11,175,,,180,transect_174
AZ_LV,2018-07-11,175,,,64,transect_174
AZ_LV,2018-07-11,175,,,64,transect_174
AZ_LV,2018-07-11,175,,,45,transect_174
AZ_LV,2018-07-11,175,,,64,transect_174
AZ_LV,2018-07-11,175,,,32,transect_174
AZ_LV,2018-07-11,175,,,45,transect_174
AZ_LV,2018-07-11,175,,,11,transect_174
AZ_LV,2018-07-11,175,,,64,transect_174
AZ_LV,2018-07-11,175,,,8,transect_174
AZ_LV,2018-07-11,175,,,22.6,transect_174
AZ_LV,2018-07-11,175,,,45,transect_174
AZ_LV,2018-07-11,175,,,128,transect_174
AZ_LV,2018-07-11,175,,,45,transect_174
AZ_LV,2018-07-11,175,,,2.8,transect_174
AZ_LV,2018-07-11,175,,,90,transect_174
AZ_LV,2018-07-11,175,,,45,transect_174
AZ_LV,2018-07-11,175,,,32,transect_174
AZ_LV,2018-07-11,175,,,22.6,transect_174
AZ_LV,2018-07-11,175,,,32,transect_174
AZ_LV,2018-07-11,175,,,45,transect_174
AZ_LV,2018-07-11,175,,,128,transect_174
AZ_LV,2018-07-11,175,,,45,transect_174
AZ_LV,2018-07-11,175,,,45,transect_174
AZ_LV,2018-07-11,175,,,45,transect_174
AZ_LV,2018-07-11,175,,,32,transect_174
AZ_LV,2018-07-11,175,,,180,transect_174
AZ_LV,2018-07-11,175,,,90,transect_174
AZ_LV,2018-07-11,175,,,64,transect_174
AZ_LV,2018-07-11,175,,,90,transect_174
AZ_LV,2018-07-11,175,,,90,transect_174
AZ_LV,2018-07-11,175,,,180,transect_174
AZ_LV,2018-07-11,175,,,128,transect_174
AZ_LV,2018-07-11,175,,,11,transect_174
AZ_LV,2018-07-11,175,,,180,transect_174
AZ_LV,2018-07-11,175,,,64,transect_174
AZ_LV,2018-07-11,175,,,90,transect_174
AZ_LV,2018-07-11,175,,,45,transect_174
AZ_LV,2018-07-11,150,,,0,transect_175
AZ_LV,2018-07-11,150,,,64,transect_175
AZ_LV,2018-07-11,150,,,90,transect_175
AZ_LV,2018-07-11,150,,,128,transect_175
AZ_LV,2018-07-11,150,,,90,transect_175
AZ_LV,2018-07-11,150,,,90,transect_175
AZ_LV,2018-07-11,150,,,180,transect_175
AZ_LV,2018-07-11,150,,,32,transect_175
AZ_LV,2018-07-11,150,,,45,transect_175
AZ_LV,2018-07-11,150,,,5.6,transect_175
AZ_LV,2018-07-11,150,,,128,transect_175
AZ_LV,2018-07-11,150,,,22.6,transect_175
AZ_LV,2018-07-11,150,,,90,transect_175
AZ_LV,2018-07-11,150,,,45,transect_175
AZ_LV,2018-07-11,150,,,90,transect_175
AZ_LV,2018-07-11,150,,,64,transect_175
AZ_LV,2018-07-11,150,,,11,transect_175
AZ_LV,2018-07-11,150,,,45,transect_175
AZ_LV,2018-07-11,150,,,8,transect_175
AZ_LV,2018-07-11,150,,,32,transect_175
AZ_LV,2018-07-11,150,,,64,transect_175
AZ_LV,2018-07-11,150,,,22.6,transect_175
AZ_LV,2018-07-11,150,,,8,transect_175
AZ_LV,2018-07-11,150,,,11,transect_175
AZ_LV,2018-07-11,150,,,22.6,transect_175
AZ_LV,2018-07-11,150,,,45,transect_175
AZ_LV,2018-07-11,150,,,90,transect_175
AZ_LV,2018-07-11,150,,,128,transect_175
AZ_LV,2018-07-11,150,,,90,transect_175
AZ_LV,2018-07-11,150,,,64,transect_175
AZ_LV,2018-07-11,150,,,180,transect_175
AZ_LV,2018-07-11,150,,,90,transect_175
AZ_LV,2018-07-11,150,,,180,transect_175
AZ_LV,2018-07-11,150,,,64,transect_175
AZ_LV,2018-07-11,150,,,64,transect_175
AZ_LV,2018-07-11,150,,,45,transect_175
AZ_LV,2018-07-11,150,,,0,transect_175
AZ_LV,2018-07-11,150,,,128,transect_175
AZ_LV,2018-07-11,150,,,128,transect_175
AZ_LV,2018-07-11,150,,,45,transect_175
AZ_LV,2018-07-11,150,,,90,transect_175
AZ_LV,2018-07-11,150,,,22.6,transect_175
AZ_LV,2018-07-11,150,,,64,transect_175
AZ_LV,2018-07-11,150,,,64,transect_175
AZ_LV,2018-07-11,150,,,64,transect_175
AZ_LV,2018-07-11,150,,,64,transect_175
AZ_LV,2018-07-11,150,,,64,transect_175
AZ_LV,2018-07-11,150,,,45,transect_175
AZ_LV,2018-07-11,150,,,32,transect_175
AZ_LV,2018-07-11,150,,,32,transect_175
AZ_LV,2018-07-11,125,,,22.6,transect_176
AZ_LV,2018-07-11,125,,,16,transect_176
AZ_LV,2018-07-11,125,,,11,transect_176
AZ_LV,2018-07-11,125,,,16,transect_176
AZ_LV,2018-07-11,125,,,32,transect_176
AZ_LV,2018-07-11,125,,,45,transect_176
AZ_LV,2018-07-11,125,,,32,transect_176
AZ_LV,2018-07-11,125,,,45,transect_176
AZ_LV,2018-07-11,125,,,22.6,transect_176
AZ_LV,2018-07-11,125,,,16,transect_176
AZ_LV,2018-07-11,125,,,32,transect_176
AZ_LV,2018-07-11,125,,,45,transect_176
AZ_LV,2018-07-11,125,,,11,transect_176
AZ_LV,2018-07-11,125,,,32,transect_176
AZ_LV,2018-07-11,125,,,32,transect_176
AZ_LV,2018-07-11,125,,,90,transect_176
AZ_LV,2018-07-11,125,,,5.6,transect_176
AZ_LV,2018-07-11,125,,,90,transect_176
AZ_LV,2018-07-11,125,,,11,transect_176
AZ_LV,2018-07-11,125,,,45,transect_176
AZ_LV,2018-07-11,125,,,32,transect_176
AZ_LV,2018-07-11,125,,,16,transect_176
AZ_LV,2018-07-11,125,,,45,transect_176
AZ_LV,2018-07-11,125,,,45,transect_176
AZ_LV,2018-07-11,125,,,64,transect_176
AZ_LV,2018-07-11,125,,,16,transect_176
AZ_LV,2018-07-11,125,,,32,transect_176
AZ_LV,2018-07-11,125,,,90,transect_176
AZ_LV,2018-07-11,125,,,90,transect_176
AZ_LV,2018-07-11,125,,,45,transect_176
AZ_LV,2018-07-11,125,,,<2,transect_176
AZ_LV,2018-07-11,125,,,22.6,transect_176
AZ_LV,2018-07-11,125,,,22.6,transect_176
AZ_LV,2018-07-11,125,,,32,transect_176
AZ_LV,2018-07-11,125,,,16,transect_176
AZ_LV,2018-07-11,125,,,128,transect_176
AZ_LV,2018-07-11,125,,,5.6,transect_176
AZ_LV,2018-07-11,125,,,45,transect_176
AZ_LV,2018-07-11,125,,,180,transect_176
AZ_LV,2018-07-11,125,,,128,transect_176
AZ_LV,2018-07-11,125,,,90,transect_176
AZ_LV,2018-07-11,125,,,22.6,transect_176
AZ_LV,2018-07-11,125,,,64,transect_176
AZ_LV,2018-07-11,125,,,22.6,transect_176
AZ_LV,2018-07-11,125,,,90,transect_176
AZ_LV,2018-07-11,125,,,8,transect_176
AZ_LV,2018-07-11,125,,,11,transect_176
AZ_LV,2018-07-11,125,,,64,transect_176
AZ_LV,2018-07-11,125,,,32,transect_176
AZ_LV,2018-07-11,125,,,22.6,transect_176
AZ_LV,2018-07-11,100,,,<2,transect_177
AZ_LV,2018-07-11,100,,,<2,transect_177
AZ_LV,2018-07-11,100,,,45,transect_177
AZ_LV,2018-07-11,100,,,64,transect_177
AZ_LV,2018-07-11,100,,,90,transect_177
AZ_LV,2018-07-11,100,,,64,transect_177
AZ_LV,2018-07-11,100,,,2.8,transect_177
AZ_LV,2018-07-11,100,,,64,transect_177
AZ_LV,2018-07-11,100,,,45,transect_177
AZ_LV,2018-07-11,100,,,32,transect_177
AZ_LV,2018-07-11,100,,,22.6,transect_177
AZ_LV,2018-07-11,100,,,128,transect_177
AZ_LV,2018-07-11,100,,,180,transect_177
AZ_LV,2018-07-11,100,,,180,transect_177
AZ_LV,2018-07-11,100,,,128,transect_177
AZ_LV,2018-07-11,100,,,180,transect_177
AZ_LV,2018-07-11,100,,,180,transect_177
AZ_LV,2018-07-11,100,,,64,transect_177
AZ_LV,2018-07-11,100,,,64,transect_177
AZ_LV,2018-07-11,100,,,90,transect_177
AZ_LV,2018-07-11,100,,,180,transect_177
AZ_LV,2018-07-11,100,,,180,transect_177
AZ_LV,2018-07-11,100,,,180,transect_177
AZ_LV,2018-07-11,100,,,>180,transect_177
AZ_LV,2018-07-11,100,,,32,transect_177
AZ_LV,2018-07-11,100,,,90,transect_177
AZ_LV,2018-07-11,100,,,32,transect_177
AZ_LV,2018-07-11,100,,,128,transect_177
AZ_LV,2018-07-11,100,,,64,transect_177
AZ_LV,2018-07-11,100,,,180,transect_177
AZ_LV,2018-07-11,100,,,128,transect_177
AZ_LV,2018-07-11,100,,,45,transect_177
AZ_LV,2018-07-11,100,,,22.6,transect_177
AZ_LV,2018-07-11,100,,,22.6,transect_177
AZ_LV,2018-07-11,100,,,8,transect_177
AZ_LV,2018-07-11,100,,,2.8,transect_177
AZ_LV,2018-07-11,100,,,22.6,transect_177
AZ_LV,2018-07-11,100,,,32,transect_177
AZ_LV,2018-07-11,100,,,4,transect_177
AZ_LV,2018-07-11,100,,,4,transect_177
AZ_LV,2018-07-11,100,,,<2,transect_177
AZ_LV,2018-07-11,100,,,<2,transect_177
AZ_LV,2018-07-11,100,,,128,transect_177
AZ_LV,2018-07-11,100,,,45,transect_177
AZ_LV,2018-07-11,100,,,64,transect_177
AZ_LV,2018-07-11,100,,,180,transect_177
AZ_LV,2018-07-11,100,,,180,transect_177
AZ_LV,2018-07-11,100,,,128,transect_177
AZ_LV,2018-07-11,100,,,45,transect_177
AZ_LV,2018-07-11,100,,,32,transect_177
AZ_LV,2018-07-11,75,,,<2,transect_178
AZ_LV,2018-07-11,75,,,<2,transect_178
AZ_LV,2018-07-11,75,,,2,transect_178
AZ_LV,2018-07-11,75,,,2,transect_178
AZ_LV,2018-07-11,75,,,45,transect_178
AZ_LV,2018-07-11,75,,,<2,transect_178
AZ_LV,2018-07-11,75,,,64,transect_178
AZ_LV,2018-07-11,75,,,45,transect_178
AZ_LV,2018-07-11,75,,,8,transect_178
AZ_LV,2018-07-11,75,,,5.6,transect_178
AZ_LV,2018-07-11,75,,,45,transect_178
AZ_LV,2018-07-11,75,,,64,transect_178
AZ_LV,2018-07-11,75,,,90,transect_178
AZ_LV,2018-07-11,75,,,180,transect_178
AZ_LV,2018-07-11,75,,,32,transect_178
AZ_LV,2018-07-11,75,,,32,transect_178
AZ_LV,2018-07-11,75,,,128,transect_178
AZ_LV,2018-07-11,75,,,90,transect_178
AZ_LV,2018-07-11,75,,,180,transect_178
AZ_LV,2018-07-11,75,,,180,transect_178
AZ_LV,2018-07-11,75,,,128,transect_178
AZ_LV,2018-07-11,75,,,128,transect_178
AZ_LV,2018-07-11,75,,,90,transect_178
AZ_LV,2018-07-11,75,,,45,transect_178
AZ_LV,2018-07-11,75,,,64,transect_178
AZ_LV,2018-07-11,75,,,<2,transect_178
AZ_LV,2018-07-11,75,,,<2,transect_178
AZ_LV,2018-07-11,75,,,2,transect_178
AZ_LV,2018-07-11,75,,,2.8,transect_178
AZ_LV,2018-07-11,75,,,64,transect_178
AZ_LV,2018-07-11,75,,,90,transect_178
AZ_LV,2018-07-11,75,,,45,transect_178
AZ_LV,2018-07-11,75,,,90,transect_178
AZ_LV,2018-07-11,75,,,16,transect_178
AZ_LV,2018-07-11,75,,,16,transect_178
AZ_LV,2018-07-11,75,,,128,transect_178
AZ_LV,2018-07-11,75,,,5.6,transect_178
AZ_LV,2018-07-11,75,,,128,transect_178
AZ_LV,2018-07-11,75,,,4,transect_178
AZ_LV,2018-07-11,75,,,4,transect_178
AZ_LV,2018-07-11,75,,,2.8,transect_178
AZ_LV,2018-07-11,75,,,90,transect_178
AZ_LV,2018-07-11,75,,,<2,transect_178
AZ_LV,2018-07-11,75,,,<2,transect_178
AZ_LV,2018-07-11,75,,,128,transect_178
AZ_LV,2018-07-11,75,,,180,transect_178
AZ_LV,2018-07-11,75,,,32,transect_178
AZ_LV,2018-07-11,75,,,128,transect_178
AZ_LV,2018-07-11,75,,,64,transect_178
AZ_LV,2018-07-11,75,,,22.6,transect_178
AZ_LV,2018-07-11,50,,,128,transect_179
AZ_LV,2018-07-11,50,,,45,transect_179
AZ_LV,2018-07-11,50,,,64,transect_179
AZ_LV,2018-07-11,50,,,128,transect_179
AZ_LV,2018-07-11,50,,,8,transect_179
AZ_LV,2018-07-11,50,,,32,transect_179
AZ_LV,2018-07-11,50,,,<2,transect_179
AZ_LV,2018-07-11,50,,,22.6,transect_179
AZ_LV,2018-07-11,50,,,<2,transect_179
AZ_LV,2018-07-11,50,,,2.8,transect_179
AZ_LV,2018-07-11,50,,,2.8,transect_179
AZ_LV,2018-07-11,50,,,4,transect_179
AZ_LV,2018-07-11,50,,,<2,transect_179
AZ_LV,2018-07-11,50,,,64,transect_179
AZ_LV,2018-07-11,50,,,11,transect_179
AZ_LV,2018-07-11,50,,,<2,transect_179
AZ_LV,2018-07-11,50,,,180,transect_179
AZ_LV,2018-07-11,50,,,90,transect_179
AZ_LV,2018-07-11,50,,,128,transect_179
AZ_LV,2018-07-11,50,,,180,transect_179
AZ_LV,2018-07-11,50,,,128,transect_179
AZ_LV,2018-07-11,50,,,4,transect_179
AZ_LV,2018-07-11,50,,,22.6,transect_179
AZ_LV,2018-07-11,50,,,64,transect_179
AZ_LV,2018-07-11,50,,,90,transect_179
AZ_LV,2018-07-11,50,,,45,transect_179
AZ_LV,2018-07-11,50,,,128,transect_179
AZ_LV,2018-07-11,50,,,180,transect_179
AZ_LV,2018-07-11,50,,,>180,transect_179
AZ_LV,2018-07-11,50,,,128,transect_179
AZ_LV,2018-07-11,50,,,>180,transect_179
AZ_LV,2018-07-11,50,,,>180,transect_179
AZ_LV,2018-07-11,50,,,180,transect_179
AZ_LV,2018-07-11,50,,,90,transect_179
AZ_LV,2018-07-11,50,,,>180,transect_179
AZ_LV,2018-07-11,50,,,180,transect_179
AZ_LV,2018-07-11,50,,,90,transect_179
AZ_LV,2018-07-11,50,,,128,transect_179
AZ_LV,2018-07-11,50,,,11,transect_179
AZ_LV,2018-07-11,50,,,180,transect_179
AZ_LV,2018-07-11,50,,,8,transect_179
AZ_LV,2018-07-11,50,,,128,transect_179
AZ_LV,2018-07-11,50,,,128,transect_179
AZ_LV,2018-07-11,50,,,90,transect_179
AZ_LV,2018-07-11,50,,,64,transect_179
AZ_LV,2018-07-11,50,,,64,transect_179
AZ_LV,2018-07-11,50,,,45,transect_179
AZ_LV,2018-07-11,50,,,<2,transect_179
AZ_LV,2018-07-11,50,,,<2,transect_179
AZ_LV,2018-07-11,50,,,<2,transect_179
AZ_LV,2018-07-11,25,,,<2,transect_180
AZ_LV,2018-07-11,25,,,<2,transect_180
AZ_LV,2018-07-11,25,,,128,transect_180
AZ_LV,2018-07-11,25,,,90,transect_180
AZ_LV,2018-07-11,25,,,90,transect_180
AZ_LV,2018-07-11,25,,,45,transect_180
AZ_LV,2018-07-11,25,,,64,transect_180
AZ_LV,2018-07-11,25,,,<2,transect_180
AZ_LV,2018-07-11,25,,,<2,transect_180
AZ_LV,2018-07-11,25,,,64,transect_180
AZ_LV,2018-07-11,25,,,32,transect_180
AZ_LV,2018-07-11,25,,,16,transect_180
AZ_LV,2018-07-11,25,,,4,transect_180
AZ_LV,2018-07-11,25,,,2.8,transect_180
AZ_LV,2018-07-11,25,,,4,transect_180
AZ_LV,2018-07-11,25,,,64,transect_180
AZ_LV,2018-07-11,25,,,22.6,transect_180
AZ_LV,2018-07-11,25,,,64,transect_180
AZ_LV,2018-07-11,25,,,90,transect_180
AZ_LV,2018-07-11,25,,,64,transect_180
AZ_LV,2018-07-11,25,,,180,transect_180
AZ_LV,2018-07-11,25,,,180,transect_180
AZ_LV,2018-07-11,25,,,>180,transect_180
AZ_LV,2018-07-11,25,,,>180,transect_180
AZ_LV,2018-07-11,25,,,180,transect_180
AZ_LV,2018-07-11,25,,,128,transect_180
AZ_LV,2018-07-11,25,,,>180,transect_180
AZ_LV,2018-07-11,25,,,180,transect_180
AZ_LV,2018-07-11,25,,,90,transect_180
AZ_LV,2018-07-11,25,,,128,transect_180
AZ_LV,2018-07-11,25,,,90,transect_180
AZ_LV,2018-07-11,25,,,128,transect_180
AZ_LV,2018-07-11,25,,,90,transect_180
AZ_LV,2018-07-11,25,,,45,transect_180
AZ_LV,2018-07-11,25,,,180,transect_180
AZ_LV,2018-07-11,25,,,<2,transect_180
AZ_LV,2018-07-11,25,,,<2,transect_180
AZ_LV,2018-07-11,25,,,4,transect_180
AZ_LV,2018-07-11,25,,,<2,transect_180
AZ_LV,2018-07-11,25,,,<2,transect_180
AZ_LV,2018-07-11,25,,,<2,transect_180
AZ_LV,2018-07-11,25,,,4,transect_180
AZ_LV,2018-07-11,25,,,5.6,transect_180
AZ_LV,2018-07-11,25,,,<2,transect_180
AZ_LV,2018-07-11,25,,,<2,transect_180
AZ_LV,2018-07-11,25,,,32,transect_180
AZ_LV,2018-07-11,25,,,<2,transect_180
AZ_LV,2018-07-11,25,,,>180,transect_180
AZ_LV,2018-07-11,25,,,<2,transect_180
AZ_LV,2018-07-11,25,,,5.6,transect_180
AZ_LV,2018-07-11,0,,,90,transect_181
AZ_LV,2018-07-11,0,,,128,transect_181
AZ_LV,2018-07-11,0,,,45,transect_181
AZ_LV,2018-07-11,0,,,64,transect_181
AZ_LV,2018-07-11,0,,,45,transect_181
AZ_LV,2018-07-11,0,,,180,transect_181
AZ_LV,2018-07-11,0,,,22.6,transect_181
AZ_LV,2018-07-11,0,,,128,transect_181
AZ_LV,2018-07-11,0,,,128,transect_181
AZ_LV,2018-07-11,0,,,180,transect_181
AZ_LV,2018-07-11,0,,,90,transect_181
AZ_LV,2018-07-11,0,,,64,transect_181
AZ_LV,2018-07-11,0,,,180,transect_181
AZ_LV,2018-07-11,0,,,90,transect_181
AZ_LV,2018-07-11,0,,,90,transect_181
AZ_LV,2018-07-11,0,,,64,transect_181
AZ_LV,2018-07-11,0,,,45,transect_181
AZ_LV,2018-07-11,0,,,45,transect_181
AZ_LV,2018-07-11,0,,,90,transect_181
AZ_LV,2018-07-11,0,,,180,transect_181
AZ_LV,2018-07-11,0,,,64,transect_181
AZ_LV,2018-07-11,0,,,5.6,transect_181
AZ_LV,2018-07-11,0,,,32,transect_181
AZ_LV,2018-07-11,0,,,128,transect_181
AZ_LV,2018-07-11,0,,,180,transect_181
AZ_LV,2018-07-11,0,,,16,transect_181
AZ_LV,2018-07-11,0,,,8,transect_181
AZ_LV,2018-07-11,0,,,45,transect_181
AZ_LV,2018-07-11,0,,,<2,transect_181
AZ_LV,2018-07-11,0,,,<2,transect_181
AZ_LV,2018-07-11,0,,,<2,transect_181
AZ_LV,2018-07-11,0,,,>180 ,transect_181
AZ_LV,2018-07-11,0,,,2.8,transect_181
AZ_LV,2018-07-11,0,,,11,transect_181
AZ_LV,2018-07-11,0,,,8,transect_181
AZ_LV,2018-07-11,0,,,64,transect_181
AZ_LV,2018-07-11,0,,,16,transect_181
AZ_LV,2018-07-11,0,,,90,transect_181
AZ_LV,2018-07-11,0,,,64,transect_181
AZ_LV,2018-07-11,0,,,64,transect_181
AZ_LV,2018-07-11,0,,,90,transect_181
AZ_LV,2018-07-11,0,,,90,transect_181
AZ_LV,2018-07-11,0,,,64,transect_181
AZ_LV,2018-07-11,0,,,128,transect_181
AZ_LV,2018-07-11,0,,,64,transect_181
AZ_LV,2018-07-11,0,,,45,transect_181
AZ_LV,2018-07-11,0,,,5.6,transect_181
AZ_LV,2018-07-11,0,,,64,transect_181
AZ_LV,2018-07-11,0,,,90,transect_181
AZ_LV,2018-07-11,0,,,128,transect_181
AZ_OC,2018-03-06,0,,,2,transect_0
AZ_OC,2018-03-06,0,,,2,transect_0
AZ_OC,2018-03-06,0,,,2,transect_0
AZ_OC,2018-03-06,0,,,2,transect_0
AZ_OC,2018-03-06,0,,,2,transect_0
AZ_OC,2018-03-06,0,,,2,transect_0
AZ_OC,2018-03-06,0,,,2,transect_0
AZ_OC,2018-03-06,0,,,2,transect_0
AZ_OC,2018-03-06,15,,,TOO DEEP,transect_15
AZ_OC,2018-03-06,30,,,roots,transect_30
AZ_OC,2018-03-06,30,,,64,transect_30
AZ_OC,2018-03-06,30,,,boulder,transect_30
AZ_OC,2018-03-06,30,,,90,transect_30
AZ_OC,2018-03-06,30,,,45,transect_30
AZ_OC,2018-03-06,30,,,90,transect_30
AZ_OC,2018-03-06,30,,,boulder,transect_30
AZ_OC,2018-03-06,30,,,boulder,transect_30
AZ_OC,2018-03-06,30,,,boulder,transect_30
AZ_OC,2018-03-06,30,,,boulder,transect_30
AZ_OC,2018-03-06,30,,,boulder,transect_30
AZ_OC,2018-03-06,30,,,bedrock,transect_30
AZ_OC,2018-03-06,30,,,bedrock,transect_30
AZ_OC,2018-03-06,45,,,bedrock,transect_45
AZ_OC,2018-03-06,45,,,2,transect_45
AZ_OC,2018-03-06,45,,,2,transect_45
AZ_OC,2018-03-06,45,,,64,transect_45
AZ_OC,2018-03-06,45,,,bedrock,transect_45
AZ_OC,2018-03-06,45,,,bedrock,transect_45
AZ_OC,2018-03-06,45,,,2,transect_45
AZ_OC,2018-03-06,45,,,45,transect_45
AZ_OC,2018-03-06,45,,,boulder,transect_45
AZ_OC,2018-03-06,45,,,128,transect_45
AZ_OC,2018-03-06,45,,,boulder,transect_45
AZ_OC,2018-03-06,45,,,boulder,transect_45
AZ_OC,2018-03-06,45,,,bedrock,transect_45
AZ_OC,2018-03-06,60,,,bedrock,transect_60
AZ_OC,2018-03-06,60,,,32,transect_60
AZ_OC,2018-03-06,60,,,boulder,transect_60
AZ_OC,2018-03-06,60,,,90,transect_60
AZ_OC,2018-03-06,60,,,boulder,transect_60
AZ_OC,2018-03-06,60,,,boulder,transect_60
AZ_OC,2018-03-06,60,,,boulder,transect_60
AZ_OC,2018-03-06,60,,,bedrock,transect_60
AZ_OC,2018-03-06,60,,,boulder,transect_60
AZ_OC,2018-03-06,60,,,boulder,transect_60
AZ_OC,2018-03-06,60,,,2,transect_60
AZ_OC,2018-03-06,60,,,boulder,transect_60
AZ_OC,2018-03-06,75,,,boulder,transect_75
AZ_OC,2018-03-06,75,,,64,transect_75
AZ_OC,2018-03-06,75,,,boulder,transect_75
AZ_OC,2018-03-06,75,,,64,transect_75
AZ_OC,2018-03-06,75,,,45,transect_75
AZ_OC,2018-03-06,75,,,boulder,transect_75
AZ_OC,2018-03-06,75,,,boulder,transect_75
AZ_OC,2018-03-06,75,,,boulder,transect_75
AZ_OC,2018-03-06,75,,,90,transect_75
AZ_OC,2018-03-06,75,,,boulder,transect_75
AZ_OC,2018-03-06,75,,,2,transect_75
AZ_OC,2018-03-06,90,,,2,transect_90
AZ_OC,2018-03-06,90,,,2,transect_90
AZ_OC,2018-03-06,90,,,boulder,transect_90
AZ_OC,2018-03-06,90,,,land,transect_90
AZ_OC,2018-03-06,90,,,boulder,transect_90
AZ_OC,2018-03-06,90,,,boulder,transect_90
AZ_OC,2018-03-06,90,,,90,transect_90
AZ_OC,2018-03-06,90,,,180,transect_90
AZ_OC,2018-03-06,90,,,boulder,transect_90
AZ_OC,2018-03-06,90,,,boulder,transect_90
AZ_OC,2018-03-06,90,,,180,transect_90
AZ_OC,2018-03-06,90,,,22.6,transect_90
AZ_OC,2018-03-06,90,,,22.6,transect_90
AZ_OC,2018-03-06,90,,,11,transect_90
AZ_OC,2018-03-06,90,,,2,transect_90
AZ_OC,2018-03-06,105,,,2,transect_105
AZ_OC,2018-03-06,105,,,2,transect_105
AZ_OC,2018-03-06,105,,,45,transect_105
AZ_OC,2018-03-06,105,,,boulder,transect_105
AZ_OC,2018-03-06,105,,,boulder,transect_105
AZ_OC,2018-03-06,105,,,boulder,transect_105
AZ_OC,2018-03-06,105,,,boulder,transect_105
AZ_OC,2018-03-06,105,,,boulder,transect_105
AZ_OC,2018-03-06,105,,,boulder,transect_105
AZ_OC,2018-03-06,105,,,boulder,transect_105
AZ_OC,2018-03-06,105,,,boulder,transect_105
AZ_OC,2018-03-06,105,,,boulder,transect_105
AZ_OC,2018-03-06,105,,,boulder,transect_105
AZ_OC,2018-03-06,105,,,128,transect_105
AZ_OC,2018-03-06,105,,,boulder,transect_105
AZ_OC,2018-03-06,105,,,boulder,transect_105
AZ_OC,2018-03-06,105,,,boulder,transect_105
AZ_OC,2018-03-06,105,,,boulder,transect_105
AZ_OC,2018-03-06,105,,,2,transect_105
AZ_OC,2018-03-06,105,,,2,transect_105
AZ_OC,2018-03-06,120,,,2,transect_120
AZ_OC,2018-03-06,120,,,90,transect_120
AZ_OC,2018-03-06,120,,,90,transect_120
AZ_OC,2018-03-06,120,,,128,transect_120
AZ_OC,2018-03-06,120,,,180,transect_120
AZ_OC,2018-03-06,120,,,16,transect_120
AZ_OC,2018-03-06,120,,,boulder,transect_120
AZ_OC,2018-03-06,120,,,32,transect_120
AZ_OC,2018-03-06,120,,,128,transect_120
AZ_OC,2018-03-06,120,,,boulder,transect_120
AZ_OC,2018-03-06,120,,,90,transect_120
AZ_OC,2018-03-06,120,,,boulder,transect_120
AZ_OC,2018-03-06,120,,,boulder,transect_120
AZ_OC,2018-03-06,120,,,boulder,transect_120
AZ_OC,2018-03-06,120,,,bedrock,transect_120
AZ_OC,2018-03-06,120,,,boulder,transect_120
AZ_OC,2018-03-06,120,,,128,transect_120
AZ_OC,2018-03-06,120,,,2,transect_120
AZ_OC,2018-03-06,135,,,128,transect_135
AZ_OC,2018-03-06,135,,,boulder,transect_135
AZ_OC,2018-03-06,135,,,boulder,transect_135
AZ_OC,2018-03-06,135,,,boulder,transect_135
AZ_OC,2018-03-06,135,,,boulder,transect_135
AZ_OC,2018-03-06,135,,,16,transect_135
AZ_OC,2018-03-06,135,,,64,transect_135
AZ_OC,2018-03-06,135,,,32,transect_135
AZ_OC,2018-03-06,135,,,64,transect_135
AZ_OC,2018-03-06,135,,,boulder,transect_135
AZ_OC,2018-03-06,135,,,bedrock,transect_135
AZ_OC,2018-03-06,135,,,bedrock,transect_135
AZ_OC,2018-03-06,135,,,bedrock,transect_135
AZ_OC,2018-03-06,150,,,128,transect_150
AZ_OC,2018-03-06,150,,,180,transect_150
AZ_OC,2018-03-06,150,,,90,transect_150
AZ_OC,2018-03-06,150,,,128,transect_150
AZ_OC,2018-03-06,150,,,64,transect_150
AZ_OC,2018-03-06,150,,,64,transect_150
AZ_OC,2018-03-06,150,,,boulder,transect_150
AZ_OC,2018-03-06,150,,,180,transect_150
AZ_OC,2018-03-06,150,,,90,transect_150
AZ_OC,2018-03-06,150,,,32,transect_150
AZ_OC,2018-03-06,150,,,90,transect_150
AZ_OC,2018-03-06,150,,,128,transect_150
AZ_OC,2018-03-06,150,,,boulder,transect_150
AZ_OC,2018-03-06,150,,,boulder,transect_150
AZ_OC,2018-03-06,165,,,0,transect_165
AZ_OC,2018-03-06,165,,,boulder,transect_165
AZ_OC,2018-03-06,165,,,boulder,transect_165
AZ_OC,2018-03-06,165,,,boulder,transect_165
AZ_OC,2018-03-06,165,,,boulder,transect_165
AZ_OC,2018-03-06,165,,,boulder,transect_165
AZ_OC,2018-03-06,165,,,boulder,transect_165
AZ_OC,2018-03-06,165,,,64,transect_165
AZ_OC,2018-03-06,165,,,boulder,transect_165
AZ_OC,2018-03-06,165,,,boulder,transect_165
AZ_OC,2018-03-06,165,,,boulder,transect_165
AZ_OC,2018-03-06,165,,,boulder,transect_165
AZ_OC,2018-03-06,165,,,64,transect_165
AZ_OC,2018-03-06,165,,,boulder,transect_165
AZ_OC,2018-03-06,165,,,180,transect_165
AZ_OC,2018-03-06,165,,,128,transect_165
AZ_OC,2018-03-06,165,,,2,transect_165
AZ_OC,2018-03-06,165,,,boulder,transect_165
AZ_OC,2018-03-06,180,,,2,transect_180
AZ_OC,2018-03-06,180,,,boulder,transect_180
AZ_OC,2018-03-06,180,,,2,transect_180
AZ_OC,2018-03-06,180,,,2,transect_180
AZ_OC,2018-03-06,180,,,2,transect_180
AZ_OC,2018-03-06,180,,,2,transect_180
AZ_OC,2018-03-06,180,,,2,transect_180
AZ_OC,2018-03-06,180,,,64,transect_180
AZ_OC,2018-03-06,180,,,boulder,transect_180
AZ_OC,2018-03-06,180,,,90,transect_180
AZ_OC,2018-03-06,180,,,180,transect_180
AZ_OC,2018-03-06,180,,,2,transect_180
AZ_OC,2018-03-06,180,,,2,transect_180
AZ_OC,2018-03-06,180,,,2,transect_180
AZ_OC,2018-03-06,180,,,2,transect_180
AZ_OC,2018-03-06,180,,,2,transect_180
AZ_OC,2018-03-06,180,,,2,transect_180
AZ_OC,2018-03-06,180,,,128,transect_180
AZ_OC,2018-03-06,180,,,90,transect_180
AZ_OC,2018-03-06,180,,,180,transect_180
AZ_OC,2018-03-06,200,,,2,transect_200
AZ_OC,2018-03-06,200,,,64,transect_200
AZ_OC,2018-03-06,200,,,90,transect_200
AZ_OC,2018-03-06,200,,,90,transect_200
AZ_OC,2018-03-06,200,,,90,transect_200
AZ_OC,2018-03-06,200,,,45,transect_200
AZ_OC,2018-03-06,200,,,90,transect_200
AZ_OC,2018-03-06,200,,,90,transect_200
AZ_OC,2018-03-06,200,,,180,transect_200
AZ_OC,2018-03-06,200,,,8,transect_200
AZ_OC,2018-03-06,200,,,16,transect_200
AZ_OC,2018-03-06,200,,,180,transect_200
AZ_OC,2018-03-06,200,,,8,transect_200
AZ_OC,2018-03-06,200,,,16,transect_200
AZ_OC,2018-03-06,200,,,boulder,transect_200
AZ_OC,2018-03-06,200,,,boulder,transect_200
AZ_OC,2018-03-06,200,,,boulder,transect_200
AZ_OC,2018-03-06,200,,,boulder,transect_200
AZ_OC,2018-03-06,200,,,bedrock,transect_200
AZ_OC,2018-03-06,200,,,bedrock,transect_200
AZ_OC,2018-03-06,215,,,2,transect_215
AZ_OC,2018-03-06,215,,,128,transect_215
AZ_OC,2018-03-06,215,,,45,transect_215
AZ_OC,2018-03-06,215,,,2.8,transect_215
AZ_OC,2018-03-06,215,,,45,transect_215
AZ_OC,2018-03-06,215,,,16,transect_215
AZ_OC,2018-03-06,215,,,16,transect_215
AZ_OC,2018-03-06,215,,,16,transect_215
AZ_OC,2018-03-06,215,,,16,transect_215
AZ_OC,2018-03-06,215,,,22.6,transect_215
AZ_OC,2018-03-06,215,,,11,transect_215
AZ_OC,2018-03-06,215,,,32,transect_215
AZ_OC,2018-03-06,215,,,2,transect_215
AZ_OC,2018-03-06,215,,,2,transect_215
AZ_OC,2018-03-06,235,,,180,transect_235
AZ_OC,2018-03-06,235,,,boulder,transect_235
AZ_OC,2018-03-06,235,,,128,transect_235
AZ_OC,2018-03-06,235,,,boulder,transect_235
AZ_OC,2018-03-06,235,,,90,transect_235
AZ_OC,2018-03-06,235,,,64,transect_235
AZ_OC,2018-03-06,235,,,45,transect_235
AZ_OC,2018-03-06,235,,,90,transect_235
AZ_OC,2018-03-06,235,,,64,transect_235
AZ_OC,2018-03-06,235,,,22.6,transect_235
AZ_OC,2018-03-06,235,,,bedrock,transect_235
